Abano Terme	45.3603142	11.7897833	PD	Veneto	35031
Abbadia Cerreto	45.3119118	9.5942124	LO	Lombardia	26834
Abbadia Lariana	45.9000453	9.3340562	LC	Lombardia	23821
Abbadia San Salvatore	42.8809724	11.6724203	SI	Toscana	53021
Abbasanta	40.1267520	8.8180270	OR	Sardegna	09071
Abbateggio	42.2251370	14.0111060	PE	Abruzzo	65020
Abbiategrasso	45.3987330	8.9162299	MI	Lombardia	20081
Abetone Cutigliano	44.1248638	10.7112279	PT	Toscana	51024
Abriola	40.5078822	15.8137603	PZ	Basilicata	85010
Acate	37.0250400	14.4929810	RG	Sicilia	97011
Accadia	41.1588240	15.3314500	FG	Puglia	71021
Acceglio	44.4746270	6.9909180	CN	Piemonte	12021
Accettura	40.4910160	16.1579770	MT	Basilicata	75011
Acciano	42.1765004	13.7178999	AQ	Abruzzo	67020
Accumoli	42.6941410	13.2476830	RI	Lazio	02011
Acerenza	40.7921210	15.9365680	PZ	Basilicata	85011
Acerno	40.7377130	15.0569490	SA	Campania	84042
Acerra	40.9460532	14.3750083	NA	Campania	80011
Aci Bonaccorsi	37.5976868	15.1079366	CT	Sicilia	95020
Aci Castello	37.5542111	15.1485600	CT	Sicilia	95021
Aci Catena	37.6025700	15.1419604	CT	Sicilia	95022
Aci Sant'Antonio	37.6063923	15.1268948	CT	Sicilia	95025
Acireale	37.6127773	15.1658804	CT	Sicilia	95024
Acquafondata	41.5428220	13.9528150	FR	Lazio	03040
Acquaformosa	39.7231000	16.0898850	CS	Calabria	87010
Acquafredda	45.3073780	10.4146770	BS	Lombardia	25010
Acqualagna	43.6258843	12.6759738	PU	Marche	61041
Acquanegra Cremonese	45.1684360	9.8901470	CR	Lombardia	26020
Acquanegra sul Chiese	45.1624750	10.4346800	MN	Lombardia	46011
Acquapendente	42.7439961	11.8649880	VT	Lazio	01021
Acquappesa	39.4936950	15.9520840	CS	Calabria	87020
Acquaro	38.5547790	16.1872000	VV	Calabria	89832
Acquasanta Terme	42.7699440	13.4101850	AP	Marche	63095
Acquasparta	42.6911725	12.5464506	TR	Umbria	05021
Acquaviva Collecroce	41.8675905	14.7467926	CB	Molise	86030
Acquaviva d'Isernia	41.6721260	14.1489170	IS	Molise	86080
Acquaviva delle Fonti	40.8978290	16.8424870	BA	Puglia	70021
Acquaviva Picena	42.9444133	13.8121404	AP	Marche	63075
Acquaviva Platani	37.5719991	13.7028911	CL	Sicilia	93010
Acquedolci	38.0560399	14.5819013	ME	Sicilia	98070
Acqui Terme	44.6751450	8.4675460	AL	Piemonte	15011
Acri	39.4930050	16.3849498	CS	Calabria	87041
Acuto	41.7915210	13.1743940	FR	Lazio	03010
Adelfia	41.0042654	16.8716526	BA	Puglia	70010
Adrano	37.6617770	14.8330990	CT	Sicilia	95031
Adrara San Martino	45.6999454	9.9489353	BG	Lombardia	24060
Adrara San Rocco	45.7139859	9.9587050	BG	Lombardia	24060
Adria	45.0531228	12.0572000	RO	Veneto	45011
Adro	45.6224015	9.9613760	BS	Lombardia	25030
Affi	45.5540914	10.7764241	VR	Veneto	37010
Affile	41.8841220	13.0953910	RM	Lazio	00021
Afragola	40.9260120	14.3108310	NA	Campania	80021
Africo	38.0834612	15.9650588	RC	Calabria	89030
Agazzano	44.9468095	9.5200526	PC	Emilia-Romagna	29010
Agerola	40.6377070	14.5388390	NA	Campania	80051
Aggius	40.9293453	9.0652223	SS	Sardegna	07020
Agira	37.6561510	14.5215750	EN	Sicilia	94011
Agliana	43.9038155	11.0033961	PT	Toscana	51031
Agliano Terme	44.7910116	8.2499878	AT	Piemonte	14041
Agliè	45.3670550	7.7669180	TO	Piemonte	10011
Aglientu	41.0795730	9.1127190	SS	Sardegna	07020
Agna	45.1701644	11.9607309	PD	Veneto	35021
Agnadello	45.4443740	9.5570560	CR	Lombardia	26020
Agnana Calabra	38.3026740	16.2229040	RC	Calabria	89040
Agnone	41.8095612	14.3770463	IS	Molise	86081
Agnosine	45.6506760	10.3533352	BS	Lombardia	25071
Agordo	46.2821471	12.0349810	BL	Veneto	32021
Agosta	41.9816240	13.0326880	RM	Lazio	00020
Agra	46.0350465	8.7717205	VA	Lombardia	21010
Agrate Brianza	45.5761735	9.3509475	MB	Lombardia	20864
Agrate Conturbia	45.6758370	8.5598116	NO	Piemonte	28010
Agrigento	37.3122991	13.5746500	AG	Sicilia	92100
Agropoli	40.3469050	14.9965530	SA	Campania	84043
Agugliano	43.5433754	13.3865869	AN	Marche	60020
Agugliaro	45.3253890	11.5842030	VI	Veneto	36020
Aicurzio	45.6399770	9.4149490	MB	Lombardia	20886
Aidomaggiore	40.1707530	8.8565270	OR	Sardegna	09070
Aidone	37.4154209	14.4452760	EN	Sicilia	94010
Aielli	42.0802826	13.5905433	AQ	Abruzzo	67041
Aiello Calabro	39.1174689	16.1666633	CS	Calabria	87031
Aiello del Friuli	45.8729219	13.3636275	UD	Friuli-Venezia Giulia	33041
Aiello del Sabato	40.8871935	14.8194483	AV	Campania	83020
Aieta	39.9285754	15.8239803	CS	Calabria	87020
Ailano	41.3906237	14.2031994	CE	Campania	81010
Ailoche	45.6982914	8.2212127	BI	Piemonte	13861
Airasca	44.9170420	7.4843210	TO	Piemonte	10060
Airola	41.0610225	14.5584304	BN	Campania	82011
Airole	43.8710380	7.5541812	IM	Liguria	18030
Airuno	45.7538800	9.4242470	LC	Lombardia	23881
Aisone	44.3139250	7.2196260	CN	Piemonte	12010
Ala	45.7579008	11.0018179	TN	Trentino-Alto Adige	38061
Alà dei Sardi	40.6500660	9.3278290	SS	Sardegna	07020
Ala di Stura	45.3151500	7.3059090	TO	Piemonte	10070
Alagna	45.1698610	8.8898460	PV	Lombardia	27020
Alagna Valsesia	45.8512107	7.9371767	VC	Piemonte	13021
Alanno	42.2943877	13.9696770	PE	Abruzzo	65020
Alano di Piave	45.9078030	11.9081948	BL	Veneto	32031
Alassio	44.0080109	8.1730265	SV	Liguria	17021
Alatri	41.7265029	13.3423028	FR	Lazio	03011
Alba	44.7007236	8.0357786	CN	Piemonte	12051
Alba Adriatica	42.8343422	13.9278160	TE	Abruzzo	64011
Albagiara	39.7876460	8.8620320	OR	Sardegna	09090
Albairate	45.4211259	8.9381357	MI	Lombardia	20080
Albanella	40.4784224	15.1166081	SA	Campania	84044
Albano di Lucania	40.5844447	16.0367155	PZ	Basilicata	85010
Albano Laziale	41.7288894	12.6582689	RM	Lazio	00041
Albano Sant'Alessandro	45.6864820	9.7706560	BG	Lombardia	24061
Albano Vercellese	45.4253071	8.3809935	VC	Piemonte	13030
Albaredo Arnaboldi	45.1153250	9.2479586	PV	Lombardia	27040
Albaredo d'Adige	45.3170457	11.2744882	VR	Veneto	37041
Albaredo per San Marco	46.1034900	9.5900440	SO	Lombardia	23010
Albareto	44.4465510	9.6999770	PR	Emilia-Romagna	43051
Albaretto della Torre	44.5959108	8.0640642	CN	Piemonte	12050
Albavilla	45.8031171	9.1884829	CO	Lombardia	22031
Albenga	44.0492503	8.2131239	SV	Liguria	17031
Albera Ligure	44.7023510	9.0661580	AL	Piemonte	15060
Alberobello	40.7841242	17.2377031	BA	Puglia	70011
Alberona	41.4327280	15.1230420	FG	Puglia	71031
Albese con Cassano	45.8116350	9.1685628	CO	Lombardia	22032
Albettone	45.3581499	11.5814745	VI	Veneto	36020
Albi	39.0249900	16.5964040	CZ	Calabria	88055
Albiano	46.1449060	11.1934790	TN	Trentino-Alto Adige	38041
Albiano d'Ivrea	45.4329590	7.9506210	TO	Piemonte	10010
Albiate	45.6589901	9.2557963	MB	Lombardia	20847
Albidona	39.9241209	16.4698691	CS	Calabria	87070
Albignasego	45.3474920	11.8672090	PD	Veneto	35020
Albinea	44.6201821	10.6019259	RE	Emilia-Romagna	42020
Albino	45.7606610	9.7969489	BG	Lombardia	24021
Albiolo	45.8067961	8.9392779	CO	Lombardia	22070
Albisola Superiore	44.3398380	8.5093530	SV	Liguria	17011
Albissola Marina	44.3272793	8.5031016	SV	Liguria	17012
Albizzate	45.7239432	8.8031311	VA	Lombardia	21041
Albonese	45.2944385	8.7063220	PV	Lombardia	27020
Albosaggia	46.1472316	9.8531698	SO	Lombardia	23010
Albugnano	45.0779664	7.9711535	AT	Piemonte	14022
Albuzzano	45.1866257	9.2750400	PV	Lombardia	27010
Alcamo	37.9766497	12.9626735	TP	Sicilia	91011
Alcara li Fusi	38.0213177	14.7013957	ME	Sicilia	98070
Aldeno	45.9767795	11.0908573	TN	Trentino-Alto Adige	38060
Aldino	46.3686753	11.3543243	BZ	Trentino-Alto Adige	39040
Ales	39.7682450	8.8156320	OR	Sardegna	09091
Alessandria	44.9129069	8.6153899	AL	Piemonte	15121,15122
Alessandria del Carretto	39.9581070	16.3794880	CS	Calabria	87070
Alessandria della Rocca	37.5700419	13.4546092	AG	Sicilia	92010
Alessano	39.8896785	18.3312082	LE	Puglia	73031
Alezio	40.0613210	18.0582240	LE	Puglia	73011
Alfano	40.1775050	15.4251650	SA	Campania	84040
Alfedena	41.7339376	14.0343937	AQ	Abruzzo	67030
Alfianello	45.2669750	10.1481720	BS	Lombardia	25020
Alfiano Natta	45.0485520	8.2083340	AL	Piemonte	15021
Alfonsine	44.5053847	12.0411805	RA	Emilia-Romagna	48011
Alghero	40.5600205	8.3151473	SS	Sardegna	07041
Algua	45.8261850	9.7221520	BG	Lombardia	24010
Alì	38.0273640	15.4176890	ME	Sicilia	98020
Alì Terme	38.0050640	15.4226900	ME	Sicilia	98021
Alia	37.7799480	13.7138560	PA	Sicilia	90021
Aliano	40.3113743	16.2320074	MT	Basilicata	75010
Alice Bel Colle	44.7260460	8.4507450	AL	Piemonte	15010
Alice Castello	45.3651580	8.0729250	VC	Piemonte	13040
Alife	41.3261200	14.3340260	CE	Campania	81011
Alimena	37.6934756	14.1146510	PA	Sicilia	90020
Aliminusa	37.8645090	13.7811604	PA	Sicilia	90020
Allai	39.9571730	8.8630765	OR	Sardegna	09080
Alleghe	46.4066372	12.0214638	BL	Veneto	32022
Allein	45.8078386	7.2725119	AO	Valle d'Aosta	11010
Allerona	42.8120330	11.9730530	TR	Umbria	05011
Alliste	39.9486180	18.0888260	LE	Puglia	73040
Allumiere	42.1562180	11.9038323	RM	Lazio	00051
Alluvioni Piovera	44.9824635	8.7523976	AL	Piemonte	15047
Almè	45.7370097	9.6147850	BG	Lombardia	24011
Almenno San Bartolomeo	45.7426810	9.5822510	BG	Lombardia	24030
Almenno San Salvatore	45.7499556	9.5963684	BG	Lombardia	24031
Almese	45.1168763	7.3945500	TO	Piemonte	10040
Alonte	45.3650367	11.4273627	VI	Veneto	36045
Alpago	46.1306681	12.3548944	BL	Veneto	32016
Alpette	45.4089160	7.5789780	TO	Piemonte	10080
Alpignano	45.0957237	7.5254027	TO	Piemonte	10091
Alseno	44.8983640	9.9613740	PC	Emilia-Romagna	29010
Alserio	45.7791026	9.1995294	CO	Lombardia	22040
Alta Val Tidone	44.9199770	9.3471820	PC	Emilia-Romagna	29031
Alta Valle Intelvi	45.9808643	9.0418748	CO	Lombardia	22024
Altamura	40.8285595	16.5527314	BA	Puglia	70022
Altare	44.3359819	8.3399306	SV	Liguria	17041
Altavalle	46.2166529	11.2529504	TN	Trentino-Alto Adige	38092
Altavilla Irpina	41.0061600	14.7776788	AV	Campania	83011
Altavilla Milicia	38.0427339	13.5508934	PA	Sicilia	90010
Altavilla Monferrato	44.9935520	8.3759380	AL	Piemonte	15041
Altavilla Silentina	40.5302405	15.1310307	SA	Campania	84045
Altavilla Vicentina	45.5084288	11.4706863	VI	Veneto	36077
Altidona	43.1092251	13.7998781	FM	Marche	63824
Altilia	39.1304900	16.2526950	CS	Calabria	87040
Altino	42.0993370	14.3316150	CH	Abruzzo	66040
Altissimo	45.6147390	11.2512582	VI	Veneto	36070
Altivole	45.7540029	11.9553621	TV	Veneto	31030
Alto	44.1089458	8.0030740	CN	Piemonte	12070
Alto Reno Terme	44.1239131	10.9372161	BO	Emilia-Romagna	40046
Alto Sermenza	45.8726585	8.0381574	VC	Piemonte	13029
Altofonte	38.0445669	13.2987019	PA	Sicilia	90030
Altomonte	39.6978818	16.1271277	CS	Calabria	87042
Altopascio	43.8150413	10.6743961	LU	Toscana	55011
Altopiano della Vigolana	45.9845328	11.1997542	TN	Trentino-Alto Adige	38049
Alviano	42.5882078	12.2959357	TR	Umbria	05020
Alvignano	41.2447180	14.3356270	CE	Campania	81012
Alvito	41.6884643	13.7432643	FR	Lazio	03041
Alzano Lombardo	45.7336026	9.7304940	BG	Lombardia	24022
Alzano Scrivia	45.0180570	8.8806490	AL	Piemonte	15050
Alzate Brianza	45.7697780	9.1820410	CO	Lombardia	22040
Amalfi	40.6336700	14.6026095	SA	Campania	84011
Amandola	42.9799650	13.3560847	FM	Marche	63857
Amantea	39.1331890	16.0745910	CS	Calabria	87032
Amaro	46.3740306	13.0953599	UD	Friuli-Venezia Giulia	33020
Amaroni	38.7930850	16.4481030	CZ	Calabria	88050
Amaseno	41.4678150	13.3360020	FR	Lazio	03021
Amato	38.9417880	16.4622020	CZ	Calabria	88040
Amatrice	42.6292367	13.2891755	RI	Lazio	02012
Ambivere	45.7195800	9.5501500	BG	Lombardia	24030
Amblar-Don	46.3850244	11.1721592	TN	Trentino-Alto Adige	38011
Ameglia	44.0659288	9.9574096	SP	Liguria	19031
Amelia	42.5535279	12.4167756	TR	Umbria	05022
Amendolara	39.9524383	16.5822838	CS	Calabria	87071
Ameno	45.7886563	8.4413106	NO	Piemonte	28010
Amorosi	41.2029177	14.4616360	BN	Campania	82031
Ampezzo	46.4170855	12.7902735	UD	Friuli-Venezia Giulia	33021
Anacapri	40.5557130	14.2136104	NA	Campania	80071
Anagni	41.7447200	13.1526940	FR	Lazio	03012
Ancarano	42.8360480	13.7393920	TE	Abruzzo	64010
Ancona	43.6170137	13.5170982	AN	Marche	60121,60122,60123,60124,60125,60126,60127,60128,60129,60130,60131
Andali	39.0133910	16.7684070	CZ	Calabria	88050
Andalo	46.1661363	11.0034020	TN	Trentino-Alto Adige	38010
Andalo Valtellino	46.1336397	9.4735483	SO	Lombardia	23014
Andezeno	45.0377480	7.8705270	TO	Piemonte	10020
Andora	43.9519286	8.1456487	SV	Liguria	17051
Andorno Micca	45.6092640	8.0527200	BI	Piemonte	13811
Andrano	39.9830189	18.3822022	LE	Puglia	73032
Andrate	45.5273600	7.8803180	TO	Piemonte	10010
Andreis	46.2004998	12.6136700	PN	Friuli-Venezia Giulia	33080
Andretta	40.9384755	15.3277502	AV	Campania	83040
Andria	41.2275731	16.2954806	BT	Puglia	76123
Andriano	46.5176161	11.2313730	BZ	Trentino-Alto Adige	39010
Anela	40.4417600	9.0574270	SS	Sardegna	07010
Anfo	45.7663900	10.4937710	BS	Lombardia	25070
Angera	45.7721876	8.5751222	VA	Lombardia	21021
Anghiari	43.5409662	12.0545815	AR	Toscana	52031
Angiari	45.2181419	11.2839075	VR	Veneto	37050
Angolo Terme	45.8910363	10.1460986	BS	Lombardia	25040
Angri	40.7376592	14.5722829	SA	Campania	84012
Angrogna	44.8435821	7.2238156	TO	Piemonte	10060
Anguillara Sabazia	42.0837101	12.2830132	RM	Lazio	00061
Anguillara Veneta	45.1393548	11.8877456	PD	Veneto	35022
Annicco	45.2445720	9.8794660	CR	Lombardia	26021
Annone di Brianza	45.8073199	9.3325797	LC	Lombardia	23841
Annone Veneto	45.7955100	12.6842200	VE	Veneto	30020
Anoia	38.4361921	16.0806328	RC	Calabria	89020
Antegnate	45.4864770	9.7914600	BG	Lombardia	24051
Anterivo	46.2797467	11.3679611	BZ	Trentino-Alto Adige	39040
Antey-Saint-André	45.8047510	7.5929626	AO	Valle d'Aosta	11020
Anticoli Corrado	42.0095240	12.9890870	RM	Lazio	00022
Antignano	44.8450593	8.1348403	AT	Piemonte	14010
Antillo	37.9772620	15.2447860	ME	Sicilia	98030
Antonimina	38.2722730	16.1484020	RC	Calabria	89040
Antrodoco	42.4161340	13.0786830	RI	Lazio	02013
Antrona Schieranco	46.0568802	8.0964599	VB	Piemonte	28841
Anversa degli Abruzzi	41.9940179	13.8040518	AQ	Abruzzo	67030
Anzano del Parco	45.7698325	9.1993257	CO	Lombardia	22040
Anzano di Puglia	41.1225230	15.2844500	FG	Puglia	71020
Anzi	40.5166150	15.9245710	PZ	Basilicata	85010
Anzio	41.4471008	12.6285618	RM	Lazio	00042
Anzola d'Ossola	45.9889760	8.3445190	VB	Piemonte	28877
Anzola dell'Emilia	44.5466843	11.1933259	BO	Emilia-Romagna	40011
Aosta	45.7370885	7.3196649	AO	Valle d'Aosta	11100
Apecchio	43.5585540	12.4209510	PU	Marche	61042
Apice	41.1184185	14.9313689	BN	Campania	82021
Apiro	43.3922565	13.1311567	MC	Marche	62021
Apollosa	41.0941180	14.7053370	BN	Campania	82030
Appiano Gentile	45.7346371	8.9791010	CO	Lombardia	22070
Appiano sulla strada del vino	46.4619083	11.2608674	BZ	Trentino-Alto Adige	39057
Appignano	43.3637323	13.3465961	MC	Marche	62010
Appignano del Tronto	42.8986697	13.6663867	AP	Marche	63083
Aprica	46.1534239	10.1522829	SO	Lombardia	23031
Apricale	43.8803889	7.6602096	IM	Liguria	18035
Apricena	41.7847789	15.4419099	FG	Puglia	71011
Aprigliano	39.2416930	16.3417960	CS	Calabria	87051
Aprilia	41.5942016	12.6485765	LT	Lazio	04011
Aquara	40.4439090	15.2538570	SA	Campania	84020
Aquila d'Arroscia	44.0859270	8.0052470	IM	Liguria	18020
Aquileia	45.7696144	13.3697982	UD	Friuli-Venezia Giulia	33051
Aquilonia	40.9867210	15.4744550	AV	Campania	83041
Aquino	41.4911190	13.7047100	FR	Lazio	03031
Aradeo	40.1309220	18.1296250	LE	Puglia	73040
Aragona	37.4031989	13.6179477	AG	Sicilia	92021
Aramengo	45.1010819	8.0005276	AT	Piemonte	14020
Arba	46.1449800	12.7914003	PN	Friuli-Venezia Giulia	33090
Arborea	39.7738457	8.5817533	OR	Sardegna	09092
Arborio	45.4949640	8.3853290	VC	Piemonte	13031
Arbus	39.5258390	8.5978310	SU	Sardegna	09031
Arcade	45.7850527	12.2194084	TV	Veneto	31030
Arce	41.5877162	13.5754288	FR	Lazio	03032
Arcene	45.5755770	9.6140540	BG	Lombardia	24040
Arcevia	43.4994505	12.9400955	AN	Marche	60011
Archi	42.0899370	14.3812170	CH	Abruzzo	66044
Arcidosso	42.8715131	11.5387645	GR	Toscana	58031
Arcinazzo Romano	41.8797220	13.1143920	RM	Lazio	00020
Arcisate	45.8603920	8.8596177	VA	Lombardia	21051
Arco	45.9181327	10.8860953	TN	Trentino-Alto Adige	38062
Arcola	44.1143821	9.9059673	SP	Liguria	19021
Arcole	45.3582108	11.2860916	VR	Veneto	37040
Arconate	45.5406637	8.8481616	MI	Lombardia	20020
Arcore	45.6265560	9.3214647	MB	Lombardia	20862
Arcugnano	45.5004723	11.5356994	VI	Veneto	36057
Ardara	40.6217610	8.8103190	SS	Sardegna	07010
Ardauli	40.0846520	8.9115290	OR	Sardegna	09081
Ardea	41.6087120	12.5193820	RM	Lazio	00040
Ardenno	46.1642920	9.6449440	SO	Lombardia	23011
Ardesio	45.9375116	9.9311580	BG	Lombardia	24020
Ardore	38.1909700	16.1682218	RC	Calabria	89031
Arena	38.5627790	16.2099000	VV	Calabria	89832
Arena Po	45.0966059	9.3628461	PV	Lombardia	27040
Arenzano	44.4025183	8.6831317	GE	Liguria	16011
Arese	45.5499106	9.0782851	MI	Lombardia	20020
Arezzo	43.4628957	11.8781675	AR	Toscana	52100
Argegno	45.9432736	9.1281646	CO	Lombardia	22010
Argelato	44.6415700	11.3478100	BO	Emilia-Romagna	40050
Argenta	44.6143379	11.8338420	FE	Emilia-Romagna	44011
Argentera	44.3746291	6.9542095	CN	Piemonte	12010
Arguello	44.5827400	8.1108400	CN	Piemonte	12050
Argusto	38.6807830	16.4354040	CZ	Calabria	88060
Ari	42.2908788	14.2601984	CH	Abruzzo	66010
Ariano Irpino	41.1526668	15.0885633	AV	Campania	83031
Ariano nel Polesine	44.9460840	12.1249220	RO	Veneto	45012
Ariccia	41.7207090	12.6713481	RM	Lazio	00072
Arielli	42.3824442	14.3592794	CH	Abruzzo	66030
Arienzo	41.0242566	14.4970522	CE	Campania	81021
Arignano	45.0402748	7.9015941	TO	Piemonte	10020
Aritzo	39.9567774	9.1965625	NU	Sardegna	08031
Arizzano	45.9573770	8.5829250	VB	Piemonte	28811
Arlena di Castro	42.4628240	11.8206550	VT	Lazio	01010
Arluno	45.5050700	8.9415410	MI	Lombardia	20010
Armeno	45.8224566	8.4391986	NO	Piemonte	28011
Armento	40.3077120	16.0649770	PZ	Basilicata	85010
Armo	44.0879649	7.9147826	IM	Liguria	18026
Armungia	39.5217450	9.3818460	SU	Sardegna	09040
Arnad	45.6444750	7.7221826	AO	Valle d'Aosta	11020
Arnara	41.5845180	13.3884020	FR	Lazio	03020
Arnasco	44.0782280	8.1074490	SV	Liguria	17032
Arnesano	40.3351996	18.0916278	LE	Puglia	73010
Arola	45.8083565	8.3574649	VB	Piemonte	28899
Arona	45.7598366	8.5604081	NO	Piemonte	28041
Arosio	45.7169770	9.2080430	CO	Lombardia	22060
Arpaia	41.0361265	14.5469737	BN	Campania	82011
Arpaise	41.0298168	14.7440830	BN	Campania	82010
Arpino	41.6479826	13.6101414	FR	Lazio	03033
Arquà Petrarca	45.2700441	11.7165149	PD	Veneto	35032
Arquà Polesine	45.0103882	11.7409408	RO	Veneto	45031
Arquata del Tronto	42.7723609	13.2965826	AP	Marche	63096
Arquata Scrivia	44.6878448	8.8853385	AL	Piemonte	15061
Arre	45.2163193	11.9304950	PD	Veneto	35020
Arrone	42.5834330	12.7698649	TR	Umbria	05031
Arsago Seprio	45.6881584	8.7314516	VA	Lombardia	21010
Arsiè	45.9835021	11.7577705	BL	Veneto	32030
Arsiero	45.8035167	11.3504042	VI	Veneto	36011
Arsita	42.5021621	13.7828321	TE	Abruzzo	64031
Arsoli	42.0405250	13.0183870	RM	Lazio	00023
Arta Terme	46.4723796	13.0266746	UD	Friuli-Venezia Giulia	33022
Artegna	46.2390964	13.1556513	UD	Friuli-Venezia Giulia	33011
Artena	41.7419154	12.9121745	RM	Lazio	00031
Artogne	45.8489819	10.1645561	BS	Lombardia	25040
Arvier	45.7024511	7.1664709	AO	Valle d'Aosta	11011
Arzachena	41.0798980	9.3876122	SS	Sardegna	07021
Arzago d'Adda	45.4815134	9.5616783	BG	Lombardia	24040
Arzana	39.9194634	9.5270001	NU	Sardegna	08040
Arzano	40.9160204	14.2680178	NA	Campania	80022
Arzergrande	45.2728605	12.0539440	PD	Veneto	35020
Arzignano	45.5192920	11.3385940	VI	Veneto	36071
Ascea	40.1416021	15.1857600	SA	Campania	84046
Asciano	43.2348573	11.5594603	SI	Toscana	53041
Ascoli Piceno	42.8546185	13.5755038	AP	Marche	63100
Ascoli Satriano	41.2061199	15.5616103	FG	Puglia	71022
Ascrea	42.1962280	12.9965840	RI	Lazio	02020
Asiago	45.8753771	11.5106998	VI	Veneto	36012
Asigliano Veneto	45.3045125	11.4462660	VI	Veneto	36020
Asigliano Vercellese	45.2615784	8.4085008	VC	Piemonte	13032
Asola	45.2211195	10.4130654	MN	Lombardia	46041
Asolo	45.8007265	11.9142444	TV	Veneto	31011
Assago	45.4053966	9.1313547	MI	Lombardia	20090
Assemini	39.2915380	9.0015420	CA	Sardegna	09032
Assisi	43.0711952	12.6146669	PG	Umbria	06081
Asso	45.8612989	9.2694511	CO	Lombardia	22033
Assolo	39.8099470	8.9182330	OR	Sardegna	09080
Assoro	37.6279049	14.4238862	EN	Sicilia	94010
Asti	44.9005420	8.2068876	AT	Piemonte	14100
Asuni	39.8724480	8.9464330	OR	Sardegna	09080
Ateleta	41.8554300	14.1975160	AQ	Abruzzo	67030
Atella	40.8803210	15.6501610	PZ	Basilicata	85020
Atena Lucana	40.4552941	15.5509501	SA	Campania	84030
Atessa	42.0718059	14.4489025	CH	Abruzzo	66041
Atina	41.6201990	13.7999785	FR	Lazio	03042
Atrani	40.6369080	14.6075410	SA	Campania	84010
Atri	42.5797836	13.9753500	TE	Abruzzo	64032
Atripalda	40.9208124	14.8334989	AV	Campania	83042
Attigliano	42.5143337	12.2925076	TR	Umbria	05012
Attimis	46.1893260	13.3071280	UD	Friuli-Venezia Giulia	33040
Atzara	39.9922520	9.0757340	NU	Sardegna	08030
Augusta	37.2369363	15.2196575	SR	Sicilia	96011
Auletta	40.5588409	15.4248901	SA	Campania	84031
Aulla	44.2145480	9.9677870	MS	Toscana	54011
Aurano	45.9991106	8.5883112	VB	Piemonte	28812
Aurigo	43.9826457	7.9221224	IM	Liguria	18020
Auronzo di Cadore	46.5511562	12.4430387	BL	Veneto	32041
Ausonia	41.3544611	13.7487479	FR	Lazio	03040
Austis	40.0706530	9.0879330	NU	Sardegna	08030
Avegno	44.3913363	9.1563156	GE	Liguria	16036
Avelengo	46.6446150	11.2243840	BZ	Trentino-Alto Adige	39010
Avella	40.9589140	14.6005370	AV	Campania	83021
Avellino	40.9141958	14.7888764	AV	Campania	83100
Averara	45.9886802	9.6313982	BG	Lombardia	24010
Aversa	40.9732120	14.2049280	CE	Campania	81031
Avetrana	40.3499423	17.7273737	TA	Puglia	74020
Avezzano	42.0347963	13.4265048	AQ	Abruzzo	67051
Aviano	46.0685438	12.5891138	PN	Friuli-Venezia Giulia	33081
Aviatico	45.8003072	9.7716558	BG	Lombardia	24020
Avigliana	45.0779435	7.3983904	TO	Piemonte	10051
Avigliano	40.7297180	15.7202640	PZ	Basilicata	85021
Avigliano Umbro	42.6548340	12.4261650	TR	Umbria	05020
Avio	45.7337930	10.9371810	TN	Trentino-Alto Adige	38063
Avise	45.7085893	7.1397458	AO	Valle d'Aosta	11010
Avola	36.9095158	15.1350006	SR	Sicilia	96012
Avolasca	44.8028318	8.9651435	AL	Piemonte	15050
Ayas	45.8626334	7.7318924	AO	Valle d'Aosta	11020
Aymavilles	45.7017361	7.2476561	AO	Valle d'Aosta	11010
Azeglio	45.4234590	7.9939220	TO	Piemonte	10010
Azzanello	45.3128687	9.9215972	CR	Lombardia	26010
Azzano d'Asti	44.8745884	8.2677909	AT	Piemonte	14030
Azzano Decimo	45.8814199	12.7143145	PN	Friuli-Venezia Giulia	33082
Azzano Mella	45.4547220	10.1168233	BS	Lombardia	25020
Azzano San Paolo	45.6610392	9.6751805	BG	Lombardia	24052
Azzate	45.7802220	8.7937693	VA	Lombardia	21022
Azzio	45.8851938	8.7106372	VA	Lombardia	21030
Azzone	45.9785178	10.1126472	BG	Lombardia	24020
Baceno	46.2605728	8.3194676	VB	Piemonte	28861
Bacoli	40.7966129	14.0777834	NA	Campania	80070
Badalucco	43.9155573	7.8472946	IM	Liguria	18010
Badesi	40.9650690	8.8842160	SS	Sardegna	07030
Badia	46.6101240	11.8934870	BZ	Trentino-Alto Adige	39036
Badia Calavena	45.5660855	11.1523929	VR	Veneto	37030
Badia Pavese	45.1203279	9.4687966	PV	Lombardia	27010
Badia Polesine	45.0940564	11.4934621	RO	Veneto	45021
Badia Tedalda	43.7092081	12.1848762	AR	Toscana	52032
Badolato	38.5686810	16.5246070	CZ	Calabria	88060
Bagaladi	38.0266670	15.8213980	RC	Calabria	89060
Bagheria	38.0793510	13.5093490	PA	Sicilia	90011
Bagnacavallo	44.4161484	11.9765495	RA	Emilia-Romagna	48012
Bagnara Calabra	38.2884710	15.8077950	RC	Calabria	89011
Bagnara di Romagna	44.3891687	11.8264514	RA	Emilia-Romagna	48031
Bagnaria	44.8272619	9.1226055	PV	Lombardia	27050
Bagnaria Arsa	45.8835902	13.2849613	UD	Friuli-Venezia Giulia	33050
Bagnasco	44.3013330	8.0431440	CN	Piemonte	12071
Bagnatica	45.6608810	9.7810570	BG	Lombardia	24060
Bagni di Lucca	44.0099818	10.5906330	LU	Toscana	55022
Bagno a Ripoli	43.7521720	11.3199949	FI	Toscana	50012
Bagno di Romagna	43.8352272	11.9595985	FC	Emilia-Romagna	47021
Bagnoli del Trigno	41.7030290	14.4565230	IS	Molise	86091
Bagnoli di Sopra	45.1848407	11.8834864	PD	Veneto	35023
Bagnoli Irpino	40.8331150	15.0725490	AV	Campania	83043
Bagnolo Cremasco	45.3611720	9.6129580	CR	Lombardia	26010
Bagnolo del Salento	40.1506240	18.3526300	LE	Puglia	73020
Bagnolo di Po	45.0160084	11.5011924	RO	Veneto	45022
Bagnolo in Piano	44.7629670	10.6732930	RE	Emilia-Romagna	42011
Bagnolo Mella	45.4290790	10.1843700	BS	Lombardia	25021
Bagnolo Piemonte	44.7603360	7.3139200	CN	Piemonte	12031
Bagnolo San Vito	45.0922527	10.8804287	MN	Lombardia	46031
Bagnone	44.3147394	9.9946555	MS	Toscana	54021
Bagnoregio	42.6269800	12.0908718	VT	Lazio	01022
Bagolino	45.8235613	10.4627308	BS	Lombardia	25072
Baia e Latina	41.3029190	14.2521240	CE	Campania	81010
Baiano	40.9525140	14.6167370	AV	Campania	83022
Bairo	45.3865872	7.7554467	TO	Piemonte	10010
Baiso	44.4968268	10.6016783	RE	Emilia-Romagna	42031
Bajardo	43.9031088	7.7167756	IM	Liguria	18031
Balangero	45.2753229	7.5202821	TO	Piemonte	10070
Baldichieri d'Asti	44.9059484	8.0916378	AT	Piemonte	14011
Baldissero Canavese	45.4101863	7.7441580	TO	Piemonte	10080
Baldissero d'Alba	44.7595194	7.9143487	CN	Piemonte	12040
Baldissero Torinese	45.0686356	7.8165308	TO	Piemonte	10020
Balestrate	38.0518672	13.0042665	PA	Sicilia	90041
Balestrino	44.1251300	8.1715202	SV	Liguria	17020
Ballabio	45.8981840	9.4234440	LC	Lombardia	23811
Ballao	39.5497460	9.3615450	SU	Sardegna	09040
Balme	45.3025045	7.2154316	TO	Piemonte	10070
Balmuccia	45.8188492	8.1381022	VC	Piemonte	13020
Balocco	45.4552620	8.2801280	VC	Piemonte	13040
Balsorano	41.8098240	13.5598020	AQ	Abruzzo	67052
Balvano	40.6503150	15.5141610	PZ	Basilicata	85050
Balzola	45.1830051	8.4026520	AL	Piemonte	15031
Banari	40.5729271	8.6973713	SS	Sardegna	07040
Banchette	45.4535580	7.8563180	TO	Piemonte	10010
Bannio Anzino	45.9599658	8.1551281	VB	Piemonte	28871
Banzi	40.8615588	16.0137679	PZ	Basilicata	85010
Baone	45.2438632	11.6879458	PD	Veneto	35030
Baradili	39.7213450	8.8974340	OR	Sardegna	09090
Baragiano	40.6797381	15.5939656	PZ	Basilicata	85050
Baranello	41.5260260	14.5594280	CB	Molise	86011
Barano d'Ischia	40.7090178	13.9186022	NA	Campania	80072
Baranzate	45.5278124	9.1169467	MI	Lombardia	20021
Barasso	45.8404760	8.7568310	VA	Lombardia	21020
Baratili San Pietro	39.9928313	8.5557841	OR	Sardegna	09070
Barbania	45.2912520	7.6303170	TO	Piemonte	10070
Barbara	43.5811545	13.0264814	AN	Marche	60010
Barbarano Mossano	45.4083415	11.5676593	VI	Veneto	36048
Barbarano Romano	42.2498341	12.0673735	VT	Lazio	01010
Barbaresco	44.7254469	8.0806959	CN	Piemonte	12050
Barbariga	45.4054188	10.0548109	BS	Lombardia	25030
Barbata	45.4749770	9.7773600	BG	Lombardia	24040
Barberino di Mugello	44.0005414	11.2383808	FI	Toscana	50031
Barberino Tavarnelle	43.5455622	11.2046811	FI	Toscana	50028
Barbianello	45.0766620	9.2051550	PV	Lombardia	27041
Barbiano	46.6035817	11.5200062	BZ	Trentino-Alto Adige	39040
Barbona	45.1116811	11.6824070	PD	Veneto	35040
Barcellona Pozzo di Gotto	38.1483059	15.2175523	ME	Sicilia	98051
Barcis	46.1902507	12.5582101	PN	Friuli-Venezia Giulia	33080
Bard	45.6096511	7.7457293	AO	Valle d'Aosta	11020
Bardello con Malgesso e Bregano	45.8288591	8.6860656	VA	Lombardia	21020
Bardi	44.6322106	9.7312033	PR	Emilia-Romagna	43032
Bardineto	44.1931231	8.1324517	SV	Liguria	17057
Bardolino	45.5475595	10.7242145	VR	Veneto	37011
Bardonecchia	45.0783390	6.7032050	TO	Piemonte	10052
Bareggio	45.4777256	8.9959733	MI	Lombardia	20010
Barengo	45.5750759	8.5136122	NO	Piemonte	28010
Baressa	39.7127450	8.8753340	OR	Sardegna	09090
Barete	42.4485252	13.2820226	AQ	Abruzzo	67010
Barga	44.0739178	10.4842630	LU	Toscana	55051
Bargagli	44.4478019	9.0876610	GE	Liguria	16021
Barge	44.7275360	7.3210210	CN	Piemonte	12032
Barghe	45.6818870	10.4121700	BS	Lombardia	25070
Bari	41.1257843	16.8620293	BA	Puglia	70121,70122,70123,70124,70125,70126,70127,70128,70129,70130,70131,70132
Bari Sardo	39.8420530	9.6441470	NU	Sardegna	08042
Bariano	45.5126464	9.7049249	BG	Lombardia	24050
Baricella	44.6461651	11.5332953	BO	Emilia-Romagna	40052
Barile	40.9463220	15.6726600	PZ	Basilicata	85022
Barisciano	42.3251304	13.5916091	AQ	Abruzzo	67021
Barlassina	45.6564160	9.1301014	MB	Lombardia	20825
Barletta	41.3214976	16.2868696	BT	Puglia	76121
Barni	45.9112830	9.2651400	CO	Lombardia	22030
Barolo	44.6108408	7.9428448	CN	Piemonte	12060
Barone Canavese	45.3255274	7.8730627	TO	Piemonte	10010
Baronissi	40.7469385	14.7699874	SA	Campania	84081
Barrafranca	37.3728434	14.2033133	EN	Sicilia	94012
Barrali	39.4752889	9.1012726	SU	Sardegna	09040
Barrea	41.7584905	13.9907295	AQ	Abruzzo	67030
Barumini	39.7015460	9.0027360	SU	Sardegna	09021
Barzago	45.7554790	9.3142440	LC	Lombardia	23890
Barzana	45.7339859	9.5672642	BG	Lombardia	24030
Barzanò	45.7334743	9.3128130	LC	Lombardia	23891
Barzio	45.9460948	9.4687648	LC	Lombardia	23816
Basaluzzo	44.7679053	8.7047847	AL	Piemonte	15060
Bascapè	45.3082680	9.3134530	PV	Lombardia	27010
Baschi	42.6702835	12.2161353	TR	Umbria	05023
Basciano	42.5944010	13.7396474	TE	Abruzzo	64030
Baselga di Pinè	46.1331080	11.2460028	TN	Trentino-Alto Adige	38042
Baselice	41.3937260	14.9728390	BN	Campania	82020
Basiano	45.5735877	9.4678537	MI	Lombardia	20060
Basicò	38.0613929	15.0622475	ME	Sicilia	98060
Basiglio	45.3491520	9.1645890	MI	Lombardia	20080
Basiliano	46.0163190	13.1071260	UD	Friuli-Venezia Giulia	33031
Bassano Bresciano	45.3271760	10.1283700	BS	Lombardia	25020
Bassano del Grappa	45.7669109	11.7343469	VI	Veneto	36061
Bassano in Teverina	42.4660738	12.3130342	VT	Lazio	01030
Bassano Romano	42.2183916	12.1930062	VT	Lazio	01030
Bassiano	41.5497551	13.0322330	LT	Lazio	04010
Bassignana	45.0016337	8.7346236	AL	Piemonte	15042
Bastia Mondovì	44.4419350	7.8944380	CN	Piemonte	12060
Bastia Umbra	43.0677554	12.5495816	PG	Umbria	06083
Bastida Pancarana	45.0860610	9.0851520	PV	Lombardia	27050
Bastiglia	44.7269690	10.9986000	MO	Emilia-Romagna	41030
Battaglia Terme	45.2881433	11.7818338	PD	Veneto	35041
Battifollo	44.3198330	8.0109430	CN	Piemonte	12070
Battipaglia	40.6092539	14.9821443	SA	Campania	84091
Battuda	45.2746650	9.0780480	PV	Lombardia	27020
Baucina	37.9254289	13.5377102	PA	Sicilia	90020
Bauladu	40.0205490	8.6719250	OR	Sardegna	09070
Baunei	40.0323613	9.6634049	NU	Sardegna	08040
Baveno	45.9089158	8.5050171	VB	Piemonte	28831
Bedero Valcuvia	45.9142712	8.7941977	VA	Lombardia	21039
Bedizzole	45.5105711	10.4230323	BS	Lombardia	25081
Bedollo	46.1676984	11.3015887	TN	Trentino-Alto Adige	38043
Bedonia	44.5036306	9.6298851	PR	Emilia-Romagna	43041
Bedulita	45.7916524	9.5515500	BG	Lombardia	24030
Bee	45.9632681	8.5758537	VB	Piemonte	28813
Beinasco	45.0220970	7.5793974	TO	Piemonte	10092
Beinette	44.3648352	7.6467326	CN	Piemonte	12081
Belcastro	39.0179920	16.7864080	CZ	Calabria	88050
Belfiore	45.3796233	11.2089761	VR	Veneto	37050
Belforte all'Isauro	43.7165530	12.3760477	PU	Marche	61026
Belforte del Chienti	43.1625520	13.2453760	MC	Marche	62020
Belforte Monferrato	44.6245869	8.6622018	AL	Piemonte	15070
Belgioioso	45.1585650	9.3137560	PV	Lombardia	27011
Belgirate	45.8388740	8.5714270	VB	Piemonte	28832
Bella	40.7605914	15.5392691	PZ	Basilicata	85051
Bellagio	45.9872549	9.2613001	CO	Lombardia	22021
Bellano	46.0429573	9.3040324	LC	Lombardia	23822
Bellante	42.7418470	13.8101950	TE	Abruzzo	64020
Bellaria-Igea Marina	44.1470196	12.4583909	RN	Emilia-Romagna	47814
Bellegra	41.8834220	13.0267900	RM	Lazio	00030
Bellino	44.5846820	7.0152803	CN	Piemonte	12020
Bellinzago Lombardo	45.5420750	9.4459510	MI	Lombardia	20060
Bellinzago Novarese	45.5687680	8.6432330	NO	Piemonte	28043
Bellizzi	40.6201805	14.9484530	SA	Campania	84092
Bellona	41.1600160	14.2323260	CE	Campania	81041
Bellosguardo	40.4233090	15.3141590	SA	Campania	84020
Belluno	46.1375185	12.2181711	BL	Veneto	32100
Bellusco	45.6187478	9.4186330	MB	Lombardia	20882
Belmonte Calabro	39.1622028	16.0825360	CS	Calabria	87033
Belmonte Castello	41.5774210	13.8158110	FR	Lazio	03040
Belmonte del Sannio	41.8239310	14.4221210	IS	Molise	86080
Belmonte in Sabina	42.3176537	12.8927790	RI	Lazio	02020
Belmonte Mezzagno	38.0485261	13.3910630	PA	Sicilia	90031
Belmonte Piceno	43.0914408	13.5396519	FM	Marche	63838
Belpasso	37.5891869	14.9782386	CT	Sicilia	95032
Belsito	39.1771910	16.2882950	CS	Calabria	87030
Belvedere di Spinello	39.2119442	16.8893176	KR	Calabria	88824
Belvedere Langhe	44.4930360	7.9746390	CN	Piemonte	12060
Belvedere Marittimo	39.6179734	15.8618527	CS	Calabria	87021
Belvedere Ostrense	43.5804949	13.1661271	AN	Marche	60030
Belveglio	44.8304376	8.3301910	AT	Piemonte	14040
Belvì	39.9626011	9.1851848	NU	Sardegna	08030
Bema	46.0787674	9.5812206	SO	Lombardia	23010
Bene Lario	46.0233880	9.1711112	CO	Lombardia	22010
Bene Vagienna	44.5433360	7.8283350	CN	Piemonte	12041
Benestare	38.1853720	16.1370030	RC	Calabria	89030
Benetutti	40.4564610	9.1688290	SS	Sardegna	07010
Benevello	44.6298410	8.1041390	CN	Piemonte	12050
Benevento	41.1295587	14.7824639	BN	Campania	82100
Benna	45.5136620	8.1266230	BI	Piemonte	13871
Bentivoglio	44.6357918	11.4171933	BO	Emilia-Romagna	40010
Berbenno	45.8147830	9.5710490	BG	Lombardia	24030
Berbenno di Valtellina	46.1689955	9.7434178	SO	Lombardia	23010
Berceto	44.5106079	9.9896546	PR	Emilia-Romagna	43042
Berchidda	40.7840670	9.1645240	SS	Sardegna	07022
Beregazzo con Figliaro	45.7710065	8.9582793	CO	Lombardia	22070
Bereguardo	45.2573780	9.0279569	PV	Lombardia	27021
Bergamasco	44.8272490	8.4547430	AL	Piemonte	15022
Bergamo	45.6944947	9.6698727	BG	Lombardia	24121,24122,24123,24124,24125,24126,24127,24128,24129
Bergantino	45.0601694	11.2529005	RO	Veneto	45032
Bergeggi	44.2497350	8.4433530	SV	Liguria	17028
Bergolo	44.5478400	8.1831420	CN	Piemonte	12074
Berlingo	45.5029800	10.0436650	BS	Lombardia	25030
Bernalda	40.4129181	16.6910968	MT	Basilicata	75012
Bernareggio	45.6475083	9.4061375	MB	Lombardia	20881
Bernate Ticino	45.4793424	8.8180386	MI	Lombardia	20010
Bernezzo	44.3853290	7.4363290	CN	Piemonte	12010
Bertinoro	44.1486650	12.1342350	FC	Emilia-Romagna	47032
Bertiolo	45.9426667	13.0491805	UD	Friuli-Venezia Giulia	33032
Bertonico	45.2330700	9.6680620	LO	Lombardia	26821
Berzano di San Pietro	45.0948126	7.9530116	AT	Piemonte	14020
Berzano di Tortona	44.8763557	8.9496846	AL	Piemonte	15050
Berzo Demo	46.0934179	10.3362660	BS	Lombardia	25040
Berzo Inferiore	45.9316930	10.2805867	BS	Lombardia	25040
Berzo San Fermo	45.7193840	9.9031580	BG	Lombardia	24060
Besana in Brianza	45.7025382	9.2895415	MB	Lombardia	20842
Besano	45.8890392	8.8903883	VA	Lombardia	21050
Besate	45.3129650	8.9696450	MI	Lombardia	20080
Besenello	45.9419216	11.1095435	TN	Trentino-Alto Adige	38060
Besenzone	44.9871570	9.9535782	PC	Emilia-Romagna	29010
Besnate	45.7001654	8.7683151	VA	Lombardia	21010
Besozzo	45.8457972	8.6664953	VA	Lombardia	21023
Bessude	40.5538520	8.7299524	SS	Sardegna	07040
Bettola	44.7762553	9.6050081	PC	Emilia-Romagna	29021
Bettona	43.0136140	12.4847565	PG	Umbria	06084
Beura-Cardezza	46.0618604	8.3143715	VB	Piemonte	28851
Bevagna	42.9340752	12.6091209	PG	Umbria	06031
Beverino	44.2059509	9.7857299	SP	Liguria	19020
Bevilacqua	45.2317850	11.3925000	VR	Veneto	37040
Biancavilla	37.6462764	14.8614108	CT	Sicilia	95033
Bianchi	39.1008910	16.4100990	CS	Calabria	87050
Bianco	38.0906700	16.1493040	RC	Calabria	89032
Biandrate	45.4526640	8.4624320	NO	Piemonte	28061
Biandronno	45.8215121	8.7132380	VA	Lombardia	21024
Bianzano	45.7745025	9.9208481	BG	Lombardia	24060
Bianzè	45.3084570	8.1225270	VC	Piemonte	13041
Bianzone	46.1881970	10.1093540	SO	Lombardia	23030
Biassono	45.6309866	9.2751203	MB	Lombardia	20853
Bibbiano	44.6634303	10.4727188	RE	Emilia-Romagna	42021
Bibbiena	43.6955475	11.8173410	AR	Toscana	52011
Bibbona	43.2697843	10.5972697	LI	Toscana	57020
Bibiana	44.7989370	7.2882190	TO	Piemonte	10060
Biccari	41.3961280	15.1944440	FG	Puglia	71032
Bicinicco	45.9357130	13.2511661	UD	Friuli-Venezia Giulia	33050
Bidonì	40.1130530	8.9364290	OR	Sardegna	09080
Biella	45.5664109	8.0542758	BI	Piemonte	13900
Bienno	45.9355620	10.2947906	BS	Lombardia	25040
Bieno	46.0806791	11.5540415	TN	Trentino-Alto Adige	38050
Bientina	43.7101845	10.6203207	PI	Toscana	56031
Binago	45.7844117	8.9221591	CO	Lombardia	22070
Binasco	45.3319695	9.0999868	MI	Lombardia	20082
Binetto	41.0241649	16.7095806	BA	Puglia	70020
Bioglio	45.6068077	8.1297094	BI	Piemonte	13841
Bionaz	45.9105272	7.4970629	AO	Valle d'Aosta	11010
Bione	45.6727860	10.3388690	BS	Lombardia	25070
Birori	40.2648596	8.8174739	NU	Sardegna	08010
Bisaccia	41.0121210	15.3747530	AV	Campania	83044
Bisacquino	37.7054309	13.2587609	PA	Sicilia	90032
Bisceglie	41.2402745	16.5010109	BT	Puglia	76011
Bisegna	41.9211280	13.7576050	AQ	Abruzzo	67050
Bisenti	42.5291282	13.8012826	TE	Abruzzo	64033
Bisignano	39.5001974	16.2744614	CS	Calabria	87043
Bistagno	44.6615176	8.3695254	AL	Piemonte	15012
Bisuschio	45.8748731	8.8717230	VA	Lombardia	21050
Bitetto	41.0414078	16.7486991	BA	Puglia	70020
Bitonto	41.1084971	16.6915480	BA	Puglia	70032
Bitritto	41.0445320	16.8251850	BA	Puglia	70020
Bitti	40.4790079	9.3840378	NU	Sardegna	08021
Bivona	37.6173969	13.4397692	AG	Sicilia	92010
Bivongi	38.4831704	16.4530539	RC	Calabria	89040
Bizzarone	45.8342780	8.9427350	CO	Lombardia	22020
Bleggio Superiore	46.0069424	10.7896444	TN	Trentino-Alto Adige	38071
Blello	45.8377840	9.5710490	BG	Lombardia	24010
Blera	42.2725220	12.0316620	VT	Lazio	01010
Blessagno	45.9595225	9.0974900	CO	Lombardia	22028
Blevio	45.8399418	9.1024697	CO	Lombardia	22020
Blufi	37.7514745	14.0748265	PA	Sicilia	90020
Boara Pisani	45.1080850	11.7827110	PD	Veneto	35040
Bobbio	44.7692730	9.3862814	PC	Emilia-Romagna	29022
Bobbio Pellice	44.8079522	7.1167645	TO	Piemonte	10060
Boca	45.6789690	8.4087260	NO	Piemonte	28010
Bocchigliero	39.4197990	16.7490020	CS	Calabria	87060
Boccioleto	45.8301887	8.1128812	VC	Piemonte	13022
Bocenago	46.1191034	10.7588619	TN	Trentino-Alto Adige	38080
Bodio Lomnago	45.7912295	8.7510043	VA	Lombardia	21020
Boffalora d'Adda	45.3584945	9.4948843	LO	Lombardia	26811
Boffalora sopra Ticino	45.4672571	8.8306109	MI	Lombardia	20010
Bogliasco	44.3790556	9.0679508	GE	Liguria	16031
Bognanco	46.1263780	8.2011130	VB	Piemonte	28842
Bogogno	45.6672726	8.5340665	NO	Piemonte	28010
Boissano	44.1357684	8.2217538	SV	Liguria	17054
Bojano	41.4857240	14.4729270	CB	Molise	86021
Bolano	44.1876494	9.8956159	SP	Liguria	19020
Bolgare	45.6350810	9.8128580	BG	Lombardia	24060
Bollate	45.5427933	9.1159778	MI	Lombardia	20021
Bollengo	45.4708590	7.9420200	TO	Piemonte	10012
Bologna	44.4938203	11.3426327	BO	Emilia-Romagna	40121,40122,40123,40124,40125,40126,40127,40128,40129,40130,40131,40132,40133,40134,40135,40136,40137,40138,40139,40140,40141
Bolognano	42.2181002	13.9608869	PE	Abruzzo	65020
Bolognetta	37.9647423	13.4560696	PA	Sicilia	90030
Bolognola	42.9933518	13.2278480	MC	Marche	62035
Bolotana	40.3257570	8.9611270	NU	Sardegna	08011
Bolsena	42.6441069	11.9849554	VT	Lazio	01023
Boltiere	45.6008780	9.5784530	BG	Lombardia	24040
Bolzano	46.4981125	11.3547801	BZ	Trentino-Alto Adige	39100
Bolzano Novarese	45.7627855	8.4451747	NO	Piemonte	28010
Bolzano Vicentino	45.6007102	11.6221007	VI	Veneto	36050
Bomarzo	42.4819280	12.2487640	VT	Lazio	01020
Bomba	42.0343350	14.3671170	CH	Abruzzo	66042
Bompensiere	37.4738288	13.7807446	CL	Sicilia	93010
Bompietro	37.7468626	14.0998377	PA	Sicilia	90020
Bomporto	44.7297700	11.0384010	MO	Emilia-Romagna	41030
Bonarcado	40.0958500	8.6571240	OR	Sardegna	09070
Bonassola	44.1835463	9.5825259	SP	Liguria	19011
Bonate Sopra	45.6833800	9.5597510	BG	Lombardia	24040
Bonate Sotto	45.6667845	9.5613879	BG	Lombardia	24040
Bonavigo	45.2575734	11.2793320	VR	Veneto	37040
Bondeno	44.8861770	11.4108070	FE	Emilia-Romagna	44012
Bondone	45.8062305	10.5515367	TN	Trentino-Alto Adige	38080
Bonea	41.0752056	14.6180012	BN	Campania	82013
Bonefro	41.7045330	14.9333340	CB	Molise	86041
Bonemerse	45.1136700	10.0774730	CR	Lombardia	26040
Bonifati	39.5852960	15.9002820	CS	Calabria	87020
Bonito	41.0977200	15.0013440	AV	Campania	83032
Bonnanaro	40.5333590	8.7644200	SS	Sardegna	07043
Bono	40.4168302	9.0299928	SS	Sardegna	07011
Bonorva	40.4187570	8.7681210	SS	Sardegna	07012
Bonvicino	44.5035370	8.0175400	CN	Piemonte	12060
Borbona	42.5125360	13.1359830	RI	Lazio	02010
Borca di Cadore	46.4364230	12.2195980	BL	Veneto	32040
Bordano	46.3153270	13.1046210	UD	Friuli-Venezia Giulia	33010
Bordighera	43.7850512	7.6591094	IM	Liguria	18012
Bordolano	45.2939854	9.9867101	CR	Lombardia	26020
Bore	44.7186580	9.7920740	PR	Emilia-Romagna	43030
Boretto	44.9018700	10.5542870	RE	Emilia-Romagna	42022
Borgarello	45.2406650	9.1405500	PV	Lombardia	27010
Borgaro Torinese	45.1521446	7.6579731	TO	Piemonte	10071
Borgetto	38.0471029	13.1426837	PA	Sicilia	90042
Borghetto d'Arroscia	44.0577260	7.9817470	IM	Liguria	18020
Borghetto di Borbera	44.7308921	8.9453314	AL	Piemonte	15060
Borghetto di Vara	44.2238470	9.7215181	SP	Liguria	19020
Borghetto Lodigiano	45.2132677	9.4996828	LO	Lombardia	26812
Borghetto Santo Spirito	44.1144461	8.2353280	SV	Liguria	17052
Borghi	44.0315914	12.3543893	FC	Emilia-Romagna	47030
Borgia	38.8261860	16.5088040	CZ	Calabria	88021
Borgiallo	45.4170550	7.6685150	TO	Piemonte	10080
Borgio Verezzi	44.1649682	8.3066621	SV	Liguria	17022
Borgo a Mozzano	43.9789480	10.5457030	LU	Toscana	55023
Borgo Chiese	45.8923623	10.5619745	TN	Trentino-Alto Adige	38083
Borgo d'Ale	45.3494350	8.0531020	VC	Piemonte	13040
Borgo d'Anaunia	46.4631852	11.1491239	TN	Trentino-Alto Adige	38013,38020
Borgo di Terzo	45.7217865	9.8948477	BG	Lombardia	24060
Borgo Lares	46.0046102	10.7273195	TN	Trentino-Alto Adige	38079
Borgo Mantovano	45.0264838	11.1219710	MN	Lombardia	46036
Borgo Pace	43.6570839	12.2935875	PU	Marche	61040
Borgo Priolo	44.9664487	9.1485039	PV	Lombardia	27040
Borgo San Dalmazzo	44.3286517	7.4874561	CN	Piemonte	12011
Borgo San Giacomo	45.3469750	9.9684670	BS	Lombardia	25022
Borgo San Giovanni	45.2780420	9.4358358	LO	Lombardia	26851
Borgo San Lorenzo	43.9542480	11.3864681	FI	Toscana	50032
Borgo San Martino	45.0909631	8.5258293	AL	Piemonte	15032
Borgo San Siro	45.2349690	8.9133606	PV	Lombardia	27020
Borgo Ticino	45.6892685	8.6018300	NO	Piemonte	28040
Borgo Tossignano	44.2756903	11.5898435	BO	Emilia-Romagna	40021
Borgo Val di Taro	44.4870530	9.7657770	PR	Emilia-Romagna	43043
Borgo Valbelluna	46.0326235	12.0931858	BL	Veneto	32026
Borgo Valsugana	46.0533463	11.4566004	TN	Trentino-Alto Adige	38051
Borgo Velino	42.4060330	13.0592830	RI	Lazio	02010
Borgo Veneto	45.2291090	11.5385628	PD	Veneto	35046
Borgo Vercelli	45.3578620	8.4630330	VC	Piemonte	13012
Borgo Virgilio	45.0881067	10.7858012	MN	Lombardia	46034
Borgocarbonara	45.0343827	11.2147864	MN	Lombardia	46021
Borgofranco d'Ivrea	45.5128600	7.8580170	TO	Piemonte	10013
Borgolavezzaro	45.3196630	8.6995390	NO	Piemonte	28071
Borgomale	44.6203410	8.1322400	CN	Piemonte	12050
Borgomanero	45.6989107	8.4623673	NO	Piemonte	28021
Borgomaro	43.9749240	7.9451470	IM	Liguria	18021
Borgomasino	45.3632570	7.9875230	TO	Piemonte	10031
Borgomezzavalle	46.0473153	8.1994445	VB	Piemonte	28846
Borgone Susa	45.1228440	7.2397120	TO	Piemonte	10050
Borgonovo Val Tidone	45.0143620	9.4434610	PC	Emilia-Romagna	29011
Borgoratto Alessandrino	44.8362500	8.5385450	AL	Piemonte	15013
Borgoratto Mormorolo	44.9306580	9.1932570	PV	Lombardia	27040
Borgoricco	45.5335614	11.9658789	PD	Veneto	35010
Borgorose	42.1933543	13.2338183	RI	Lazio	02021
Borgosatollo	45.4771995	10.2407451	BS	Lombardia	25010
Borgosesia	45.7166676	8.2768572	VC	Piemonte	13011
Bormida	44.2782607	8.2341987	SV	Liguria	17045
Bormio	46.4692482	10.3721712	SO	Lombardia	23032
Bornasco	45.2665660	9.2179510	PV	Lombardia	27010
Borno	45.9473303	10.2064036	BS	Lombardia	25042
Boroneddu	40.1130520	8.8710280	OR	Sardegna	09080
Borore	40.2168540	8.8037250	NU	Sardegna	08016
Borrello	41.9189320	14.3044170	CH	Abruzzo	66040
Borriana	45.5061610	8.0386210	BI	Piemonte	13872
Borso del Grappa	45.8210248	11.7993161	TV	Veneto	31030
Bortigali	40.2828550	8.8362250	NU	Sardegna	08012
Bortigiadas	40.8913511	9.0430579	SS	Sardegna	07030
Borutta	40.5223590	8.7435190	SS	Sardegna	07040
Borzonasca	44.4222480	9.3865700	GE	Liguria	16041
Bosa	40.2970061	8.4986123	OR	Sardegna	09089
Bosaro	45.0007997	11.7665362	RO	Veneto	45033
Boschi Sant'Anna	45.2189097	11.3583281	VR	Veneto	37040
Bosco Chiesanuova	45.6221024	11.0295169	VR	Veneto	37021
Bosco Marengo	44.8255510	8.6772480	AL	Piemonte	15062
Bosconero	45.2675495	7.7666000	TO	Piemonte	10080
Boscoreale	40.7740398	14.4774318	NA	Campania	80041
Boscotrecase	40.7743100	14.4620360	NA	Campania	80042
Bosia	44.6023589	8.1472522	CN	Piemonte	12050
Bosio	44.6500331	8.7923887	AL	Piemonte	15060
Bosisio Parini	45.8022800	9.2907430	LC	Lombardia	23842
Bosnasco	45.0643632	9.3584773	PV	Lombardia	27040
Bossico	45.8283880	10.0450590	BG	Lombardia	24060
Bossolasco	44.5293380	8.0509400	CN	Piemonte	12060
Botricello	38.9319900	16.8583100	CZ	Calabria	88070
Botrugno	40.0647220	18.3244300	LE	Puglia	73020
Bottanuco	45.6398780	9.5064510	BG	Lombardia	24040
Botticino	45.5432619	10.3231835	BS	Lombardia	25082
Bottidda	40.3914590	9.0085270	SS	Sardegna	07010
Bova	37.9950670	15.9319010	RC	Calabria	89033
Bova Marina	37.9306249	15.9174518	RC	Calabria	89035
Bovalino	38.1489710	16.1740040	RC	Calabria	89034
Bovegno	45.7933072	10.2737559	BS	Lombardia	25061
Boves	44.3296258	7.5518938	CN	Piemonte	12012
Bovezzo	45.5931372	10.2434802	BS	Lombardia	25073
Boville Ernica	41.6425200	13.4727030	FR	Lazio	03022
Bovino	41.2499260	15.3412490	FG	Puglia	71023
Bovisio-Masciago	45.6100484	9.1490172	MB	Lombardia	20813
Bovolenta	45.2703747	11.9350857	PD	Veneto	35024
Bovolone	45.2578098	11.1203660	VR	Veneto	37051
Bozzole	45.0701919	8.6064884	AL	Piemonte	15040
Bozzolo	45.1024740	10.4839820	MN	Lombardia	46012
Bra	44.6976778	7.8542707	CN	Piemonte	12042
Bracca	45.8238863	9.7078713	BG	Lombardia	24010
Bracciano	42.1010951	12.1738573	RM	Lazio	00062
Bracigliano	40.8235120	14.7054410	SA	Campania	84082
Braies	46.6886251	12.1037565	BZ	Trentino-Alto Adige	39030
Brallo di Pregola	44.7381861	9.2813700	PV	Lombardia	27050
Brancaleone	37.9629680	16.1004050	RC	Calabria	89036
Brandico	45.4541780	10.0526660	BS	Lombardia	25030
Brandizzo	45.1766065	7.8380043	TO	Piemonte	10032
Branzi	46.0053774	9.7599743	BG	Lombardia	24010
Braone	45.9900343	10.3431903	BS	Lombardia	25040
Brebbia	45.8285392	8.6500523	VA	Lombardia	21020
Breda di Piave	45.7237273	12.3312346	TV	Veneto	31030
Breganze	45.7081441	11.5647668	VI	Veneto	36042
Bregnano	45.6971263	9.0595206	CO	Lombardia	22070
Brembate	45.6039279	9.5555981	BG	Lombardia	24041
Brembate di Sopra	45.7167630	9.5794156	BG	Lombardia	24030
Brembio	45.2145680	9.5714600	LO	Lombardia	26822
Breme	45.1269219	8.6235671	PV	Lombardia	27020
Brendola	45.4721218	11.4469703	VI	Veneto	36040
Brenna	45.7429780	9.1871420	CO	Lombardia	22040
Brennero	47.0037399	11.5047991	BZ	Trentino-Alto Adige	39041
Breno	45.9563241	10.3040404	BS	Lombardia	25043
Brenta	45.8931801	8.6851013	VA	Lombardia	21030
Brentino Belluno	45.6679407	10.8814186	VR	Veneto	37020
Brentonico	45.8187739	10.9560131	TN	Trentino-Alto Adige	38060
Brenzone sul Garda	45.6928612	10.7720118	VR	Veneto	37010
Brescello	44.9012244	10.5157280	RE	Emilia-Romagna	42041
Brescia	45.5398022	10.2200214	BS	Lombardia	25121,25122,25123,25124,25125,25126,25127,25128,25129,25130,25131,25132,25133,25134,25135,25136
Bresimo	46.4118147	10.9708987	TN	Trentino-Alto Adige	38020
Bressana Bottarone	45.0836012	9.1222531	PV	Lombardia	27042
Bressanone	46.7164130	11.6577920	BZ	Trentino-Alto Adige	39042
Bressanvido	45.6459759	11.6329987	VI	Veneto	36050
Bresso	45.5372394	9.1889678	MI	Lombardia	20091
Brezzo di Bedero	45.9776962	8.7186916	VA	Lombardia	21010
Briaglia	44.3956758	7.8760035	CN	Piemonte	12080
Briatico	38.7259810	16.0328950	VV	Calabria	89817
Bricherasio	44.8234086	7.3052956	TO	Piemonte	10060
Brienno	45.9114396	9.1312719	CO	Lombardia	22010
Brienza	40.4778488	15.6301506	PZ	Basilicata	85050
Briga Alta	44.0824681	7.7489966	CN	Piemonte	18025
Briga Novarese	45.7318710	8.4567260	NO	Piemonte	28010
Brignano Gera d'Adda	45.5455191	9.6489533	BG	Lombardia	24053
Brignano-Frascata	44.8100648	9.0425524	AL	Piemonte	15050
Brindisi	40.6395295	17.9455260	BR	Puglia	72100
Brindisi Montagna	40.6095170	15.9397710	PZ	Basilicata	85010
Brinzio	45.8891102	8.7904134	VA	Lombardia	21030
Briona	45.5424660	8.4797300	NO	Piemonte	28072
Brione	45.6429228	10.1461559	BS	Lombardia	25060
Briosco	45.7100770	9.2406440	MB	Lombardia	20836
Brisighella	44.2221401	11.7722262	RA	Emilia-Romagna	48013
Brissago-Valtravaglia	45.9485671	8.7472331	VA	Lombardia	21030
Brissogne	45.7285199	7.4066634	AO	Valle d'Aosta	11020
Brittoli	42.3173380	13.8616020	PE	Abruzzo	65010
Brivio	45.7419691	9.4441423	LC	Lombardia	23883
Broccostella	41.7027311	13.6378198	FR	Lazio	03030
Brogliano	45.5887862	11.3645426	VI	Veneto	36070
Brognaturo	38.6012810	16.3414030	VV	Calabria	89822
Brolo	38.1553620	14.8295750	ME	Sicilia	98061
Brondello	44.6007340	7.4059250	CN	Piemonte	12030
Broni	45.0621619	9.2611911	PV	Lombardia	27043
Bronte	37.7871598	14.8338448	CT	Sicilia	95034
Bronzolo	46.4045188	11.3198831	BZ	Trentino-Alto Adige	39051
Brossasco	44.5698366	7.3616149	CN	Piemonte	12020
Brosso	45.4925019	7.8032885	TO	Piemonte	10080
Brovello-Carpugnino	45.8518009	8.5396217	VB	Piemonte	28833
Brozolo	45.1174365	8.0736027	TO	Piemonte	10020
Brugherio	45.5507486	9.3012222	MB	Lombardia	20861
Brugine	45.2965920	11.9951130	PD	Veneto	35020
Brugnato	44.2370380	9.7241009	SP	Liguria	19020
Brugnera	45.9035103	12.5259887	PN	Friuli-Venezia Giulia	33070
Bruino	45.0211522	7.4685506	TO	Piemonte	10090
Brumano	45.8550830	9.5005470	BG	Lombardia	24037
Brunate	45.8194702	9.0959895	CO	Lombardia	22034
Brunello	45.7653708	8.7973652	VA	Lombardia	21020
Brunico	46.7963194	11.9355121	BZ	Trentino-Alto Adige	39031
Bruno	44.7932480	8.4405430	AT	Piemonte	14046
Brusaporto	45.6708455	9.7613544	BG	Lombardia	24060
Brusasco	45.1554921	8.0601029	TO	Piemonte	10020
Brusciano	40.9232120	14.4239330	NA	Campania	80031
Brusimpiano	45.9477557	8.8892162	VA	Lombardia	21050
Brusnengo	45.5938650	8.2519240	BI	Piemonte	13862
Brusson	45.7593420	7.7304474	AO	Valle d'Aosta	11022
Bruzolo	45.1422257	7.1956480	TO	Piemonte	10050
Bruzzano Zeffirio	38.0132680	16.0826040	RC	Calabria	89030
Bubbiano	45.3272660	9.0145460	MI	Lombardia	20080
Bubbio	44.6636726	8.2951343	AT	Piemonte	14051
Buccheri	37.1264910	14.8503797	SR	Sicilia	96010
Bucchianico	42.3048400	14.1810090	CH	Abruzzo	66011
Bucciano	41.0761134	14.5723371	BN	Campania	82010
Buccinasco	45.4223013	9.1082675	MI	Lombardia	20090
Buccino	40.6329130	15.3696580	SA	Campania	84021
Bucine	43.4791990	11.6169754	AR	Toscana	52021
Buddusò	40.5780640	9.2581290	SS	Sardegna	07020
Budoia	46.0429624	12.5325858	PN	Friuli-Venezia Giulia	33070
Budoni	40.7076313	9.6994897	SS	Sardegna	07051
Budrio	44.5378630	11.5354979	BO	Emilia-Romagna	40054
Buggerru	39.3973967	8.4021815	SU	Sardegna	09010
Buggiano	43.8999353	10.7265690	PT	Toscana	51011
Buglio in Monte	46.1827877	9.6748279	SO	Lombardia	23010
Bugnara	42.0221324	13.8615976	AQ	Abruzzo	67030
Buguggiate	45.7859972	8.8049896	VA	Lombardia	21020
Buja	46.2140228	13.1136044	UD	Friuli-Venezia Giulia	33030
Bulciago	45.7547028	9.2910470	LC	Lombardia	23892
Bulgarograsso	45.7470760	9.0064380	CO	Lombardia	22070
Bultei	40.4562109	9.0644445	SS	Sardegna	07010
Bulzi	40.8473660	8.8300160	SS	Sardegna	07030
Buonabitacolo	40.2713080	15.6199680	SA	Campania	84032
Buonalbergo	41.2230773	14.9798206	BN	Campania	82020
Buonconvento	43.1381881	11.4820960	SI	Toscana	53022
Buonvicino	39.6901767	15.8839994	CS	Calabria	87020
Burago di Molgora	45.5966599	9.3777061	MB	Lombardia	20875
Burcei	39.3426420	9.3595480	SU	Sardegna	09040
Burgio	37.5994420	13.2901500	AG	Sicilia	92010
Burgos	40.3899781	8.9953354	SS	Sardegna	07010
Buriasco	44.8736400	7.4103200	TO	Piemonte	10060
Burolo	45.4811600	7.9339200	TO	Piemonte	10010
Buronzo	45.4808622	8.2671277	VC	Piemonte	13040
Busachi	40.0326510	8.8967290	OR	Sardegna	09082
Busalla	44.5734830	8.9433002	GE	Liguria	16012
Busano	45.3294385	7.6557322	TO	Piemonte	10080
Busca	44.5181320	7.4743280	CN	Piemonte	12022
Buscate	45.5449159	8.8129426	MI	Lombardia	20010
Buscemi	37.0854713	14.8842007	SR	Sicilia	96010
Buseto Palizzolo	38.0125060	12.7115858	TP	Sicilia	91012
Busnago	45.6161843	9.4656704	MB	Lombardia	20874
Bussero	45.5366764	9.3720032	MI	Lombardia	20060
Busseto	44.9809569	10.0424746	PR	Emilia-Romagna	43011
Bussi sul Tirino	42.2130350	13.8262020	PE	Abruzzo	65022
Busso	41.5562506	14.5585312	CB	Molise	86010
Bussolengo	45.4741307	10.8462482	VR	Veneto	37012
Bussoleno	45.1392706	7.1477166	TO	Piemonte	10053
Busto Arsizio	45.6119057	8.8520522	VA	Lombardia	21052
Busto Garolfo	45.5455579	8.8832703	MI	Lombardia	20020
Butera	37.1861617	14.1860155	CL	Sicilia	93011
Buti	43.7273019	10.5877174	PI	Toscana	56032
Buttapietra	45.3420898	10.9985900	VR	Veneto	37060
Buttigliera Alta	45.0688040	7.4344880	TO	Piemonte	10090
Buttigliera d'Asti	45.0226378	7.9507994	AT	Piemonte	14021
Buttrio	46.0104210	13.3338310	UD	Friuli-Venezia Giulia	33042
Cabella Ligure	44.6737510	9.0957600	AL	Piemonte	15060
Cabiate	45.6741760	9.1737430	CO	Lombardia	22060
Cabras	39.9303142	8.5320543	OR	Sardegna	09072
Caccamo	37.9318004	13.6634902	PA	Sicilia	90012
Caccuri	39.2274164	16.7785692	KR	Calabria	88833
Cadegliano-Viconago	45.9646004	8.8309034	VA	Lombardia	21031
Cadelbosco di Sopra	44.7633191	10.5951823	RE	Emilia-Romagna	42023
Cadeo	44.9740463	9.8317942	PC	Emilia-Romagna	29010
Caderzone Terme	46.1302020	10.7574700	TN	Trentino-Alto Adige	38080
Cadoneghe	45.4586481	11.9201748	PD	Veneto	35010
Cadorago	45.7246094	9.0382187	CO	Lombardia	22071
Cadrezzate con Osmate	45.7899091	8.6492888	VA	Lombardia	21062
Caerano di San Marco	45.7859102	12.0010378	TV	Veneto	31031
Cafasse	45.2459605	7.5172354	TO	Piemonte	10070
Caggiano	40.5678130	15.4933610	SA	Campania	84030
Cagli	43.5457373	12.6517877	PU	Marche	61043
Cagliari	39.2171994	9.1133110	CA	Sardegna	09121,09122,09123,09124,09125,09126,09127,09128,09129,09130,09131,09132,09133,09134
Caglio	45.8716497	9.2382683	CO	Lombardia	22030
Cagnano Amiterno	42.4551678	13.2321888	AQ	Abruzzo	67012
Cagnano Varano	41.8235505	15.7790862	FG	Puglia	71010
Caianello	41.3046214	14.0842967	CE	Campania	81059
Caiazzo	41.1783215	14.3649478	CE	Campania	81013
Caines	46.6994802	11.1694866	BZ	Trentino-Alto Adige	39010
Caino	45.6126766	10.3150854	BS	Lombardia	25070
Caiolo	46.1499940	9.8145480	SO	Lombardia	23010
Cairano	40.8968190	15.3703540	AV	Campania	83040
Cairate	45.6909194	8.8724606	VA	Lombardia	21050
Cairo Montenotte	44.3992684	8.2745606	SV	Liguria	17014
Caivano	40.9571120	14.3102300	NA	Campania	80023
Calabritto	40.7822150	15.2239530	AV	Campania	83040
Calalzo di Cadore	46.4467154	12.3803853	BL	Veneto	32042
Calamandrana	44.7370162	8.3341542	AT	Piemonte	14042
Calamonaci	37.5261400	13.2898510	AG	Sicilia	92010
Calangianus	40.9197741	9.1948191	SS	Sardegna	07023
Calanna	38.1836690	15.7230940	RC	Calabria	89050
Calasca-Castiglione	45.9917298	8.1933771	VB	Piemonte	28873
Calascibetta	37.5901914	14.2719716	EN	Sicilia	94010
Calascio	42.3259503	13.6973602	AQ	Abruzzo	67020
Calasetta	39.1108144	8.3682645	SU	Sardegna	09011
Calatabiano	37.8224449	15.2276362	CT	Sicilia	95011
Calatafimi-Segesta	37.9136378	12.8618933	TP	Sicilia	91013
Calcata	42.2197263	12.4259417	VT	Lazio	01030
Calceranica al Lago	46.0042410	11.2428830	TN	Trentino-Alto Adige	38050
Calci	43.7257990	10.5152807	PI	Toscana	56011
Calciano	40.5880180	16.1923760	MT	Basilicata	75010
Calcinaia	43.6832014	10.6153079	PI	Toscana	56012
Calcinate	45.6197210	9.7988771	BG	Lombardia	24050
Calcinato	45.4571820	10.4135740	BS	Lombardia	25011
Calcio	45.5092097	9.8509786	BG	Lombardia	24054
Calco	45.7248681	9.4159051	LC	Lombardia	23885
Caldaro sulla strada del vino	46.4132594	11.2462025	BZ	Trentino-Alto Adige	39052
Caldarola	43.1385337	13.2248354	MC	Marche	62020
Calderara di Reno	44.5630515	11.2716930	BO	Emilia-Romagna	40012
Caldes	46.3653890	10.9425799	TN	Trentino-Alto Adige	38022
Caldiero	45.4143880	11.1773920	VR	Veneto	37042
Caldogno	45.6118362	11.5075805	VI	Veneto	36030
Caldonazzo	45.9915227	11.2621326	TN	Trentino-Alto Adige	38052
Calendasco	45.0873218	9.5974792	PC	Emilia-Romagna	29010
Calenzano	43.8652493	11.1673685	FI	Toscana	50041
Calestano	44.6007000	10.1229945	PR	Emilia-Romagna	43030
Calice al Cornoviglio	44.2431516	9.8366712	SP	Liguria	19020
Calice Ligure	44.2049330	8.2953510	SV	Liguria	17020
Calimera	40.2500221	18.2807272	LE	Puglia	73021
Calitri	40.9021190	15.4305560	AV	Campania	83045
Calizzano	44.2368806	8.1144696	SV	Liguria	17057
Callabiana	45.6313650	8.0972200	BI	Piemonte	13821
Calliano	45.9338514	11.0937583	TN	Trentino-Alto Adige	38060
Calliano Monferrato	45.0078256	8.2569404	AT	Piemonte	14031
Calolziocorte	45.8014719	9.4329787	LC	Lombardia	23801
Calopezzati	39.5606726	16.8011583	CS	Calabria	87060
Calosso	44.7398370	8.2275011	AT	Piemonte	14052
Caloveto	39.5058502	16.7595486	CS	Calabria	87060
Caltabellotta	37.5773409	13.2165480	AG	Sicilia	92010
Caltagirone	37.2372009	14.5132023	CT	Sicilia	95041
Caltanissetta	37.4899412	14.0631618	CL	Sicilia	93100
Caltavuturo	37.8210665	13.8902244	PA	Sicilia	90022
Caltignaga	45.5169755	8.5877820	NO	Piemonte	28010
Calto	44.9914983	11.3564707	RO	Veneto	45030
Caltrano	45.7706147	11.4608005	VI	Veneto	36030
Calusco d'Adda	45.6913790	9.4726490	BG	Lombardia	24033
Caluso	45.3049550	7.8957220	TO	Piemonte	10014
Calvagese della Riviera	45.5400742	10.4456864	BS	Lombardia	25080
Calvanico	40.7752120	14.8279440	SA	Campania	84080
Calvatone	45.1285740	10.4412810	CR	Lombardia	26030
Calvello	40.4760140	15.8485700	PZ	Basilicata	85010
Calvene	45.7659086	11.5121486	VI	Veneto	36030
Calvenzano	45.4949814	9.6012863	BG	Lombardia	24040
Calvera	40.1495090	16.1438810	PZ	Basilicata	85030
Calvi	41.0719001	14.8657158	BN	Campania	82018
Calvi dell'Umbria	42.4031242	12.5674320	TR	Umbria	05032
Calvi Risorta	41.2165380	14.1287306	CE	Campania	81042
Calvignano	44.9827441	9.1681632	PV	Lombardia	27040
Calvignasco	45.3259660	9.0277460	MI	Lombardia	20080
Calvisano	45.3480525	10.3459210	BS	Lombardia	25012
Calvizzano	40.9056961	14.1932896	NA	Campania	80012
Camagna Monferrato	45.0176530	8.4297390	AL	Piemonte	15030
Camaiore	43.9380611	10.3039553	LU	Toscana	55041
Camandona	45.6441650	8.0997200	BI	Piemonte	13821
Camastra	37.2522942	13.7935999	AG	Sicilia	92020
Cambiago	45.5725439	9.4268416	MI	Lombardia	20040
Cambiano	44.9714155	7.7786983	TO	Piemonte	10020
Cambiasca	45.9623770	8.5446240	VB	Piemonte	28814
Camburzano	45.5436675	8.0031311	BI	Piemonte	13891
Camerana	44.4240360	8.1414440	CN	Piemonte	12072
Camerano	43.5312679	13.5515741	AN	Marche	60021
Camerano Casasco	44.9910127	8.0911984	AT	Piemonte	14020
Camerata Cornello	45.8986860	9.6563490	BG	Lombardia	24010
Camerata Nuova	42.0190706	13.1079422	RM	Lazio	00020
Camerata Picena	43.5781353	13.3527346	AN	Marche	60020
Cameri	45.4996737	8.6604512	NO	Piemonte	28062
Camerino	43.1357641	13.0683092	MC	Marche	62032
Camerota	40.0325010	15.3727650	SA	Campania	84059
Camigliano	41.1798160	14.2095250	CE	Campania	81050
Camini	38.4322567	16.4819579	RC	Calabria	89040
Camino	45.1621424	8.2874026	AL	Piemonte	15020
Camino al Tagliamento	45.9270160	12.9451240	UD	Friuli-Venezia Giulia	33030
Camisano	45.4432750	9.7457600	CR	Lombardia	26010
Camisano Vicentino	45.5220266	11.7134998	VI	Veneto	36043
Cammarata	37.6338246	13.6377454	AG	Sicilia	92022
Camogli	44.3504419	9.1533524	GE	Liguria	16032
Campagna	40.6647292	15.1071455	SA	Campania	84022
Campagna Lupia	45.3549940	12.0968140	VE	Veneto	30010
Campagnano di Roma	42.1410780	12.3836686	RM	Lazio	00063
Campagnatico	42.8837290	11.2735370	GR	Toscana	58042
Campagnola Cremasca	45.3984740	9.6694590	CR	Lombardia	26010
Campagnola Emilia	44.8392700	10.7570930	RE	Emilia-Romagna	42012
Campana	39.4124481	16.8225645	CS	Calabria	87061
Camparada	45.6559770	9.3196460	MB	Lombardia	20857
Campegine	44.7817335	10.5284188	RE	Emilia-Romagna	42040
Campello sul Clitunno	42.8228682	12.7762635	PG	Umbria	06042
Campertogno	45.7989530	8.0321533	VC	Piemonte	13023
Campi Bisenzio	43.8216342	11.1366776	FI	Toscana	50013
Campi Salentina	40.3984955	18.0183191	LE	Puglia	73012
Campiglia Cervo	45.6628077	7.9999421	BI	Piemonte	13812
Campiglia dei Berici	45.3362423	11.5394891	VI	Veneto	36020
Campiglia Marittima	43.0606283	10.6154958	LI	Toscana	57021
Campiglione Fenile	44.8045985	7.3223128	TO	Piemonte	10060
Campione d'Italia	45.9680810	8.9710330	CO	Lombardia	22060
Campitello di Fassa	46.4878005	11.6981304	TN	Trentino-Alto Adige	38031
Campli	42.7262307	13.6862844	TE	Abruzzo	64012
Campo Calabro	38.2160690	15.6591920	RC	Calabria	89052
Campo di Giove	42.0101320	14.0394100	AQ	Abruzzo	67030
Campo di Trens	46.8571491	11.5090740	BZ	Trentino-Alto Adige	39040
Campo Ligure	44.5376440	8.6981530	GE	Liguria	16013
Campo nell'Elba	42.7587718	10.1989696	LI	Toscana	57034
Campo San Martino	45.5443960	11.8104040	PD	Veneto	35010
Campo Tures	46.9192363	11.9551824	BZ	Trentino-Alto Adige	39032
Campobasso	41.5597935	14.6602725	CB	Molise	86100
Campobello di Licata	37.2584400	13.9182660	AG	Sicilia	92023
Campobello di Mazara	37.6358380	12.7443380	TP	Sicilia	91021
Campochiaro	41.4475240	14.5089280	CB	Molise	86020
Campodarsego	45.5028550	11.9074958	PD	Veneto	35011
Campodenno	46.2578266	11.0331998	TN	Trentino-Alto Adige	38010
Campodimele	41.3904463	13.5303355	LT	Lazio	04020
Campodipietra	41.5570280	14.7460320	CB	Molise	86010
Campodolcino	46.4028756	9.3532536	SO	Lombardia	23021
Campodoro	45.4902940	11.7520040	PD	Veneto	35010
Campofelice di Fitalia	37.8266849	13.4859358	PA	Sicilia	90030
Campofelice di Roccella	37.9923336	13.8861829	PA	Sicilia	90010
Campofilone	43.0794694	13.8147864	FM	Marche	63828
Campofiorito	37.7536363	13.2687669	PA	Sicilia	90030
Campoformido	46.0193200	13.1624270	UD	Friuli-Venezia Giulia	33030
Campofranco	37.5104792	13.7110436	CL	Sicilia	93010
Campogalliano	44.6905118	10.8407336	MO	Emilia-Romagna	41011
Campolattaro	41.2869837	14.7298739	BN	Campania	82020
Campoli Appennino	41.7379172	13.6784797	FR	Lazio	03030
Campoli del Monte Taburno	41.1315180	14.6459350	BN	Campania	82030
Campolieto	41.6324794	14.7654374	CB	Molise	86040
Campolongo Maggiore	45.3305355	12.0483135	VE	Veneto	30010
Campolongo Tapogliano	45.8684905	13.4037546	UD	Friuli-Venezia Giulia	33040
Campomaggiore	40.5778524	16.0982736	PZ	Basilicata	85010
Campomarino	41.9562688	15.0343440	CB	Molise	86042
Campomorone	44.5073370	8.8901102	GE	Liguria	16014
Camponogara	45.3850683	12.0721215	VE	Veneto	30010
Campora	40.3054060	15.2923600	SA	Campania	84040
Camporeale	37.8971862	13.0954120	PA	Sicilia	90043
Camporgiano	44.1580565	10.3351514	LU	Toscana	55031
Camporosso	43.8151011	7.6284178	IM	Liguria	18033
Camporotondo di Fiastrone	43.1324510	13.2659770	MC	Marche	62020
Camporotondo Etneo	37.5675898	15.0051306	CT	Sicilia	95040
Camposampiero	45.5717600	11.9319294	PD	Veneto	35012
Camposano	40.9537434	14.5291542	NA	Campania	80030
Camposanto	44.7901008	11.1378084	MO	Emilia-Romagna	41031
Campospinoso	45.0944235	9.2449549	PV	Lombardia	27040
Campotosto	42.5588390	13.3679870	AQ	Abruzzo	67013
Camugnano	44.1704570	11.0888120	BO	Emilia-Romagna	40032
Canal San Bovo	46.1548460	11.7329554	TN	Trentino-Alto Adige	38050
Canale	44.7970224	7.9911864	CN	Piemonte	12043
Canale d'Agordo	46.3606682	11.9148315	BL	Veneto	32020
Canale Monterano	42.1360430	12.1030665	RM	Lazio	00060
Canaro	44.9354725	11.6767382	RO	Veneto	45034
Canazei	46.4768809	11.7710748	TN	Trentino-Alto Adige	38032
Cancellara	42.9279122	12.7528658	PZ	Basilicata	85010
Cancello ed Arnone	41.0741120	14.0274230	CE	Campania	81030
Canda	45.0343555	11.5056475	RO	Veneto	45020
Candela	41.1379250	15.5146540	FG	Puglia	71024
Candelo	45.5462084	8.1125991	BI	Piemonte	13878
Candia Canavese	45.3277550	7.8851210	TO	Piemonte	10010
Candia Lomellina	45.1787580	8.5948400	PV	Lombardia	27031
Candiana	45.2210900	11.9891140	PD	Veneto	35020
Candida	40.9422999	14.8751834	AV	Campania	83040
Candidoni	38.5054770	16.0862980	RC	Calabria	89020
Candiolo	44.9592440	7.6017220	TO	Piemonte	10060
Canegrate	45.5705379	8.9267921	MI	Lombardia	20010
Canelli	44.7192779	8.2871375	AT	Piemonte	14053
Canepina	42.3809608	12.2336522	VT	Lazio	01030
Caneva	45.9686618	12.4480970	PN	Friuli-Venezia Giulia	33070
Canicattì	37.3589420	13.8503640	AG	Sicilia	92024
Canicattini Bagni	37.0348710	15.0626532	SR	Sicilia	96010
Canino	42.4639626	11.7495088	VT	Lazio	01011
Canischio	45.3739870	7.5961265	TO	Piemonte	10080
Canistro	41.9326794	13.3920850	AQ	Abruzzo	67050
Canna	40.0939110	16.5042890	CS	Calabria	87070
Cannalonga	40.2442983	15.2936750	SA	Campania	84040
Cannara	42.9947420	12.5793630	PG	Umbria	06033
Cannero Riviera	46.0212496	8.6813976	VB	Piemonte	28821
Canneto Pavese	45.0504620	9.2787570	PV	Lombardia	27044
Canneto sull'Oglio	45.1494046	10.3797364	MN	Lombardia	46013
Cannobio	46.0618077	8.6976394	VB	Piemonte	28822
Cannole	40.1662250	18.3660300	LE	Puglia	73020
Canolo	38.3150434	16.1997834	RC	Calabria	89040
Canonica d'Adda	45.5756770	9.5416530	BG	Lombardia	24040
Canosa di Puglia	41.2196310	16.0674660	BT	Puglia	76012
Canosa Sannita	42.2954608	14.3007050	CH	Abruzzo	66010
Canosio	44.4558270	7.0827210	CN	Piemonte	12020
Canossa	44.5535604	10.4119138	RE	Emilia-Romagna	42026
Cansano	42.0044320	14.0119100	AQ	Abruzzo	67030
Cantagallo	44.0221929	11.0797738	PO	Toscana	59025
Cantalice	42.4673879	12.9037918	RI	Lazio	02014
Cantalupa	44.9459410	7.3303170	TO	Piemonte	10060
Cantalupo in Sabina	42.3047319	12.6500534	RI	Lazio	02040
Cantalupo Ligure	44.7181520	9.0449580	AL	Piemonte	15060
Cantalupo nel Sannio	41.5218250	14.3929250	IS	Molise	86092
Cantarana	44.9005158	8.0302173	AT	Piemonte	14010
Cantello	45.8199458	8.8947116	VA	Lombardia	21050
Canterano	41.9420762	13.0373148	RM	Lazio	00020
Cantiano	43.4743093	12.6288151	PU	Marche	61044
Cantoira	45.3433486	7.3801242	TO	Piemonte	10070
Cantù	45.7395347	9.1291030	CO	Lombardia	22063
Canzano	42.6467837	13.8031426	TE	Abruzzo	64020
Canzo	45.8506406	9.2748022	CO	Lombardia	22035
Caorle	45.5979147	12.8876282	VE	Veneto	30021
Caorso	45.0495995	9.8743749	PC	Emilia-Romagna	29012
Capaccio Paestum	40.4244070	15.0808540	SA	Campania	84047
Capaci	38.1707175	13.2391699	PA	Sicilia	90040
Capalbio	42.4548792	11.4195148	GR	Toscana	58011
Capannoli	43.5867314	10.6744566	PI	Toscana	56033
Capannori	43.8420391	10.5735254	LU	Toscana	55012
Capena	42.1401497	12.5402010	RM	Lazio	00060
Capergnanica	45.3375720	9.6433600	CR	Lombardia	26010
Capestrano	42.2675788	13.7686558	AQ	Abruzzo	67022
Capiago Intimiano	45.7708020	9.1300316	CO	Lombardia	22070
Capistrano	38.6922820	16.2896010	VV	Calabria	89818
Capistrello	41.9727270	13.3990960	AQ	Abruzzo	67053
Capitignano	42.5202031	13.3009480	AQ	Abruzzo	67014
Capizzi	37.8489090	14.4784730	ME	Sicilia	98031
Capizzone	45.7844820	9.5677500	BG	Lombardia	24030
Capo d'Orlando	38.1595733	14.7450733	ME	Sicilia	98071
Capo di Ponte	46.0309960	10.3458620	BS	Lombardia	25044
Capodimonte	42.5465270	11.9047550	VT	Lazio	01010
Capodrise	41.0441395	14.3033370	CE	Campania	81020
Capoliveri	42.7434524	10.3787797	LI	Toscana	57031
Capolona	43.5639980	11.8587865	AR	Toscana	52010
Caponago	45.5654382	9.3754414	MB	Lombardia	20867
Caporciano	42.2503166	13.6735362	AQ	Abruzzo	67020
Caposele	40.8149243	15.2239067	AV	Campania	83040
Capoterra	39.1753130	8.9719503	CA	Sardegna	09012
Capovalle	45.7544353	10.5446900	BS	Lombardia	25070
Cappadocia	41.9815716	13.2766093	AQ	Abruzzo	67060
Cappella Cantone	45.2468451	9.8384742	CR	Lombardia	26020
Cappella de' Picenardi	45.1585730	10.2299760	CR	Lombardia	26030
Cappella Maggiore	45.9695401	12.3616691	TV	Veneto	31012
Cappelle sul Tavo	42.4647420	14.1019767	PE	Abruzzo	65010
Capracotta	41.8339030	14.2642443	IS	Molise	86082
Capraia e Limite	43.7595634	10.9996997	FI	Toscana	50050
Capraia Isola	43.0481801	9.8434014	LI	Toscana	57032
Capralba	45.4440750	9.6432580	CR	Lombardia	26010
Capranica	42.2564918	12.1776114	VT	Lazio	01012
Capranica Prenestina	41.8629967	12.9518024	RM	Lazio	00030
Caprarica di Lecce	40.2581260	18.2490260	LE	Puglia	73010
Caprarola	42.3266250	12.2357660	VT	Lazio	01032
Caprauna	44.1189015	7.9502569	CN	Piemonte	12070
Caprese Michelangelo	43.6398520	11.9848400	AR	Toscana	52033
Caprezzo	45.9819780	8.5628240	VB	Piemonte	28815
Capri	40.5487748	14.2280874	NA	Campania	80073
Capri Leone	38.0858737	14.7301178	ME	Sicilia	98070
Capriana	46.2619126	11.3385837	TN	Trentino-Alto Adige	38030
Capriano del Colle	45.4548691	10.1303478	BS	Lombardia	25020
Capriata d'Orba	44.7278490	8.6908500	AL	Piemonte	15060
Capriate San Gervasio	45.6125780	9.5287520	BG	Lombardia	24042
Capriati a Volturno	41.4686220	14.1454200	CE	Campania	81014
Caprie	45.1188450	7.3319140	TO	Piemonte	10040
Capriglia Irpina	40.9603160	14.7772400	AV	Campania	83010
Capriglio	45.0041356	8.0079908	AT	Piemonte	14014
Caprile	45.6897517	8.2162595	BI	Piemonte	13864
Caprino Bergamasco	45.7452800	9.4817480	BG	Lombardia	24030
Caprino Veronese	45.6059385	10.7951325	VR	Veneto	37013
Capriolo	45.6372565	9.9336046	BS	Lombardia	25031
Capriva del Friuli	45.9414163	13.5136289	GO	Friuli-Venezia Giulia	34070
Capua	41.1079984	14.2097176	CE	Campania	81043
Capurso	41.0503200	16.9167417	BA	Puglia	70010
Caraffa del Bianco	38.0926700	16.0864030	RC	Calabria	89030
Caraffa di Catanzaro	38.8812870	16.4856030	CZ	Calabria	88050
Caraglio	44.4169892	7.4325905	CN	Piemonte	12023
Caramagna Piemonte	44.7822410	7.7394290	CN	Piemonte	12030
Caramanico Terme	42.1570375	14.0025552	PE	Abruzzo	65023
Carapelle	41.3653134	15.6936756	FG	Puglia	71041
Carapelle Calvisio	42.2986465	13.6839577	AQ	Abruzzo	67020
Carasco	44.3497559	9.3456502	GE	Liguria	16042
Carassai	43.0320520	13.6849870	AP	Marche	63063
Carate Brianza	45.6765494	9.2371619	MB	Lombardia	20841
Carate Urio	45.8805197	9.1104957	CO	Lombardia	22010
Caravaggio	45.4972605	9.6437404	BG	Lombardia	24043
Caravate	45.8778934	8.6519892	VA	Lombardia	21032
Caravino	45.3982580	7.9603220	TO	Piemonte	10010
Caravonica	43.9930250	7.9580470	IM	Liguria	18020
Carbognano	42.7952718	12.5985926	VT	Lazio	01030
Carbonara al Ticino	45.1654222	9.0619572	PV	Lombardia	27020
Carbonara di Nola	40.8742285	14.5786305	NA	Campania	80030
Carbonara Scrivia	44.8494005	8.8696537	AL	Piemonte	15050
Carbonate	45.6836574	8.9400155	CO	Lombardia	22070
Carbone	40.1424090	16.0893800	PZ	Basilicata	85030
Carbonera	45.6848378	12.2859442	TV	Veneto	31030
Carbonia	39.1653320	8.5278340	SU	Sardegna	09013
Carcare	44.3574727	8.2901625	SV	Liguria	17043
Carceri	45.1950006	11.6208414	PD	Veneto	35040
Carcoforo	45.9087495	8.0495370	VC	Piemonte	13026
Cardano al Campo	45.6457170	8.7724976	VA	Lombardia	21010
Cardè	44.7444380	7.4776240	CN	Piemonte	12030
Cardedu	39.7971841	9.6247299	NU	Sardegna	08040
Cardeto	38.0845670	15.7665960	RC	Calabria	89060
Cardinale	38.6428339	16.3877743	CZ	Calabria	88062
Cardito	40.9420120	14.2994300	NA	Campania	80024
Careggine	44.1199490	10.3253960	LU	Toscana	55030
Carema	45.5841595	7.8118976	TO	Piemonte	10010
Carenno	45.8034820	9.4620470	LC	Lombardia	23802
Carentino	44.8287390	8.4712989	AL	Piemonte	15026
Careri	38.1765710	16.1178030	RC	Calabria	89030
Caresana	45.2212633	8.5069241	VC	Piemonte	13010
Caresanablot	45.3576129	8.3888418	VC	Piemonte	13030
Carezzano	44.8068928	8.9001791	AL	Piemonte	15051
Carfizzi	39.3063599	16.9737915	KR	Calabria	88817
Cargeghe	40.6694610	8.6145150	SS	Sardegna	07030
Cariati	39.4962505	16.9474478	CS	Calabria	87062
Carife	41.0281055	15.2086615	AV	Campania	83040
Carignano	44.9069430	7.6732250	TO	Piemonte	10041
Carimate	45.7029760	9.1106410	CO	Lombardia	22060
Carinaro	40.9835844	14.2189907	CE	Campania	81032
Carini	38.1311720	13.1818847	PA	Sicilia	90044
Carinola	41.1869870	13.9812129	CE	Campania	81030
Carisio	45.4093600	8.1990270	VC	Piemonte	13040
Carisolo	46.1687756	10.7591591	TN	Trentino-Alto Adige	38080
Carlantino	41.5921177	14.9767652	FG	Puglia	71030
Carlazzo	46.0500035	9.1544999	CO	Lombardia	22010
Carlentini	37.2758806	15.0149783	SR	Sicilia	96013
Carlino	45.8022498	13.1882226	UD	Friuli-Venezia Giulia	33050
Carloforte	39.1426981	8.3026639	SU	Sardegna	09014
Carlopoli	39.0566900	16.4549000	CZ	Calabria	88040
Carmagnola	44.8455856	7.7192711	TO	Piemonte	10022
Carmiano	44.8526452	9.6192799	LE	Puglia	73041
Carmignano	43.8140654	11.0190297	PO	Toscana	59015
Carmignano di Brenta	45.6287707	11.6998606	PD	Veneto	35010
Carnago	45.7228491	8.8358485	VA	Lombardia	21040
Carnate	45.6472814	9.3790871	MB	Lombardia	20866
Carobbio degli Angeli	45.6651820	9.8291580	BG	Lombardia	24060
Carolei	39.2562920	16.2200930	CS	Calabria	87030
Carona	46.0213900	9.7828500	BG	Lombardia	24010
Caronia	38.0247070	14.4405839	ME	Sicilia	98072
Caronno Pertusella	45.5971023	9.0509248	VA	Lombardia	21042
Caronno Varesino	45.7386359	8.8312264	VA	Lombardia	21040
Carosino	40.4658240	17.3976050	TA	Puglia	74021
Carovigno	40.7071852	17.6568480	BR	Puglia	72012
Carovilli	41.7142482	14.2940001	IS	Molise	86083
Carpaneto Piacentino	44.9152116	9.7880952	PC	Emilia-Romagna	29013
Carpanzano	39.1474910	16.3032960	CS	Calabria	87050
Carpegna	43.7814344	12.3364462	PU	Marche	61021
Carpenedolo	45.3646065	10.4293846	BS	Lombardia	25013
Carpeneto	44.6772016	8.6064093	AL	Piemonte	15071
Carpi	44.7835699	10.8854523	MO	Emilia-Romagna	41012
Carpiano	45.3405722	9.2727326	MI	Lombardia	20080
Carpignano Salentino	40.1977814	18.3408272	LE	Puglia	73020
Carpignano Sesia	45.5346349	8.4185194	NO	Piemonte	28064
Carpineti	44.4559609	10.5196982	RE	Emilia-Romagna	42033
Carpineto della Nora	42.3330380	13.8608020	PE	Abruzzo	65010
Carpineto Romano	41.6044133	13.0847964	RM	Lazio	00032
Carpineto Sinello	42.0120360	14.5050200	CH	Abruzzo	66030
Carpino	41.8442420	15.8561530	FG	Puglia	71010
Carpinone	41.5904260	14.3233220	IS	Molise	86093
Carrara	44.0771026	10.0967260	MS	Toscana	54033
Carrè	45.7483844	11.4592977	VI	Veneto	36010
Carrega Ligure	44.6190465	9.1756369	AL	Piemonte	15060
Carro	44.2728242	9.6074789	SP	Liguria	19012
Carrodano	44.2419616	9.6558727	SP	Liguria	19020
Carrosio	44.6582837	8.8315737	AL	Piemonte	15060
Carrù	44.4810350	7.8744370	CN	Piemonte	12061
Carsoli	42.0989270	13.0848880	AQ	Abruzzo	67061
Cartigliano	45.7130543	11.6940642	VI	Veneto	36050
Cartignano	44.4776544	7.2877708	CN	Piemonte	12020
Cartoceto	43.7656630	12.8834580	PU	Marche	61030
Cartosio	44.5918425	8.4201313	AL	Piemonte	15015
Cartura	45.2683900	11.8568100	PD	Veneto	35025
Carugate	45.5497740	9.3437490	MI	Lombardia	20061
Carugo	45.7092250	9.1945741	CO	Lombardia	22060
Carunchio	41.9166340	14.5267220	CH	Abruzzo	66050
Carvico	45.7037790	9.4822490	BG	Lombardia	24030
Carzano	46.0703249	11.4933434	TN	Trentino-Alto Adige	38050
Casabona	39.2502845	16.9606589	KR	Calabria	88822
Casacalenda	41.7358123	14.8467093	CB	Molise	86043
Casacanditella	42.2485970	14.1998763	CH	Abruzzo	66010
Casagiove	41.0747150	14.3077290	CE	Campania	81022
Casal Cermelli	44.8349500	8.6249460	AL	Piemonte	15072
Casal di Principe	41.0114120	14.1248250	CE	Campania	81033
Casal Velino	40.1909074	15.1093738	SA	Campania	84040
Casalanguida	42.0366343	14.4993554	CH	Abruzzo	66031
Casalattico	41.6224124	13.7255588	FR	Lazio	03030
Casalbeltrame	45.4380640	8.4665320	NO	Piemonte	28060
Casalbordino	42.1506013	14.5847977	CH	Abruzzo	66021
Casalbore	41.2339230	15.0067420	AV	Campania	83034
Casalborgone	45.1304510	7.9404260	TO	Piemonte	10020
Casalbuono	40.2157502	15.6815866	SA	Campania	84030
Casalbuttano ed Uniti	45.2456450	9.9739188	CR	Lombardia	26011
Casalciprano	41.5803583	14.5281165	CB	Molise	86010
Casalduni	41.2602289	14.6960905	BN	Campania	82027
Casale Corte Cerro	45.9158429	8.4136779	VB	Piemonte	28881
Casale Cremasco-Vidolasco	45.4369682	9.7208949	CR	Lombardia	26010
Casale di Scodosia	45.1874943	11.4686356	PD	Veneto	35040
Casale Litta	45.7673316	8.7400873	VA	Lombardia	21020
Casale Marittimo	43.2970610	10.6153077	PI	Toscana	56040
Casale Monferrato	45.1362661	8.4498127	AL	Piemonte	15033
Casale sul Sile	45.5977665	12.3257335	TV	Veneto	31032
Casalecchio di Reno	44.4760177	11.2756857	BO	Emilia-Romagna	40033
Casaleggio Boiro	44.6335470	8.7304520	AL	Piemonte	15070
Casaleggio Novara	45.4887650	8.4919310	NO	Piemonte	28060
Casaleone	45.1706690	11.1993652	VR	Veneto	37052
Casaletto Ceredano	45.3180710	9.6175590	CR	Lombardia	26010
Casaletto di Sopra	45.4191750	9.7825610	CR	Lombardia	26014
Casaletto Lodigiano	45.2935680	9.3619540	LO	Lombardia	26852
Casaletto Spartano	40.1507050	15.6186690	SA	Campania	84030
Casaletto Vaprio	45.4081740	9.6287580	CR	Lombardia	26010
Casalfiumanese	44.2968640	11.6240220	BO	Emilia-Romagna	40020
Casalgrande	44.5880091	10.7373209	RE	Emilia-Romagna	42013
Casalgrasso	44.8196410	7.6246250	CN	Piemonte	12030
Casali del Manco	39.2948328	16.4501089	CS	Calabria	87059
Casalincontrada	42.2901533	14.1342334	CH	Abruzzo	66012
Casalino	43.4648515	12.1235678	NO	Piemonte	28060
Casalmaggiore	44.9863857	10.4153504	CR	Lombardia	26041
Casalmaiocco	45.3538700	9.3743530	LO	Lombardia	26831
Casalmorano	45.2863730	9.8996660	CR	Lombardia	26020
Casalmoro	45.2595770	10.4044780	MN	Lombardia	46040
Casalnoceto	44.9131769	8.9811563	AL	Piemonte	15052
Casalnuovo di Napoli	40.9045336	14.3510780	NA	Campania	80013
Casalnuovo Monterotaro	41.6202320	15.1038390	FG	Puglia	71033
Casaloldo	45.2547770	10.4743790	MN	Lombardia	46040
Casalpusterlengo	45.1793292	9.6483958	LO	Lombardia	26841
Casalromano	45.2006750	10.3693780	MN	Lombardia	46040
Casalserugo	45.3162255	11.9135453	PD	Veneto	35020
Casaluce	41.0019120	14.1980270	CE	Campania	81030
Casalvecchio di Puglia	41.5938320	15.1105390	FG	Puglia	71030
Casalvecchio Siculo	37.9581620	15.3225880	ME	Sicilia	98032
Casalvieri	41.6314023	13.7129928	FR	Lazio	03034
Casalvolone	45.4001979	8.4634209	NO	Piemonte	28060
Casalzuigno	45.9116303	8.7041019	VA	Lombardia	21030
Casamarciano	40.9316178	14.5534765	NA	Campania	80032
Casamassima	40.9571310	16.9203880	BA	Puglia	70010
Casamicciola Terme	40.7473561	13.9075118	NA	Campania	80074
Casandrino	40.9358637	14.2488046	NA	Campania	80025
Casanova Elvo	45.4009610	8.2935290	VC	Piemonte	13030
Casanova Lerrone	44.0321164	8.0502228	SV	Liguria	17033
Casanova Lonati	45.0944640	9.2134516	PV	Lombardia	27041
Casape	41.9065170	12.8852871	RM	Lazio	00010
Casapesenna	40.9915120	14.1361260	CE	Campania	81030
Casapinta	45.6160964	8.1957130	BI	Piemonte	13866
Casaprota	42.2510280	12.8042790	RI	Lazio	02030
Casapulla	41.0753140	14.2897280	CE	Campania	81020
Casarano	40.0108197	18.1617652	LE	Puglia	73042
Casargo	46.0395202	9.3882441	LC	Lombardia	23831
Casarile	45.3178884	9.1049027	MI	Lombardia	20080
Casarsa della Delizia	45.9559372	12.8426929	PN	Friuli-Venezia Giulia	33072
Casarza Ligure	44.2735459	9.4497709	GE	Liguria	16030
Casasco	44.8283471	9.0058111	AL	Piemonte	15050
Casatenovo	45.6979217	9.3122039	LC	Lombardia	23880
Casatisma	45.0490600	9.1319540	PV	Lombardia	27040
Casavatore	40.8992110	14.2766300	NA	Campania	80020
Casazza	45.7491840	9.9072580	BG	Lombardia	24060
Cascia	42.7170082	13.0135022	PG	Umbria	06043
Casciago	45.8354615	8.7811543	VA	Lombardia	21020
Casciana Terme Lari	43.5521588	10.5942065	PI	Toscana	56035
Cascina	43.6766738	10.5492244	PI	Toscana	56021
Cascinette d'Ivrea	45.4801590	7.9056190	TO	Piemonte	10010
Casei Gerola	45.0061458	8.9269892	PV	Lombardia	27050
Caselette	45.1047460	7.4808170	TO	Piemonte	10040
Casella	44.5355862	8.9967857	GE	Liguria	16015
Caselle in Pittari	40.1725386	15.5457516	SA	Campania	84030
Caselle Landi	45.1025680	9.7955670	LO	Lombardia	26842
Caselle Lurani	45.2803877	9.3602247	LO	Lombardia	26853
Caselle Torinese	45.1774901	7.6463671	TO	Piemonte	10072
Caserta	41.0820827	14.3347080	CE	Campania	81100
Casier	45.6283358	12.2651598	TV	Veneto	31030
Casignana	38.1018700	16.0899030	RC	Calabria	89030
Casina	44.5113388	10.4997852	RE	Emilia-Romagna	42034
Casirate d'Adda	45.4941243	9.5678078	BG	Lombardia	24040
Caslino d'Erba	45.8375886	9.2308703	CO	Lombardia	22030
Casnate con Bernate	45.7604832	9.0742779	CO	Lombardia	22070
Casnigo	45.8159118	9.8681406	BG	Lombardia	24020
Casola di Napoli	40.6960675	14.5334192	NA	Campania	80050
Casola in Lunigiana	44.1999608	10.1754596	MS	Toscana	54014
Casola Valsenio	44.2231871	11.6231101	RA	Emilia-Romagna	48032
Casole d'Elsa	43.3416972	11.0429492	SI	Toscana	53031
Casoli	42.1146370	14.2902140	CH	Abruzzo	66043
Casorate Primo	45.3123851	9.0179614	PV	Lombardia	27022
Casorate Sempione	45.6733755	8.7405206	VA	Lombardia	21011
Casorezzo	45.5243700	8.9015400	MI	Lombardia	20010
Casoria	40.9045572	14.2901223	NA	Campania	80026
Casorzo Monferrato	45.0233901	8.3345031	AT	Piemonte	14032
Casperia	42.3397290	12.6707750	RI	Lazio	02041
Caspoggio	46.2645945	9.8639250	SO	Lombardia	23020
Cassacco	46.1735947	13.1879335	UD	Friuli-Venezia Giulia	33010
Cassago Brianza	45.7382063	9.2910879	LC	Lombardia	23893
Cassano all'Ionio	39.7829902	16.3186365	CS	Calabria	87011
Cassano d'Adda	45.5263333	9.5214907	MI	Lombardia	20062
Cassano delle Murge	40.8910105	16.7686188	BA	Puglia	70020
Cassano Irpino	40.8704160	15.0259470	AV	Campania	83040
Cassano Magnago	45.6752214	8.8255843	VA	Lombardia	21012
Cassano Spinola	44.7661658	8.8631749	AL	Piemonte	15063
Cassano Valcuvia	45.9323780	8.7684290	VA	Lombardia	21030
Cassaro	37.1069373	14.9476102	SR	Sicilia	96010
Cassiglio	45.9667870	9.6121470	BG	Lombardia	24010
Cassina de' Pecchi	45.5191887	9.3619763	MI	Lombardia	20060
Cassina Rizzardi	45.7505496	9.0311999	CO	Lombardia	22070
Cassina Valsassina	45.9320850	9.4789450	LC	Lombardia	23817
Cassinasco	44.6890920	8.3032382	AT	Piemonte	14050
Cassine	44.7499480	8.5278460	AL	Piemonte	15016
Cassinelle	44.6015440	8.5634490	AL	Piemonte	15070
Cassinetta di Lugagnano	45.4235759	8.9083136	MI	Lombardia	20081
Cassino	41.4925576	13.8305297	FR	Lazio	03043
Cassola	45.7324069	11.7942558	VI	Veneto	36022
Cassolnovo	45.3655599	8.8100884	PV	Lombardia	27023
Castagnaro	45.1207552	11.4107501	VR	Veneto	37043
Castagneto Carducci	43.1607424	10.6110056	LI	Toscana	57022
Castagneto Po	45.1592510	7.8894250	TO	Piemonte	10090
Castagnito	44.7554430	8.0313350	CN	Piemonte	12050
Castagnole delle Lanze	44.7511402	8.1502447	AT	Piemonte	14054
Castagnole Monferrato	44.9615961	8.3062346	AT	Piemonte	14030
Castagnole Piemonte	44.8981420	7.5661230	TO	Piemonte	10060
Castana	45.0267610	9.2724570	PV	Lombardia	27040
Castano Primo	45.5515936	8.7769924	MI	Lombardia	20022
Casteggio	45.0141141	9.1235778	PV	Lombardia	27045
Castegnato	45.5607142	10.1153088	BS	Lombardia	25045
Castegnero	45.4424748	11.5844477	VI	Veneto	36020
Castel Baronia	41.0474210	15.1887480	AV	Campania	83040
Castel Boglione	44.7203956	8.3801058	AT	Piemonte	14040
Castel Bolognese	44.3204868	11.7992579	RA	Emilia-Romagna	48014
Castel Campagnano	41.1815532	14.4525036	CE	Campania	81010
Castel Castagna	42.5429410	13.7163950	TE	Abruzzo	64030
Castel Condino	45.9143950	10.6027700	TN	Trentino-Alto Adige	38082
Castel d'Aiano	44.2758590	10.9994080	BO	Emilia-Romagna	40034
Castel d'Ario	45.1890080	10.9751299	MN	Lombardia	46033
Castel d'Azzano	45.3558840	10.9529880	VR	Veneto	37060
Castel del Giudice	41.8546353	14.2309746	IS	Molise	86080
Castel del Monte	42.3649949	13.7265718	AQ	Abruzzo	67023
Castel del Piano	42.8932352	11.5383804	GR	Toscana	58033
Castel del Rio	44.2142924	11.5040816	BO	Emilia-Romagna	40022
Castel di Casio	44.1629560	11.0358110	BO	Emilia-Romagna	40030
Castel di Ieri	42.1152320	13.7426020	AQ	Abruzzo	67020
Castel di Iudica	37.4941730	14.6497153	CT	Sicilia	95040
Castel di Lama	42.8693507	13.7133753	AP	Marche	63082
Castel di Lucio	37.8864540	14.3121680	ME	Sicilia	98070
Castel di Sangro	41.7842727	14.1080639	AQ	Abruzzo	67031
Castel di Sasso	41.1922878	14.2806442	CE	Campania	81040
Castel di Tora	42.2153280	12.9641830	RI	Lazio	02020
Castel Focognano	43.6540276	11.7884391	AR	Toscana	52016
Castel Frentano	42.1971390	14.3552140	CH	Abruzzo	66032
Castel Gabbiano	45.4682760	9.7164590	CR	Lombardia	26010
Castel Gandolfo	41.7425222	12.6488774	RM	Lazio	00073
Castel Giorgio	42.7078943	11.9793909	TR	Umbria	05013
Castel Goffredo	45.2952784	10.4729815	MN	Lombardia	46042
Castel Guelfo di Bologna	44.4311401	11.6774095	BO	Emilia-Romagna	40023
Castel Ivano	46.0630586	11.5418246	TN	Trentino-Alto Adige	38059
Castel Madama	41.9769358	12.8691904	RM	Lazio	00024
Castel Maggiore	44.5756850	11.3648104	BO	Emilia-Romagna	40013
Castel Mella	45.4995922	10.1450083	BS	Lombardia	25030
Castel Morrone	41.1210160	14.3547290	CE	Campania	81020
Castel Ritaldi	42.8232601	12.6722871	PG	Umbria	06044
Castel Rocchero	44.7183460	8.4153440	AT	Piemonte	14044
Castel Rozzone	45.5522770	9.6198550	BG	Lombardia	24040
Castel San Giorgio	40.7837120	14.6988410	SA	Campania	84083
Castel San Giovanni	45.0590671	9.4341783	PC	Emilia-Romagna	29015
Castel San Lorenzo	40.4183080	15.2271570	SA	Campania	84049
Castel San Niccolò	43.7229174	11.6565981	AR	Toscana	52018
Castel San Pietro Romano	41.8457200	12.8948870	RM	Lazio	00030
Castel San Pietro Terme	44.4012699	11.5854987	BO	Emilia-Romagna	40024
Castel San Vincenzo	41.6553834	14.0624272	IS	Molise	86071
Castel Sant'Angelo	42.3938693	13.0234552	RI	Lazio	02010
Castel Sant'Elia	42.2517755	12.3717955	VT	Lazio	01030
Castel Viscardo	42.7546738	12.0013028	TR	Umbria	05014
Castel Vittorio	43.9285566	7.6744340	IM	Liguria	18030
Castel Volturno	41.0343130	13.9408351	CE	Campania	81030
Castelbaldo	45.1211715	11.4535022	PD	Veneto	35040
Castelbelforte	45.2147122	10.8927608	MN	Lombardia	46032
Castelbellino	43.4867580	13.1446680	AN	Marche	60030
Castelbello-Ciardes	46.6221611	10.9239986	BZ	Trentino-Alto Adige	39020
Castelbianco	44.1118166	8.0709079	SV	Liguria	17030
Castelbottaccio	41.7531249	14.7066085	CB	Molise	86030
Castelbuono	37.9331292	14.0877842	PA	Sicilia	90013
Castelcivita	40.4942100	15.2344560	SA	Campania	84020
Castelcovati	45.4984126	9.9432818	BS	Lombardia	25030
Castelcucco	45.8333237	11.8839691	TV	Veneto	31030
Casteldaccia	38.0541181	13.5302261	PA	Sicilia	90014
Casteldelci	43.7911505	12.1551264	RN	Emilia-Romagna	47861
Casteldelfino	44.5896382	7.0703201	CN	Piemonte	12020
Casteldidone	45.0694720	10.4062810	CR	Lombardia	26030
Castelfidardo	43.4645740	13.5467001	AN	Marche	60022
Castelfiorentino	43.6056068	10.9712484	FI	Toscana	50051
Castelforte	41.2990160	13.8240150	LT	Lazio	04021
Castelfranci	40.9309725	15.0428715	AV	Campania	83040
Castelfranco di Sotto	43.6997153	10.7451778	PI	Toscana	56022
Castelfranco Emilia	44.5950245	11.0529006	MO	Emilia-Romagna	41013
Castelfranco in Miscano	41.2973373	15.0855225	BN	Campania	82022
Castelfranco Piandiscò	43.6395122	11.5646231	AR	Toscana	52026
Castelfranco Veneto	45.6728109	11.9252448	TV	Veneto	31033
Castelgerundo	45.2002967	9.7438022	LO	Lombardia	26844
Castelgomberto	45.5852852	11.3944971	VI	Veneto	36070
Castelgrande	40.7866170	15.4301570	PZ	Basilicata	85050
Castelguglielmo	45.0251808	11.5373341	RO	Veneto	45020
Castelguidone	41.8236474	14.5240787	CH	Abruzzo	66040
Castell'Alfero	44.9820968	8.2099290	AT	Piemonte	14033
Castell'Arquato	44.8511798	9.8671175	PC	Emilia-Romagna	29014
Castell'Azzara	42.7716300	11.6992480	GR	Toscana	58034
Castell'Umberto	38.0843696	14.8071222	ME	Sicilia	98070
Castellabate	40.2761267	14.9581191	SA	Campania	84048
Castellafiume	41.9891260	13.3343950	AQ	Abruzzo	67050
Castellalto	42.6780416	13.8215888	TE	Abruzzo	64020
Castellammare del Golfo	38.0188460	12.8858370	TP	Sicilia	91014
Castellammare di Stabia	40.6943046	14.4804813	NA	Campania	80053
Castellamonte	45.3819550	7.7121170	TO	Piemonte	10081
Castellana Grotte	40.8864310	17.1654950	BA	Puglia	70013
Castellana Sicula	37.7831794	14.0410513	PA	Sicilia	90020
Castellaneta	40.6304240	16.9346775	TA	Puglia	74011
Castellania Coppi	44.7982682	8.9304784	AL	Piemonte	15051
Castellanza	45.6123744	8.8970383	VA	Lombardia	21053
Castellar Guidobono	44.9057264	8.9482890	AL	Piemonte	15050
Castellarano	44.5102806	10.7286395	RE	Emilia-Romagna	42014
Castellaro	43.8652210	7.8687480	IM	Liguria	18011
Castellazzo Bormida	44.8450500	8.5772450	AL	Piemonte	15073
Castellazzo Novarese	45.5133660	8.4869310	NO	Piemonte	28060
Castelleone	45.2938133	9.7643016	CR	Lombardia	26012
Castelleone di Suasa	43.6077646	12.9761261	AN	Marche	60010
Castellero	44.9243376	8.0745443	AT	Piemonte	14013
Castelletto Cervo	45.5162184	8.2266545	BI	Piemonte	13851
Castelletto d'Erro	44.6255897	8.3942882	AL	Piemonte	15010
Castelletto d'Orba	44.6845480	8.7039510	AL	Piemonte	15060
Castelletto di Branduzzo	45.0718393	9.0900443	PV	Lombardia	27040
Castelletto Merli	45.0744544	8.2405639	AL	Piemonte	15020
Castelletto Molina	44.7509549	8.4330937	AT	Piemonte	14040
Castelletto Monferrato	44.9811482	8.5645447	AL	Piemonte	15040
Castelletto sopra Ticino	45.7121687	8.6429769	NO	Piemonte	28053
Castelletto Stura	44.4417886	7.6386490	CN	Piemonte	12040
Castelletto Uzzone	44.4943380	8.1867430	CN	Piemonte	12070
Castelli	42.4879400	13.7116960	TE	Abruzzo	64041
Castelli Calepio	45.6319665	9.8960629	BG	Lombardia	24060
Castellina in Chianti	43.4691786	11.2872857	SI	Toscana	53011
Castellina Marittima	43.4125688	10.5761772	PI	Toscana	56040
Castellinaldo d'Alba	44.7749510	8.0299844	CN	Piemonte	12050
Castellino del Biferno	41.7016310	14.7311300	CB	Molise	86020
Castellino Tanaro	44.4278350	7.9812400	CN	Piemonte	12060
Castelliri	41.6792210	13.5514040	FR	Lazio	03030
Castello Cabiaglio	45.8934053	8.7559697	VA	Lombardia	21030
Castello d'Agogna	45.2345610	8.6871400	PV	Lombardia	27030
Castello d'Argile	44.6813212	11.2961688	BO	Emilia-Romagna	40050
Castello del Matese	41.3675389	14.3760599	CE	Campania	81016
Castello dell'Acqua	46.1459950	10.0135530	SO	Lombardia	23030
Castello di Annone	44.8790386	8.3138895	AT	Piemonte	14034
Castello di Brianza	45.7564706	9.3453548	LC	Lombardia	23884
Castello di Cisterna	40.9151120	14.4062330	NA	Campania	80030
Castello di Godego	45.6923801	11.8810438	TV	Veneto	31030
Castello Tesino	46.0641754	11.6321708	TN	Trentino-Alto Adige	38053
Castello-Molina di Fiemme	46.2560555	11.4044389	TN	Trentino-Alto Adige	38030
Castellucchio	45.1472760	10.6484850	MN	Lombardia	46014
Castelluccio dei Sauri	41.3039147	15.4792258	FG	Puglia	71025
Castelluccio Inferiore	40.0039050	15.9808790	PZ	Basilicata	85040
Castelluccio Superiore	40.0103050	15.9750790	PZ	Basilicata	85040
Castelluccio Valmaggiore	41.3423270	15.1990450	FG	Puglia	71020
Castelmagno	44.4093227	7.2071874	CN	Piemonte	12020
Castelmarte	45.8327443	9.2323609	CO	Lombardia	22030
Castelmassa	45.0168524	11.3104980	RO	Veneto	45035
Castelmauro	41.8290511	14.7102914	CB	Molise	86031
Castelmezzano	40.5302366	16.0465508	PZ	Basilicata	85010
Castelmola	37.8583477	15.2773159	ME	Sicilia	98030
Castelnovetto	45.2547600	8.6118380	PV	Lombardia	27030
Castelnovo Bariano	45.0278273	11.2874453	RO	Veneto	45030
Castelnovo del Friuli	46.2138316	12.8831038	PN	Friuli-Venezia Giulia	33090
Castelnovo di Sotto	44.8108626	10.5632954	RE	Emilia-Romagna	42024
Castelnovo ne' Monti	44.4355622	10.4032946	RE	Emilia-Romagna	42035
Castelnuovo	46.0528587	11.4932817	TN	Trentino-Alto Adige	38050
Castelnuovo Belbo	44.8015336	8.4121874	AT	Piemonte	14043
Castelnuovo Berardenga	43.3455237	11.5018883	SI	Toscana	53019
Castelnuovo Bocca d'Adda	45.1128416	9.8679588	LO	Lombardia	26843
Castelnuovo Bormida	44.7426480	8.5485470	AL	Piemonte	15017
Castelnuovo Bozzente	45.7645760	8.9435360	CO	Lombardia	22070
Castelnuovo Calcea	44.7881057	8.2852996	AT	Piemonte	14040
Castelnuovo Cilento	40.2195354	15.1771512	SA	Campania	84040
Castelnuovo del Garda	45.4383996	10.7604791	VR	Veneto	37014
Castelnuovo della Daunia	41.5826310	15.1208400	FG	Puglia	71034
Castelnuovo di Ceva	44.3536350	8.1289450	CN	Piemonte	12070
Castelnuovo di Conza	40.8190500	15.3193709	SA	Campania	84020
Castelnuovo di Farfa	42.2315237	12.7429986	RI	Lazio	02031
Castelnuovo di Garfagnana	44.1100220	10.4117858	LU	Toscana	55032
Castelnuovo di Porto	42.1253987	12.5007367	RM	Lazio	00060
Castelnuovo di Val di Cecina	43.2079982	10.9060512	PI	Toscana	56041
Castelnuovo Don Bosco	45.0408490	7.9631280	AT	Piemonte	14022
Castelnuovo Magra	44.0998518	10.0169419	SP	Liguria	19033
Castelnuovo Nigra	45.4570631	7.6954799	TO	Piemonte	10080
Castelnuovo Parano	41.3788737	13.7553846	FR	Lazio	03040
Castelnuovo Rangone	44.5513342	10.9350160	MO	Emilia-Romagna	41051
Castelnuovo Scrivia	44.9802488	8.8803561	AL	Piemonte	15053
Castelpagano	41.4017250	14.8080350	BN	Campania	82024
Castelpetroso	41.5594250	14.3450230	IS	Molise	86090
Castelpizzuto	41.5217240	14.2923220	IS	Molise	86090
Castelplanio	43.4930580	13.0818670	AN	Marche	60031
Castelpoto	41.1409274	14.7019370	BN	Campania	82030
Castelraimondo	43.2081510	13.0536710	MC	Marche	62022
Castelrotto	46.5475389	11.6084644	BZ	Trentino-Alto Adige	39040
Castelsantangelo sul Nera	42.8944925	13.1539297	MC	Marche	62039
Castelsaraceno	40.1637080	15.9918770	PZ	Basilicata	85031
Castelsardo	40.9104660	8.7183130	SS	Sardegna	07031
Castelseprio	45.7182628	8.8628523	VA	Lombardia	21050
Castelsilano	39.2690337	16.7674533	KR	Calabria	88834
Castelspina	44.8061493	8.5831455	AL	Piemonte	15070
Casteltermini	37.5408351	13.6431872	AG	Sicilia	92025
Castelveccana	45.9493458	8.6689149	VA	Lombardia	21010
Castelvecchio Calvisio	42.3106488	13.6886152	AQ	Abruzzo	67020
Castelvecchio di Rocca Barbena	44.1298290	8.1166480	SV	Liguria	17034
Castelvecchio Subequo	42.1302330	13.7278010	AQ	Abruzzo	67024
Castelvenere	41.2348200	14.5465320	BN	Campania	82037
Castelverde	45.1887710	9.9955700	CR	Lombardia	26022
Castelverrino	41.7664300	14.3976210	IS	Molise	86080
Castelvetere in Val Fortore	41.4419648	14.9395633	BN	Campania	82023
Castelvetere sul Calore	40.9287170	14.9861450	AV	Campania	83040
Castelvetrano	37.6828513	12.7955336	TP	Sicilia	91022
Castelvetro di Modena	44.5034615	10.9432999	MO	Emilia-Romagna	41014
Castelvetro Piacentino	45.1003347	9.9867161	PC	Emilia-Romagna	29010
Castelvisconti	45.3053740	9.9410670	CR	Lombardia	26010
Castenaso	44.5088703	11.4698112	BO	Emilia-Romagna	40055
Castenedolo	45.4715763	10.2983100	BS	Lombardia	25014
Castiadas	39.2363346	9.5010164	SU	Sardegna	09040
Castiglion Fibocchi	43.5279646	11.7631758	AR	Toscana	52029
Castiglion Fiorentino	43.3417150	11.9237800	AR	Toscana	52043
Castiglione a Casauria	42.2363783	13.8960373	PE	Abruzzo	65020
Castiglione Chiavarese	44.2740903	9.5146752	GE	Liguria	16030
Castiglione Cosentino	39.3516387	16.2844314	CS	Calabria	87040
Castiglione d'Adda	45.2189124	9.6941106	LO	Lombardia	26823
Castiglione d'Orcia	43.0071166	11.6155411	SI	Toscana	53023
Castiglione dei Pepoli	44.1413775	11.1541163	BO	Emilia-Romagna	40035
Castiglione del Genovesi	40.7255110	14.8484450	SA	Campania	84090
Castiglione del Lago	43.1271410	12.0452500	PG	Umbria	06061
Castiglione della Pescaia	42.7639301	10.8790917	GR	Toscana	58043
Castiglione delle Stiviere	45.3896766	10.4888745	MN	Lombardia	46043
Castiglione di Garfagnana	44.1499500	10.4108970	LU	Toscana	55033
Castiglione di Sicilia	37.8828505	15.1224925	CT	Sicilia	95012
Castiglione Falletto	44.6236987	7.9774527	CN	Piemonte	12060
Castiglione in Teverina	42.6571736	12.1629313	VT	Lazio	01024
Castiglione Messer Marino	41.8682549	14.4530577	CH	Abruzzo	66033
Castiglione Messer Raimondo	42.5319147	13.8815453	TE	Abruzzo	64034
Castiglione Olona	45.7554765	8.8668829	VA	Lombardia	21043
Castiglione Tinella	44.7253440	8.1901390	CN	Piemonte	12053
Castiglione Torinese	45.1008236	7.7979174	TO	Piemonte	10090
Castignano	42.9393500	13.6239870	AP	Marche	63072
Castilenti	42.5337046	13.9170108	TE	Abruzzo	64035
Castino	44.6178410	8.1824410	CN	Piemonte	12050
Castione Andevenno	46.1727940	9.8002470	SO	Lombardia	23012
Castione della Presolana	45.9074550	10.0350592	BG	Lombardia	24020
Castions di Strada	45.9083091	13.1853372	UD	Friuli-Venezia Giulia	33050
Castiraga Vidardo	45.2648093	9.3928747	LO	Lombardia	26866
Casto	45.6945498	10.3212431	BS	Lombardia	25070
Castorano	42.8980866	13.7280424	AP	Marche	63081
Castrezzato	45.5125048	9.9778550	BS	Lombardia	25030
Castri di Lecce	40.2738260	18.2633270	LE	Puglia	73020
Castrignano de' Greci	40.1738974	18.2970106	LE	Puglia	73020
Castrignano del Capo	39.8323180	18.3512330	LE	Puglia	73040
Castro	45.8029870	10.0670600	LE	Puglia	73030
Castro dei Volsci	41.5082170	13.4063030	FR	Lazio	03020
Castrocaro Terme e Terra del Sole	44.1823650	11.9556310	FC	Emilia-Romagna	47011
Castrocielo	41.5292828	13.6939382	FR	Lazio	03030
Castrofilippo	37.3485851	13.7500957	AG	Sicilia	92020
Castrolibero	39.3080930	16.1943920	CS	Calabria	87040
Castronno	45.7468305	8.8141625	VA	Lombardia	21040
Castronovo di Sicilia	37.6789450	13.6034550	PA	Sicilia	90030
Castronuovo di Sant'Andrea	40.1907100	16.1854810	PZ	Basilicata	85030
Castropignano	41.6183280	14.5598270	CB	Molise	86010
Castroreale	38.0992716	15.2106856	ME	Sicilia	98053
Castroregio	39.9924080	16.4775900	CS	Calabria	87070
Castrovillari	39.8119315	16.2026124	CS	Calabria	87012
Catania	37.5023612	15.0873718	CT	Sicilia	95121,95122,95123,95124,95125,95126,95127,95128,95129,95130,95131
Catanzaro	38.9076353	16.5960465	CZ	Calabria	88100
Catenanuova	37.5679714	14.6918187	EN	Sicilia	94010
Catignano	42.3462597	13.9501138	PE	Abruzzo	65011
Cattolica	43.9639933	12.7441515	RN	Emilia-Romagna	47841
Cattolica Eraclea	37.4408400	13.3920540	AG	Sicilia	92011
Caulonia	38.3813770	16.4090070	RC	Calabria	89041
Cautano	41.1493126	14.6380825	BN	Campania	82030
Cava de' Tirreni	40.7004616	14.7062633	SA	Campania	84013
Cava Manara	45.1401734	9.1068597	PV	Lombardia	27051
Cavaglià	45.4077339	8.0934286	BI	Piemonte	13881
Cavaglietto	45.6021680	8.5021300	NO	Piemonte	28010
Cavaglio d'Agogna	45.6131680	8.4861290	NO	Piemonte	28010
Cavagnolo	45.1521373	8.0514793	TO	Piemonte	10020
Cavaion Veronese	45.5402927	10.7701873	VR	Veneto	37010
Cavalese	46.2911870	11.4604681	TN	Trentino-Alto Adige	38033
Cavallerleone	44.7401390	7.6639280	CN	Piemonte	12030
Cavallermaggiore	44.7098390	7.6863290	CN	Piemonte	12030
Cavallino	40.3125270	18.2004250	LE	Puglia	73020
Cavallino-Treporti	45.4792171	12.5152570	VE	Veneto	30013
Cavallirio	45.6633680	8.3945260	NO	Piemonte	28010
Cavareno	46.4084120	11.1380730	TN	Trentino-Alto Adige	38011
Cavargna	46.0900860	9.1112340	CO	Lombardia	22010
Cavaria con Premezzo	45.6926822	8.7965290	VA	Lombardia	21044
Cavarzere	45.1360987	12.0812854	VE	Veneto	30014
Cavaso del Tomba	45.8653522	11.9033996	TV	Veneto	31034
Cavasso Nuovo	46.1965560	12.7703076	PN	Friuli-Venezia Giulia	33092
Cavatore	44.6303440	8.4542470	AL	Piemonte	15010
Cavazzo Carnico	46.3674902	13.0399653	UD	Friuli-Venezia Giulia	33020
Cave	41.8179234	12.9283673	RM	Lazio	00033
Cavedago	46.1846982	11.0314163	TN	Trentino-Alto Adige	38010
Cavedine	45.9952000	10.9735770	TN	Trentino-Alto Adige	38073
Cavenago d'Adda	45.2840104	9.6014420	LO	Lombardia	26824
Cavenago di Brianza	45.5849170	9.4160593	MB	Lombardia	20873
Cavernago	45.6250970	9.7616399	BG	Lombardia	24050
Cavezzo	44.8365000	11.0294353	MO	Emilia-Romagna	41032
Cavizzana	46.3675013	10.9579230	TN	Trentino-Alto Adige	38022
Cavour	44.7854988	7.3738413	TO	Piemonte	10061
Cavriago	44.6941945	10.5268984	RE	Emilia-Romagna	42025
Cavriana	45.3513347	10.6007909	MN	Lombardia	46040
Cavriglia	43.5218737	11.4889722	AR	Toscana	52022
Cazzago Brabbia	45.7976859	8.7331900	VA	Lombardia	21020
Cazzago San Martino	45.5805080	10.0262148	BS	Lombardia	25046
Cazzano di Tramigna	45.4730890	11.2028920	VR	Veneto	37030
Cazzano Sant'Andrea	45.8127326	9.8847039	BG	Lombardia	24026
Ceccano	41.5677170	13.3333010	FR	Lazio	03023
Cecima	44.8509689	9.0802378	PV	Lombardia	27050
Cecina	43.3113449	10.5173443	LI	Toscana	57023
Cedegolo	46.0766465	10.3500680	BS	Lombardia	25051
Cedrasco	46.1489585	9.7674440	SO	Lombardia	23010
Cefalà Diana	37.9151751	13.4635490	PA	Sicilia	90030
Cefalù	38.0349570	14.0244562	PA	Sicilia	90015
Ceggia	45.6864366	12.6375286	VE	Veneto	30022
Ceglie Messapica	40.6460444	17.5170566	BR	Puglia	72013
Celano	42.0843238	13.5462069	AQ	Abruzzo	67043
Celenza sul Trigno	41.8722901	14.5779067	CH	Abruzzo	66050
Celenza Valfortore	41.5617300	14.9788370	FG	Puglia	71035
Celico	39.3100940	16.3398950	CS	Calabria	87053
Cella Dati	45.0952710	10.2214770	CR	Lombardia	26040
Cella Monte	45.0748677	8.3911849	AL	Piemonte	15034
Cellamare	41.0193330	16.9282880	BA	Puglia	70010
Cellara	39.2184920	16.3347960	CS	Calabria	87050
Cellarengo	44.8666894	7.9447246	AT	Piemonte	14010
Cellatica	45.5841062	10.1802449	BS	Lombardia	25060
Celle di Bulgheria	40.0954893	15.4027050	SA	Campania	84040
Celle di Macra	44.4826926	7.1796507	CN	Piemonte	12020
Celle di San Vito	41.3259364	15.1809980	FG	Puglia	71020
Celle Enomondo	44.8573468	8.1223923	AT	Piemonte	14010
Celle Ligure	44.3463235	8.5444342	SV	Liguria	17015
Celleno	42.5597682	12.1257580	VT	Lazio	01020
Cellere	42.5104250	11.7716530	VT	Lazio	01010
Cellino Attanasio	42.5873111	13.8505254	TE	Abruzzo	64036
Cellino San Marco	40.4722280	17.9663180	BR	Puglia	72020
Cellio con Breia	45.7606063	8.3092760	VC	Piemonte	13024
Cellole	41.2048140	13.8543170	CE	Campania	81030
Cembra Lisignago	46.1806680	11.2007761	TN	Trentino-Alto Adige	38034
Cenadi	38.7194830	16.4172030	CZ	Calabria	88067
Cenate Sopra	45.7118675	9.8237131	BG	Lombardia	24060
Cenate Sotto	45.6985993	9.8236884	BG	Lombardia	24069
Cencenighe Agordino	46.3523090	11.9673485	BL	Veneto	32020
Cene	45.7836703	9.8254604	BG	Lombardia	24020
Ceneselli	45.0136954	11.3691561	RO	Veneto	45030
Cengio	44.3902587	8.2079522	SV	Liguria	17056
Centallo	44.5015330	7.5878300	CN	Piemonte	12044
Cento	44.7274395	11.2903029	FE	Emilia-Romagna	44042
Centola	40.0665020	15.3119630	SA	Campania	84051
Centrache	38.7289840	16.4321030	CZ	Calabria	88067
Centro Valle Intelvi	45.9504613	9.0637408	CO	Lombardia	22023
Centuripe	37.6229520	14.7390790	EN	Sicilia	94010
Cepagatti	42.3643016	14.0717952	PE	Abruzzo	65012
Ceppaloni	41.0445333	14.7600508	BN	Campania	82014
Ceppo Morelli	45.9717730	8.0677130	VB	Piemonte	28875
Ceprano	41.5404180	13.5122050	FR	Lazio	03024
Cerami	37.8106540	14.5072730	EN	Sicilia	94010
Ceranesi	44.5112695	8.8789407	GE	Liguria	16014
Cerano	45.4109660	8.7800390	NO	Piemonte	28065
Cerano d'Intelvi	45.9432820	9.0888360	CO	Lombardia	22020
Ceranova	45.2602660	9.2431520	PV	Lombardia	27010
Ceraso	40.1943040	15.2560610	SA	Campania	84052
Cercemaggiore	41.4613260	14.7231330	CB	Molise	86012
Cercenasco	44.8612913	7.5012695	TO	Piemonte	10060
Cercepiccola	41.4601250	14.6654310	CB	Molise	86010
Cerchiara di Calabria	39.8604050	16.3827890	CS	Calabria	87070
Cerchio	42.0637848	13.6001354	AQ	Abruzzo	67044
Cercino	46.1580910	9.5081410	SO	Lombardia	23016
Cercivento	46.5272704	12.9892339	UD	Friuli-Venezia Giulia	33020
Cercola	40.8600227	14.3589664	NA	Campania	80040
Cerda	37.9038816	13.8154084	PA	Sicilia	90010
Cerea	45.1920430	11.2129241	VR	Veneto	37053
Ceregnano	45.0494707	11.8708536	RO	Veneto	45010
Cerenzia	39.2440865	16.7883328	KR	Calabria	88833
Ceres	45.3133772	7.3896883	TO	Piemonte	10070
Ceresara	45.2651301	10.5670350	MN	Lombardia	46040
Cereseto	45.0876540	8.3199350	AL	Piemonte	15020
Ceresole Alba	44.7997420	7.8224300	CN	Piemonte	12040
Ceresole Reale	45.4319520	7.2357060	TO	Piemonte	10080
Cerete	45.8543485	10.0110195	BG	Lombardia	24020
Ceretto Lomellina	45.2449611	8.6724399	PV	Lombardia	27030
Cergnago	45.1982014	8.7728428	PV	Lombardia	27020
Ceriale	44.0916290	8.2232510	SV	Liguria	17023
Ceriana	43.8807025	7.7745643	IM	Liguria	18034
Ceriano Laghetto	45.6283491	9.0807968	MB	Lombardia	20816
Cerignale	44.6778530	9.3507650	PC	Emilia-Romagna	29020
Cerignola	41.2648121	15.8996651	FG	Puglia	71042
Cerisano	39.2760920	16.1753920	CS	Calabria	87044
Cermenate	45.7000804	9.0800884	CO	Lombardia	22072
Cermes	46.6346188	11.1465640	BZ	Trentino-Alto Adige	39010
Cermignano	42.5929123	13.7973984	TE	Abruzzo	64037
Cernobbio	45.8413945	9.0759048	CO	Lombardia	22012
Cernusco Lombardone	45.6928600	9.4006975	LC	Lombardia	23870
Cernusco sul Naviglio	45.5245578	9.3309250	MI	Lombardia	20063
Cerreto d'Asti	45.0515148	8.0357654	AT	Piemonte	14020
Cerreto d'Esi	43.3167891	12.9871235	AN	Marche	60043
Cerreto di Spoleto	42.8210425	12.9176291	PG	Umbria	06041
Cerreto Grue	44.8422158	8.9311193	AL	Piemonte	15050
Cerreto Guidi	43.7589215	10.8790130	FI	Toscana	50050
Cerreto Laziale	41.9444034	12.9828053	RM	Lazio	00020
Cerreto Sannita	41.2844718	14.5589453	BN	Campania	82032
Cerretto Langhe	44.5748390	8.0979400	CN	Piemonte	12050
Cerrina Monferrato	45.1213540	8.2138320	AL	Piemonte	15020
Cerrione	45.4683610	8.0681230	BI	Piemonte	13882
Cerro al Lambro	45.3299690	9.3390530	MI	Lombardia	20070
Cerro al Volturno	41.6559250	14.1023160	IS	Molise	86072
Cerro Maggiore	45.5930123	8.9513923	MI	Lombardia	20023
Cerro Tanaro	44.8724155	8.3602486	AT	Piemonte	14030
Cerro Veronese	45.5752921	11.0410864	VR	Veneto	37020
Cersosimo	40.0470090	16.3493860	PZ	Basilicata	85030
Certaldo	43.5478529	11.0411987	FI	Toscana	50052
Certosa di Pavia	45.2543547	9.1278876	PV	Lombardia	27012
Cerva	39.0188240	16.7427491	CZ	Calabria	88050
Cervara di Roma	41.9882240	13.0679890	RM	Lazio	00020
Cervarese Santa Croce	45.4243920	11.6879040	PD	Veneto	35030
Cervaro	41.4811575	13.9051132	FR	Lazio	03044
Cervasca	44.3809290	7.4712300	CN	Piemonte	12010
Cervatto	45.8829660	8.1623473	VC	Piemonte	13025
Cerveno	46.0025085	10.3257912	BS	Lombardia	25040
Cervere	44.6354380	7.7919320	CN	Piemonte	12040
Cervesina	45.0612590	9.0161510	PV	Lombardia	27050
Cerveteri	41.9983601	12.0988512	RM	Lazio	00052
Cervia	44.2609836	12.3495462	RA	Emilia-Romagna	48015
Cervicati	39.5424970	16.1282870	CS	Calabria	87010
Cervignano d'Adda	45.3738710	9.4240540	LO	Lombardia	26832
Cervignano del Friuli	45.8228339	13.3363820	UD	Friuli-Venezia Giulia	33052
Cervinara	41.0219277	14.6132908	AV	Campania	83012
Cervino	41.0400150	14.4240320	CE	Campania	81023
Cervo	43.9258581	8.1139292	IM	Liguria	18010
Cerzeto	39.5077960	16.1149880	CS	Calabria	87040
Cesa	40.9644120	14.2301280	CE	Campania	81030
Cesana Brianza	45.8167810	9.2995430	LC	Lombardia	23861
Cesana Torinese	44.9524431	6.7906727	TO	Piemonte	10054
Cesano Boscone	45.4474882	9.0934033	MI	Lombardia	20090
Cesano Maderno	45.6281892	9.1462397	MB	Lombardia	20811
Cesara	45.8344720	8.3664220	VB	Piemonte	28891
Cesarò	37.8440930	14.7117268	ME	Sicilia	98033
Cesate	45.5964350	9.0780147	MI	Lombardia	20020
Cesena	44.1363520	12.2422442	FC	Emilia-Romagna	47521,47522
Cesenatico	44.1999283	12.3969692	FC	Emilia-Romagna	47042
Cesinali	40.8955255	14.8283281	AV	Campania	83020
Cesio	44.0072964	7.9735359	IM	Liguria	18022
Cesiomaggiore	46.0888165	11.9876388	BL	Veneto	32030
Cessalto	45.7125964	12.6123141	TV	Veneto	31040
Cessaniti	38.6636800	16.0267950	VV	Calabria	89816
Cessapalombo	43.1087889	13.2580261	MC	Marche	62020
Cessole	44.6489435	8.2436398	AT	Piemonte	14050
Cetara	40.6482139	14.7004154	SA	Campania	84010
Ceto	46.0025950	10.3519630	BS	Lombardia	25040
Cetona	42.9647394	11.9004107	SI	Toscana	53040
Cetraro	39.5165950	15.9415840	CS	Calabria	87022
Ceva	44.3872764	8.0330475	CN	Piemonte	12073
Cevo	46.0813970	10.3685620	BS	Lombardia	25040
Challand-Saint-Anselme	45.7154622	7.7630439	AO	Valle d'Aosta	11020
Challand-Saint-Victor	45.6838515	7.7351851	AO	Valle d'Aosta	11020
Chambave	45.7104782	7.5506560	AO	Valle d'Aosta	11023
Chamois	45.8381584	7.6196917	AO	Valle d'Aosta	11020
Champdepraz	45.6853316	7.6577653	AO	Valle d'Aosta	11020
Champorcher	45.6238736	7.6210174	AO	Valle d'Aosta	11020
Charvensod	45.7208795	7.3260890	AO	Valle d'Aosta	11020
Châtillon	45.7487855	7.6125287	AO	Valle d'Aosta	11024
Cherasco	44.6522191	7.8580149	CN	Piemonte	12062
Cheremule	40.5063580	8.7253190	SS	Sardegna	07040
Chialamberto	45.3636694	7.3414713	TO	Piemonte	10070
Chiampo	45.5445732	11.2808956	VI	Veneto	36072
Chianche	41.0461566	14.7895888	AV	Campania	83010
Chianciano Terme	43.0582549	11.8284293	SI	Toscana	53042
Chianni	43.4861205	10.6423618	PI	Toscana	56034
Chianocco	45.1486294	7.1694448	TO	Piemonte	10050
Chiaramonte Gulfi	37.0313420	14.7012850	RG	Sicilia	97012
Chiaramonti	40.7490640	8.8186180	SS	Sardegna	07030
Chiarano	45.7300409	12.5812788	TV	Veneto	31040
Chiaravalle	43.6026620	13.3245710	AN	Marche	60033
Chiaravalle Centrale	38.6803830	16.4106030	CZ	Calabria	88064
Chiari	45.5364624	9.9288460	BS	Lombardia	25032
Chiaromonte	40.1240088	16.2138347	PZ	Basilicata	85032
Chiauci	41.6778469	14.3855378	IS	Molise	86097
Chiavari	44.3164494	9.3233382	GE	Liguria	16043
Chiavenna	46.3197862	9.3984945	SO	Lombardia	23022
Chiaverano	45.4988600	7.9026190	TO	Piemonte	10010
Chienes	46.8086270	11.8398396	BZ	Trentino-Alto Adige	39030
Chieri	45.0138842	7.8223544	TO	Piemonte	10023
Chies d'Alpago	46.1653278	12.3924722	BL	Veneto	32010
Chiesa in Valmalenco	46.2640846	9.8496555	SO	Lombardia	23023
Chiesanuova	45.4178859	7.6557948	TO	Piemonte	10080
Chiesina Uzzanese	43.8391003	10.7193421	PT	Toscana	51013
Chieti	42.3446529	14.1659738	CH	Abruzzo	66100
Chieuti	41.8446370	15.1659370	FG	Puglia	71010
Chieve	45.3404720	9.6164590	CR	Lombardia	26010
Chignolo d'Isola	45.6675790	9.5276510	BG	Lombardia	24040
Chignolo Po	45.1481660	9.4815590	PV	Lombardia	27013
Chioggia	45.2188940	12.2785805	VE	Veneto	30015
Chiomonte	45.1195420	6.9853060	TO	Piemonte	10050
Chions	45.8470473	12.7116705	PN	Friuli-Venezia Giulia	33083
Chiopris-Viscone	45.9314027	13.3811102	UD	Friuli-Venezia Giulia	33048
Chitignano	43.6623520	11.8813380	AR	Toscana	52010
Chiuduno	45.6508189	9.8480158	BG	Lombardia	24060
Chiuppano	45.7621733	11.4650759	VI	Veneto	36010
Chiuro	46.1708212	9.9893554	SO	Lombardia	23030
Chiusa	37.6772195	13.2705210	BZ	Trentino-Alto Adige	39043
Chiusa di Pesio	44.3264300	7.6754360	CN	Piemonte	12013
Chiusa di San Michele	45.1039129	7.3269720	TO	Piemonte	10050
Chiusa Sclafani	37.6772195	13.2705210	PA	Sicilia	90033
Chiusaforte	46.4083337	13.3090250	UD	Friuli-Venezia Giulia	33010
Chiusanico	43.9724065	7.9910739	IM	Liguria	18027
Chiusano d'Asti	44.9857163	8.1171589	AT	Piemonte	14025
Chiusano di San Domenico	40.9331160	14.9163440	AV	Campania	83040
Chiusavecchia	43.9676459	7.9841386	IM	Liguria	18027
Chiusdino	43.1546340	11.0842280	SI	Toscana	53012
Chiusi	43.0165076	11.9477118	SI	Toscana	53043
Chiusi della Verna	43.6950243	11.9386322	AR	Toscana	52010
Chivasso	45.1909588	7.8871864	TO	Piemonte	10034
Ciampino	41.8002891	12.6004706	RM	Lazio	00043
Cianciana	37.5196965	13.4340800	AG	Sicilia	92012
Cibiana di Cadore	46.3916132	12.2907997	BL	Veneto	32040
Cicagna	44.4093233	9.2355333	GE	Liguria	16044
Cicala	39.0221900	16.4861010	CZ	Calabria	88040
Cicciano	40.9647140	14.5389350	NA	Campania	80033
Cicerale	40.3438013	15.1292011	SA	Campania	84053
Ciciliano	43.4351309	12.1784741	RM	Lazio	00020
Cicognolo	45.1645730	10.1945750	CR	Lombardia	26030
Ciconio	45.3299150	7.7594925	TO	Piemonte	10080
Cigliano	45.3094496	8.0209788	VC	Piemonte	13043
Cigliè	44.4365350	7.9265390	CN	Piemonte	12060
Cigognola	45.0327610	9.2448560	PV	Lombardia	27040
Cigole	45.3086363	10.1893747	BS	Lombardia	25020
Cilavegna	45.3097520	8.7433478	PV	Lombardia	27024
Cimadolmo	45.7871320	12.3616121	TV	Veneto	31010
Cimbergo	46.0240960	10.3656630	BS	Lombardia	25050
Ciminà	38.2468194	16.1388115	RC	Calabria	89040
Ciminna	37.8968159	13.5623449	PA	Sicilia	90023
Cimitile	40.9405130	14.5254350	NA	Campania	80030
Cimolais	46.2876390	12.4380528	PN	Friuli-Venezia Giulia	33080
Cimone	45.9798500	11.0630167	TN	Trentino-Alto Adige	38060
Cinaglio	44.9752490	8.1000330	AT	Piemonte	14020
Cineto Romano	42.0498104	12.9630733	RM	Lazio	00020
Cingia de' Botti	45.0850710	10.2754780	CR	Lombardia	26042
Cingoli	43.3738411	13.2163133	MC	Marche	62011
Cinigiano	42.8904069	11.3928920	GR	Toscana	58044
Cinisello Balsamo	45.5586454	9.2141955	MI	Lombardia	20092
Cinisi	38.1549428	13.1098412	PA	Sicilia	90045
Cino	46.1581488	9.4861372	SO	Lombardia	23010
Cinquefrondi	38.4159570	16.0974291	RC	Calabria	89021
Cintano	45.4285560	7.6881150	TO	Piemonte	10080
Cinte Tesino	46.0567680	11.6148685	TN	Trentino-Alto Adige	38050
Cinto Caomaggiore	45.8258929	12.7855716	VE	Veneto	30020
Cinto Euganeo	45.2894673	11.6723755	PD	Veneto	35030
Cinzano	45.0946102	7.9239642	TO	Piemonte	10090
Ciorlano	41.4502210	14.1583200	CE	Campania	81010
Cipressa	43.8510162	7.9309503	IM	Liguria	18017
Circello	41.3575184	14.8090559	BN	Campania	82020
Ciriè	45.2352767	7.6003081	TO	Piemonte	10073
Cirigliano	40.3929278	16.1718458	MT	Basilicata	75010
Cirimido	45.6997750	9.0125390	CO	Lombardia	22070
Cirò	39.3817320	17.0613529	KR	Calabria	88813
Cirò Marina	39.3690917	17.1328568	KR	Calabria	88811
Cis	46.3991870	11.0029605	TN	Trentino-Alto Adige	38020
Cisano Bergamasco	45.7424800	9.4702480	BG	Lombardia	24034
Cisano sul Neva	44.0864021	8.1474179	SV	Liguria	17035
Ciserano	45.5852806	9.6008503	BG	Lombardia	24040
Cislago	45.6587762	8.9719319	VA	Lombardia	21040
Cisliano	45.4450193	8.9890914	MI	Lombardia	20080
Cison di Valmarino	45.9699873	12.1431366	TV	Veneto	31030
Cissone	44.5631390	8.0304390	CN	Piemonte	12050
Cisterna d'Asti	44.8250069	8.0046185	AT	Piemonte	14010
Cisterna di Latina	41.5906390	12.8290480	LT	Lazio	04012
Cisternino	40.7429852	17.4257450	BR	Puglia	72014
Citerna	43.4984067	12.1155164	PG	Umbria	06010
Città della Pieve	42.9527338	12.0043260	PG	Umbria	06062
Città di Castello	43.4574214	12.2403118	PG	Umbria	06012
Città Sant'Angelo	42.5181440	14.0592030	PE	Abruzzo	65013
Cittadella	45.6487941	11.7835801	PD	Veneto	35013
Cittaducale	42.3868338	12.9483413	RI	Lazio	02015
Cittanova	38.3539490	16.0806025	RC	Calabria	89022
Cittareale	42.6182543	13.1596844	RI	Lazio	02010
Cittiglio	45.8989110	8.6607384	VA	Lombardia	21033
Civate	45.8280810	9.3429440	LC	Lombardia	23862
Civezza	43.8798564	7.9513674	IM	Liguria	18017
Civezzano	46.0893670	11.1800260	TN	Trentino-Alto Adige	38045
Civiasco	45.8081897	8.2941165	VC	Piemonte	13010
Cividale del Friuli	46.0936233	13.4303277	UD	Friuli-Venezia Giulia	33043
Cividate al Piano	45.5548790	9.8309600	BG	Lombardia	24050
Cividate Camuno	45.9424930	10.2774620	BS	Lombardia	25040
Civita	39.8288040	16.3124880	CS	Calabria	87010
Civita Castellana	42.2952260	12.4091700	VT	Lazio	01033
Civita d'Antino	41.8861054	13.4711263	AQ	Abruzzo	67050
Civitacampomarano	41.7807189	14.6890111	CB	Molise	86030
Civitaluparella	41.9449446	14.3031530	CH	Abruzzo	66040
Civitanova del Sannio	41.6679280	14.4038230	IS	Molise	86094
Civitanova Marche	43.3055233	13.7229297	MC	Marche	62012
Civitaquana	42.3259913	13.8967439	PE	Abruzzo	65010
Civitavecchia	42.0937524	11.7922462	RM	Lazio	00053
Civitella Alfedena	41.7653260	13.9427110	AQ	Abruzzo	67030
Civitella Casanova	42.3646066	13.8891259	PE	Abruzzo	65010
Civitella d'Agliano	42.6053622	12.1876584	VT	Lazio	01020
Civitella del Tronto	42.7734460	13.6722910	TE	Abruzzo	64010
Civitella di Romagna	44.0071707	11.9413464	FC	Emilia-Romagna	47012
Civitella in Val di Chiana	43.4025271	11.7355862	AR	Toscana	52041
Civitella Messer Raimondo	42.0887415	14.2171622	CH	Abruzzo	66010
Civitella Paganico	43.0241256	11.2893105	GR	Toscana	58045
Civitella Roveto	41.9160260	13.4268980	AQ	Abruzzo	67054
Civitella San Paolo	42.1985250	12.5764750	RM	Lazio	00060
Civo	46.1548439	9.5601072	SO	Lombardia	23010
Claino con Osteno	46.0094892	9.0900897	CO	Lombardia	22010
Claut	46.2666749	12.5157093	PN	Friuli-Venezia Giulia	33080
Clauzetto	46.2299006	12.9155542	PN	Friuli-Venezia Giulia	33090
Clavesana	44.4819388	7.9120786	CN	Piemonte	12060
Claviere	44.9387991	6.7502942	TO	Piemonte	10050
Cles	46.3652616	11.0332447	TN	Trentino-Alto Adige	38023
Cleto	39.0901890	16.1583930	CS	Calabria	87030
Clivio	45.8642056	8.9293287	VA	Lombardia	21050
Clusone	45.8870880	9.9496560	BG	Lombardia	24023
Coassolo Torinese	45.2975828	7.4604581	TO	Piemonte	10070
Coazze	45.0521938	7.2979015	TO	Piemonte	10050
Coazzolo	44.7283700	8.1453311	AT	Piemonte	14054
Coccaglio	45.5634485	9.9782721	BS	Lombardia	25030
Cocconato	45.0874595	8.0392207	AT	Piemonte	14023
Cocquio-Trevisago	45.8634359	8.6956653	VA	Lombardia	21034
Cocullo	42.0328924	13.7746684	AQ	Abruzzo	67030
Codevigo	45.2673516	12.1013012	PD	Veneto	35020
Codevilla	44.9632880	9.0573853	PV	Lombardia	27050
Codigoro	44.8315810	12.1095240	FE	Emilia-Romagna	44021
Codognè	45.8667947	12.4339077	TV	Veneto	31013
Codogno	45.1600664	9.7043700	LO	Lombardia	26845
Codroipo	45.9611171	12.9789516	UD	Friuli-Venezia Giulia	33033
Codrongianos	40.6572610	8.6798160	SS	Sardegna	07040
Coggiola	45.6881394	8.1762643	BI	Piemonte	13863
Cogliate	45.6454161	9.0819874	MB	Lombardia	20815
Cogne	45.6087425	7.3560226	AO	Valle d'Aosta	11012
Cogoleto	44.3893419	8.6428599	GE	Liguria	16016
Cogollo del Cengio	45.7852211	11.4260950	VI	Veneto	36010
Cogorno	44.3330809	9.3724611	GE	Liguria	16030
Colazza	45.7925730	8.5003260	NO	Piemonte	28010
Colceresa	45.7229193	11.6166565	VI	Veneto	36064
Colere	45.9742920	10.0827570	BG	Lombardia	24020
Colfelice	41.5549190	13.6034070	FR	Lazio	03030
Coli	44.7447560	9.4145650	PC	Emilia-Romagna	29020
Colico	46.1162151	9.3149984	LC	Lombardia	23823
Collalto Sabino	42.1359516	13.0479802	RI	Lazio	02022
Collarmele	42.0590300	13.6257000	AQ	Abruzzo	67040
Collazzone	42.9004677	12.4351856	PG	Umbria	06050
Colle Brianza	45.7616609	9.3624253	LC	Lombardia	23886
Colle d'Anchise	41.5063250	14.5168270	CB	Molise	86020
Colle di Tora	42.2116280	12.9479830	RI	Lazio	02020
Colle di Val d'Elsa	43.4226455	11.1263940	SI	Toscana	53034
Colle San Magno	41.5512200	13.6949090	FR	Lazio	03030
Colle Sannita	41.3646832	14.8332315	BN	Campania	82024
Colle Santa Lucia	46.4470465	12.0140246	BL	Veneto	32020
Colle Umberto	45.9409837	12.3409719	TV	Veneto	31014
Collebeato	45.5813147	10.2102711	BS	Lombardia	25060
Collecchio	44.7520202	10.2166909	PR	Emilia-Romagna	43044
Collecorvino	42.4585977	14.0142803	PE	Abruzzo	65010
Colledara	42.5408678	13.6789376	TE	Abruzzo	64042
Colledimacine	42.0044330	14.2006140	CH	Abruzzo	66010
Colledimezzo	41.9856590	14.3811397	CH	Abruzzo	66040
Colleferro	41.7270330	13.0041576	RM	Lazio	00034
Collegiove	42.1755280	13.0389860	RI	Lazio	02020
Collegno	45.0775473	7.5724262	TO	Piemonte	10093
Collelongo	41.8862984	13.5833430	AQ	Abruzzo	67050
Collepardo	41.7643220	13.3694990	FR	Lazio	03010
Collepasso	40.0730200	18.1630729	LE	Puglia	73040
Collepietro	42.2216166	13.7800604	AQ	Abruzzo	67020
Colleretto Castelnuovo	45.4227551	7.6800403	TO	Piemonte	10080
Colleretto Giacosa	45.4318872	7.7995915	TO	Piemonte	10010
Collesalvetti	43.5889120	10.4762640	LI	Toscana	57014
Collesano	37.9214774	13.9374864	PA	Sicilia	90016
Colletorto	41.6629186	14.9733645	CB	Molise	86044
Collevecchio	42.3349766	12.5529530	RI	Lazio	02042
Colli a Volturno	41.5987240	14.1049170	IS	Molise	86073
Colli al Metauro	43.7423153	12.9089186	PU	Marche	61036
Colli del Tronto	42.8769738	13.7483546	AP	Marche	63079
Colli sul Velino	42.4982226	12.7786892	RI	Lazio	02010
Colli Verdi	44.9169169	9.2486904	PV	Lombardia	27061
Colliano	40.7261127	15.2911755	SA	Campania	84020
Collinas	39.6406306	8.8398750	SU	Sardegna	09020
Collio	45.8093124	10.3328723	BS	Lombardia	25060
Collobiano	45.3966831	8.3482841	VC	Piemonte	13030
Colloredo di Monte Albano	46.1664052	13.1390170	UD	Friuli-Venezia Giulia	33010
Colmurano	43.1638502	13.3569824	MC	Marche	62020
Colobraro	40.1873120	16.4249860	MT	Basilicata	75021
Cologna Veneta	45.3102870	11.3843990	VR	Veneto	37044
Cologne	45.5815203	9.9411725	BS	Lombardia	25033
Cologno al Serio	45.5797721	9.7077253	BG	Lombardia	24055
Cologno Monzese	45.5285540	9.2782244	MI	Lombardia	20093
Colognola ai Colli	45.4346311	11.1867006	VR	Veneto	37030
Colonna	41.8337180	12.7531840	RM	Lazio	00030
Colonnella	42.8726284	13.8650155	TE	Abruzzo	64010
Colonno	45.9576023	9.1555714	CO	Lombardia	22010
Colorina	46.1510725	9.7328367	SO	Lombardia	23010
Colorno	44.9265322	10.3771170	PR	Emilia-Romagna	43052
Colosimi	39.1190910	16.3996980	CS	Calabria	87050
Colturano	45.3797700	9.3378520	MI	Lombardia	20060
Colverde	45.8047185	9.0015257	CO	Lombardia	22041
Colzate	45.8160270	9.8558653	BG	Lombardia	24020
Comabbio	45.7719597	8.6743917	VA	Lombardia	21020
Comacchio	44.6963790	12.1804270	FE	Emilia-Romagna	44022
Comano	44.3114282	10.1459316	MS	Toscana	54015
Comano Terme	46.0091183	10.8836213	TN	Trentino-Alto Adige	38077
Comazzo	45.4409730	9.4646540	LO	Lombardia	26833
Comeglians	46.5152338	12.8678035	UD	Friuli-Venezia Giulia	33023
Comelico Superiore	46.5966618	12.5001013	BL	Veneto	32040
Comerio	45.8396174	8.7464409	VA	Lombardia	21025
Comezzano-Cizzago	45.4647565	9.9552337	BS	Lombardia	25030
Comignago	45.7148710	8.5640290	NO	Piemonte	28060
Comiso	36.9507336	14.6074553	RG	Sicilia	97013
Comitini	37.4079410	13.6429590	AG	Sicilia	92020
Comiziano	40.9521422	14.5514360	NA	Campania	80030
Commessaggio	45.0344427	10.5453454	MN	Lombardia	46010
Commezzadura	46.3129900	10.8328315	TN	Trentino-Alto Adige	38020
Como	45.8115623	9.0830353	CO	Lombardia	22100
Compiano	44.4960492	9.6620789	PR	Emilia-Romagna	43053
Comun Nuovo	45.6229111	9.6631272	BG	Lombardia	24040
Comunanza	42.9568523	13.4128721	AP	Marche	63087
Cona	45.1800706	12.0786953	VE	Veneto	30010
Conca Casale	41.4951210	14.0068160	IS	Molise	86070
Conca dei Marini	40.6176092	14.5725004	SA	Campania	84010
Conca della Campania	41.3334084	13.9896332	CE	Campania	81044
Concamarise	45.2072831	11.1385011	VR	Veneto	37050
Concerviano	42.3229606	12.9855096	RI	Lazio	02020
Concesio	45.6051840	10.2169670	BS	Lombardia	25062
Concordia Sagittaria	45.7561044	12.8449558	VE	Veneto	30023
Concordia sulla Secchia	44.9131740	10.9832970	MO	Emilia-Romagna	41033
Concorezzo	45.5896750	9.3359480	MB	Lombardia	20863
Condofuri	38.0046595	15.8573967	RC	Calabria	89030
Condove	45.1174186	7.3094552	TO	Piemonte	10055
Condrò	38.1731765	15.3269434	ME	Sicilia	98040
Conegliano	45.8862172	12.2977566	TV	Veneto	31015
Confienza	45.3321620	8.5563360	PV	Lombardia	27030
Configni	42.4235300	12.6421730	RI	Lazio	02040
Conflenti	39.0716890	16.2844960	CZ	Calabria	88040
Coniolo	45.1468515	8.3715190	AL	Piemonte	15030
Conselice	44.5127578	11.8291743	RA	Emilia-Romagna	48017
Conselve	45.2337438	11.8740131	PD	Veneto	35026
Contà	46.2951140	11.0189134	TN	Trentino-Alto Adige	38093
Contessa Entellina	37.7309803	13.1831444	PA	Sicilia	90030
Contigliano	42.4093586	12.7665388	RI	Lazio	02043
Contrada	40.8665266	14.7760307	AV	Campania	83020
Controguerra	42.8556887	13.8194862	TE	Abruzzo	64010
Controne	40.5096100	15.2055560	SA	Campania	84020
Contursi Terme	40.6495130	15.2393550	SA	Campania	84024
Conversano	40.9685142	17.1150442	BA	Puglia	70014
Conza della Campania	40.8585769	15.3360644	AV	Campania	83040
Conzano	45.0197168	8.4563691	AL	Piemonte	15030
Copertino	40.2716808	18.0502517	LE	Puglia	73043
Copiano	45.1962660	9.3224550	PV	Lombardia	27010
Copparo	44.8941828	11.8278892	FE	Emilia-Romagna	44034
Corana	45.0616590	8.9683500	PV	Lombardia	27050
Corato	41.1527614	16.4114643	BA	Puglia	70033
Corbara	40.7247819	14.5927630	SA	Campania	84010
Corbetta	45.4659366	8.9200896	MI	Lombardia	20011
Corbola	45.0056850	12.0785200	RO	Veneto	45015
Corchiano	42.3449260	12.3556680	VT	Lazio	01030
Corciano	43.1290269	12.2877180	PG	Umbria	06073
Cordenons	46.0037310	12.7186534	PN	Friuli-Venezia Giulia	33084
Cordignano	45.9489699	12.4160204	TV	Veneto	31016
Cordovado	45.8457769	12.8806648	PN	Friuli-Venezia Giulia	33075
Coreglia Antelminelli	44.0636526	10.5255090	LU	Toscana	55025
Coreglia Ligure	44.3829000	9.2643137	GE	Liguria	16040
Coreno Ausonio	41.3463206	13.7796720	FR	Lazio	03040
Corfinio	42.1241749	13.8424893	AQ	Abruzzo	67030
Cori	41.6431038	12.9158514	LT	Lazio	04010
Coriano	45.2748187	11.2890700	RN	Emilia-Romagna	47853
Corigliano d'Otranto	40.1596240	18.2594280	LE	Puglia	73022
Corigliano-Rossano	39.6163150	16.5778956	CS	Calabria	87064
Corinaldo	43.6488157	13.0476591	AN	Marche	60013
Corio	45.3134988	7.5320874	TO	Piemonte	10070
Corleone	37.8120779	13.3014383	PA	Sicilia	90034
Corleto Monforte	40.4372090	15.3795600	SA	Campania	84020
Corleto Perticara	40.3835130	16.0406760	PZ	Basilicata	85012
Cormano	45.5445133	9.1676207	MI	Lombardia	20032
Cormons	45.9577910	13.4709541	GO	Friuli-Venezia Giulia	34071
Corna Imagna	45.8306830	9.5448480	BG	Lombardia	24030
Cornalba	45.8517289	9.7432339	BG	Lombardia	24017
Cornale e Bastida	45.0454047	8.9126141	PV	Lombardia	27056
Cornaredo	45.5016851	9.0257460	MI	Lombardia	20010
Cornate d'Adda	45.6466993	9.4659391	MB	Lombardia	20872
Cornedo all'Isarco	46.4899125	11.4083882	BZ	Trentino-Alto Adige	39053
Cornedo Vicentino	45.6111057	11.3434053	VI	Veneto	36073
Cornegliano Laudense	45.2861690	9.4879570	LO	Lombardia	26854
Corneliano d'Alba	44.7359369	7.9598508	CN	Piemonte	12040
Corniglio	44.4758995	10.0889264	PR	Emilia-Romagna	43021
Corno di Rosazzo	45.9970608	13.4415949	UD	Friuli-Venezia Giulia	33040
Corno Giovine	45.1332909	9.7585115	LO	Lombardia	26846
Cornovecchio	45.1366680	9.7993670	LO	Lombardia	26842
Cornuda	45.8317308	12.0076655	TV	Veneto	31041
Correggio	44.7705610	10.7797829	RE	Emilia-Romagna	42015
Correzzana	45.6656887	9.3036259	MB	Lombardia	20856
Correzzola	45.2353821	12.0677625	PD	Veneto	35020
Corrido	46.0458323	9.1397711	CO	Lombardia	22010
Corridonia	43.2484575	13.5092120	MC	Marche	62014
Corropoli	42.8268137	13.8351851	TE	Abruzzo	64013
Corsano	39.8892190	18.3693330	LE	Puglia	73033
Corsico	45.4307363	9.1089390	MI	Lombardia	20094
Corsione	45.0009066	8.1460557	AT	Piemonte	14020
Cortaccia sulla strada del vino	46.3134726	11.2235011	BZ	Trentino-Alto Adige	39040
Cortale	38.8400860	16.4096020	CZ	Calabria	88020
Cortandone	44.9589667	8.0578022	AT	Piemonte	14013
Cortanze	45.0150180	8.0893796	AT	Piemonte	14020
Cortazzone	44.9796359	8.0616622	AT	Piemonte	14010
Corte Brugnatella	44.7157673	9.3602888	PC	Emilia-Romagna	29020
Corte de' Cortesi con Cignone	45.2674443	10.0030954	CR	Lombardia	26020
Corte de' Frati	45.2200295	10.0966845	CR	Lombardia	26010
Corte Franca	45.6374172	10.0064681	BS	Lombardia	25040
Corte Palasio	45.3096097	9.5643080	LO	Lombardia	26834
Cortemaggiore	44.9963532	9.9310724	PC	Emilia-Romagna	29016
Cortemilia	44.5794713	8.1933023	CN	Piemonte	12074
Corteno Golgi	46.1656207	10.2407986	BS	Lombardia	25040
Cortenova	45.9999225	9.3831654	LC	Lombardia	23813
Cortenuova	45.5389780	9.7878590	BG	Lombardia	24050
Corteolona e Genzone	45.1667773	9.3648134	PV	Lombardia	27014
Cortiglione	44.8228489	8.3588889	AT	Piemonte	14040
Cortina d'Ampezzo	46.5383332	12.1373506	BL	Veneto	32043
Cortina sulla strada del vino	46.2687016	11.2226851	BZ	Trentino-Alto Adige	39040
Cortino	42.6223968	13.5088146	TE	Abruzzo	64040
Cortona	43.2752976	11.9850623	AR	Toscana	52044
Corvara	42.2748753	13.8726935	PE	Abruzzo	65020
Corvara in Badia	46.5495743	11.8740339	BZ	Trentino-Alto Adige	39033
Corvino San Quirico	45.0101856	9.1623970	PV	Lombardia	27050
Corzano	45.4438105	10.0079911	BS	Lombardia	25030
Coseano	46.0970069	13.0193878	UD	Friuli-Venezia Giulia	33030
Cosenza	39.3099931	16.2501929	CS	Calabria	87100
Cosio d'Arroscia	44.0767660	7.8322955	IM	Liguria	18023
Cosio Valtellino	46.1337409	9.5291545	SO	Lombardia	23013
Cosoleto	38.2753720	15.9279970	RC	Calabria	89050
Cossano Belbo	44.6689894	8.1985786	CN	Piemonte	12054
Cossano Canavese	45.3877580	7.9915230	TO	Piemonte	10010
Cossato	45.5699123	8.1799881	BI	Piemonte	13836
Cosseria	44.3683143	8.2348661	SV	Liguria	17017
Cossignano	42.9840387	13.6880521	AP	Marche	63067
Cossogno	45.9640770	8.5096230	VB	Piemonte	28801
Cossoine	40.4309903	8.7150164	SS	Sardegna	07010
Cossombrato	44.9943201	8.1366510	AT	Piemonte	14020
Costa de' Nobili	45.1320538	9.3789043	PV	Lombardia	27010
Costa di Mezzate	45.6619810	9.7939570	BG	Lombardia	24060
Costa di Rovigo	45.0486883	11.6945311	RO	Veneto	45023
Costa Masnaga	45.7679634	9.2763722	LC	Lombardia	23845
Costa Serina	45.8324196	9.7419373	BG	Lombardia	24010
Costa Valle Imagna	45.8050104	9.5021410	BG	Lombardia	24030
Costa Vescovato	44.8164301	8.9268719	AL	Piemonte	15050
Costa Volpino	45.8298880	10.0981610	BG	Lombardia	24062
Costabissara	45.5855421	11.4877438	VI	Veneto	36030
Costacciaro	43.3604089	12.7123784	PG	Umbria	06021
Costanzana	45.2359501	8.3698748	VC	Piemonte	13033
Costarainera	43.8554210	7.9387490	IM	Liguria	18017
Costermano sul Garda	45.5856638	10.7399739	VR	Veneto	37010
Costigliole d'Asti	44.7864182	8.1822235	AT	Piemonte	14055
Costigliole Saluzzo	44.5645340	7.4854270	CN	Piemonte	12024
Cotignola	44.3838426	11.9402173	RA	Emilia-Romagna	48033
Cotronei	39.1583504	16.7735052	KR	Calabria	88836
Cottanello	42.4059662	12.6859706	RI	Lazio	02040
Courmayeur	45.7874248	6.9730618	AO	Valle d'Aosta	11013
Covo	45.5003219	9.7701068	BG	Lombardia	24050
Cozzo	45.1926590	8.6110400	PV	Lombardia	27030
Craco	40.3799160	16.4370840	MT	Basilicata	75010
Crandola Valsassina	46.0228917	9.3787630	LC	Lombardia	23832
Cravagliana	45.8483853	8.2026904	VC	Piemonte	13020
Cravanzana	44.5746198	8.1261845	CN	Piemonte	12050
Craveggia	46.1403771	8.4894291	VB	Piemonte	28852
Creazzo	45.5320528	11.4785807	VI	Veneto	36051
Crecchio	42.2985442	14.3268988	CH	Abruzzo	66014
Credaro	45.6605820	9.9310600	BG	Lombardia	24060
Credera Rubbiano	45.2960628	9.6505286	CR	Lombardia	26010
Crema	45.3628280	9.6874573	CR	Lombardia	26013
Cremella	45.7416805	9.2998854	LC	Lombardia	23894
Cremenaga	45.9889227	8.8021840	VA	Lombardia	21030
Cremeno	45.9348502	9.4737288	LC	Lombardia	23814
Cremia	46.0872851	9.2714803	CO	Lombardia	22010
Cremolino	44.6359450	8.5852490	AL	Piemonte	15010
Cremona	45.1334796	10.0248716	CR	Lombardia	26100
Cremosano	45.3949172	9.6395534	CR	Lombardia	26010
Crescentino	45.1904540	8.0999290	VC	Piemonte	13044
Crespadoro	45.6201930	11.2258900	VI	Veneto	36070
Crespiatica	45.3566720	9.5751580	LO	Lombardia	26835
Crespina Lorenzana	43.5879120	10.5546526	PI	Toscana	56042
Crespino	44.9825584	11.8861875	RO	Veneto	45030
Cressa	45.6470723	8.5081498	NO	Piemonte	28012
Crevacuore	45.6868680	8.2467220	BI	Piemonte	13864
Crevalcore	44.7205700	11.1498040	BO	Emilia-Romagna	40014
Crevoladossola	46.1485840	8.2974161	VB	Piemonte	28865
Crispano	40.9525120	14.2899300	NA	Campania	80020
Crispiano	40.6052497	17.2313031	TA	Puglia	74012
Crissolo	44.6991849	7.1576373	CN	Piemonte	12030
Crocefieschi	44.5797477	9.0239649	GE	Liguria	16010
Crocetta del Montello	45.8339959	12.0323268	TV	Veneto	31035
Crodo	46.2233007	8.3239356	VB	Piemonte	28862
Crognaleto	42.5879410	13.4895900	TE	Abruzzo	64043
Cropalati	39.5172010	16.7265010	CS	Calabria	87060
Cropani	38.9677910	16.7813080	CZ	Calabria	88051
Crosia	39.5676020	16.7728010	CS	Calabria	87060
Crosio della Valle	45.7599740	8.7704320	VA	Lombardia	21020
Crotone	39.0806223	17.1271960	KR	Calabria	88900
Crotta d'Adda	45.1584908	9.8541585	CR	Lombardia	26020
Crova	45.3306590	8.2108280	VC	Piemonte	13040
Croviana	46.3447786	10.9034227	TN	Trentino-Alto Adige	38027
Crucoli	39.4237010	17.0023080	KR	Calabria	88812
Cuasso al Monte	45.9147729	8.8791395	VA	Lombardia	21050
Cuccaro Vetere	40.1616815	15.3085471	SA	Campania	84050
Cucciago	45.7398765	9.0954888	CO	Lombardia	22060
Cuceglio	45.3594346	7.8151868	TO	Piemonte	10090
Cuggiono	45.5062394	8.8152655	MI	Lombardia	20012
Cugliate-Fabiasco	45.9435442	8.8180794	VA	Lombardia	21030
Cuglieri	40.1884721	8.5674049	OR	Sardegna	09073
Cugnoli	42.3071380	13.9327030	PE	Abruzzo	65020
Cumiana	44.9797420	7.3767170	TO	Piemonte	10040
Cumignano sul Naviglio	45.3555026	9.8355623	CR	Lombardia	26020
Cunardo	45.9374760	8.8012453	VA	Lombardia	21035
Cuneo	44.3896330	7.5479007	CN	Piemonte	12100
Cunico	45.0399500	8.0967310	AT	Piemonte	14026
Cuorgnè	45.3897204	7.6498168	TO	Piemonte	10082
Cupello	42.0692411	14.6678068	CH	Abruzzo	66051
Cupra Marittima	43.0250230	13.8587642	AP	Marche	63064
Cupramontana	43.4455544	13.1155997	AN	Marche	60034
Cura Carpignano	45.2120721	9.2554631	PV	Lombardia	27010
Curcuris	39.7461450	8.8306320	OR	Sardegna	09090
Cureggio	45.6748690	8.4597270	NO	Piemonte	28060
Curiglia con Monteviasco	46.0593917	8.8264911	VA	Lombardia	21010
Curinga	38.8261850	16.3134000	CZ	Calabria	88022
Curino	45.6275974	8.2372798	BI	Piemonte	13865
Curno	45.6915142	9.6109659	BG	Lombardia	24035
Curon Venosta	46.8037378	10.5550451	BZ	Trentino-Alto Adige	39027
Cursi	40.1496240	18.3148290	LE	Puglia	73020
Curtarolo	45.5222551	11.8320170	PD	Veneto	35010
Curtatone	45.1095529	10.7158423	MN	Lombardia	46010
Curti	41.0729140	14.2739280	CE	Campania	81040
Cusago	45.4498179	9.0363223	MI	Lombardia	20090
Cusano Milanino	45.5519897	9.1856198	MI	Lombardia	20095
Cusano Mutri	41.3390819	14.5073183	BN	Campania	82033
Cusino	46.0745836	9.1525033	CO	Lombardia	22010
Cusio	45.9907873	9.6018874	BG	Lombardia	24010
Custonaci	38.0781631	12.6752292	TP	Sicilia	91015
Cutro	39.0354447	16.9792627	KR	Calabria	88842
Cutrofiano	40.1263230	18.2016270	LE	Puglia	73020
Cuveglio	45.9110772	8.7263922	VA	Lombardia	21030
Cuvio	45.8961770	8.7341290	VA	Lombardia	21030
Dairago	45.5659720	8.8631736	MI	Lombardia	20020
Dalmine	45.6525039	9.6060129	BG	Lombardia	24044
Dambel	46.4047120	11.0930720	TN	Trentino-Alto Adige	38010
Danta di Cadore	46.5660290	12.5173020	BL	Veneto	32040
Darfo Boario Terme	45.8834863	10.1807068	BS	Lombardia	25047
Dasà	38.5648790	16.1960000	VV	Calabria	89832
Davagna	44.4669525	9.0909582	GE	Liguria	16022
Daverio	45.7784026	8.7718279	VA	Lombardia	21020
Davoli	38.6473830	16.4862050	CZ	Calabria	88060
Dazio	46.1612697	9.6008391	SO	Lombardia	23010
Decimomannu	39.3117380	8.9688410	CA	Sardegna	09033
Decimoputzu	39.3352380	8.9152400	SU	Sardegna	09010
Decollatura	39.0477890	16.3550980	CZ	Calabria	88041
Dego	44.4430380	8.3059470	SV	Liguria	17058
Deiva Marina	44.2182308	9.5200465	SP	Liguria	19013
Delebio	46.1360900	9.4606400	SO	Lombardia	23014
Delia	37.3560363	13.9272894	CL	Sicilia	93010
Delianuova	38.2340710	15.9177980	RC	Calabria	89012
Deliceto	41.2230260	15.3858500	FG	Puglia	71026
Dello	45.4181100	10.0752034	BS	Lombardia	25020
Demonte	44.3152636	7.2975079	CN	Piemonte	12014
Denice	44.5988420	8.3331450	AL	Piemonte	15010
Denno	46.2750080	11.0490740	TN	Trentino-Alto Adige	38010
Dernice	44.7668717	9.0507598	AL	Piemonte	15056
Derovere	45.1099720	10.2479770	CR	Lombardia	26040
Deruta	42.9822900	12.4195878	PG	Umbria	06053
Dervio	46.0765742	9.3045277	LC	Lombardia	23824
Desana	45.2688216	8.3567281	VC	Piemonte	13034
Desenzano del Garda	45.4694851	10.5389467	BS	Lombardia	25015
Desio	45.6183103	9.2081245	MB	Lombardia	20832
Desulo	40.0107563	9.2282957	NU	Sardegna	08032
Diamante	39.6777304	15.8211279	CS	Calabria	87023
Diano Arentino	43.9496250	8.0415500	IM	Liguria	18013
Diano Castello	43.9237407	8.0671862	IM	Liguria	18013
Diano d'Alba	44.6503104	8.0275084	CN	Piemonte	12055
Diano Marina	43.9100767	8.0803641	IM	Liguria	18013
Diano San Pietro	43.9314240	8.0716510	IM	Liguria	18013
Dicomano	43.8919618	11.5236505	FI	Toscana	50062
Dignano	46.0850276	12.9392936	UD	Friuli-Venezia Giulia	33030
Dimaro Folgarida	46.3021925	10.8869078	TN	Trentino-Alto Adige	38025
Dinami	38.5277757	16.1479581	VV	Calabria	89833
Dipignano	39.2374920	16.2530940	CS	Calabria	87045
Diso	40.0095220	18.3925320	LE	Puglia	73030
Divignano	45.6623700	8.6016310	NO	Piemonte	28010
Dizzasco	45.9437820	9.0997360	CO	Lombardia	22020
Dobbiaco	46.7354250	12.2242801	BZ	Trentino-Alto Adige	39034
Doberdò del Lago	45.8446301	13.5401419	GO	Friuli-Venezia Giulia	34070
Dogliani	44.5307822	7.9472329	CN	Piemonte	12063
Dogliola	41.9418959	14.6362750	CH	Abruzzo	66050
Dogna	46.4478748	13.3150568	UD	Friuli-Venezia Giulia	33010
Dolcè	45.6006890	10.8524820	VR	Veneto	37020
Dolceacqua	43.8506275	7.6240756	IM	Liguria	18035
Dolcedo	43.9074393	7.9510985	IM	Liguria	18020
Dolegna del Collio	46.0313230	13.4793349	GO	Friuli-Venezia Giulia	34070
Dolianova	39.3782410	9.1786440	SU	Sardegna	09041
Dolo	45.4249960	12.0763130	VE	Veneto	30031
Dolzago	45.7669800	9.3393450	LC	Lombardia	23843
Domanico	39.2196910	16.2060930	CS	Calabria	87030
Domaso	46.1509896	9.3281424	CO	Lombardia	22013
Domegge di Cadore	46.4603762	12.4158245	BL	Veneto	32040
Domicella	40.8800130	14.5877370	AV	Campania	83020
Domodossola	46.1152451	8.2920459	VB	Piemonte	28845
Domus de Maria	38.9440310	8.8635440	SU	Sardegna	09010
Domusnovas	39.3247360	8.6487340	SU	Sardegna	09015
Donato	45.5281920	7.9085570	BI	Piemonte	13893
Dongo	46.1229363	9.2790794	CO	Lombardia	22014
Donnas	45.6037633	7.7696974	AO	Valle d'Aosta	11020
Donori	39.4317971	9.1271532	SU	Sardegna	09040
Dorgali	40.2928022	9.5888320	NU	Sardegna	08022
Dorio	46.1018115	9.3192704	LC	Lombardia	23824
Dormelletto	45.7362720	8.5666280	NO	Piemonte	28040
Dorno	45.1550851	8.9518816	PV	Lombardia	27020
Dorzano	45.4260600	8.0985240	BI	Piemonte	13881
Dosolo	44.9533720	10.6375880	MN	Lombardia	46030
Dossena	45.8802860	9.6967510	BG	Lombardia	24010
Dosso del Liro	46.1639890	9.2729360	CO	Lombardia	22010
Doues	45.8193912	7.3065823	AO	Valle d'Aosta	11010
Dovadola	44.1225739	11.8882550	FC	Emilia-Romagna	47013
Dovera	45.3651533	9.5416879	CR	Lombardia	26010
Dozza	44.3593911	11.6288788	BO	Emilia-Romagna	40060
Dragoni	41.2702398	14.3097725	CE	Campania	81010
Drapia	38.6645238	15.9103631	VV	Calabria	89862
Drena	45.9692990	10.9444770	TN	Trentino-Alto Adige	38074
Drenchia	46.1741734	13.6365374	UD	Friuli-Venezia Giulia	33040
Dresano	45.3729705	9.3606419	MI	Lombardia	20070
Dro	45.9614710	10.9111105	TN	Trentino-Alto Adige	38074
Dronero	44.4659423	7.3672557	CN	Piemonte	12025
Druento	45.1344531	7.5764559	TO	Piemonte	10040
Druogno	46.1345371	8.4363445	VB	Piemonte	28853
Dualchi	40.2288550	8.8964270	NU	Sardegna	08010
Dubino	46.1534200	9.4613327	SO	Lombardia	23015
Due Carrare	45.2905049	11.8217529	PD	Veneto	35020
Dueville	45.6355174	11.5485978	VI	Veneto	36031
Dugenta	41.1322170	14.4524310	BN	Campania	82030
Duino Aurisina	45.7703771	13.6753046	TS	Friuli-Venezia Giulia	34011
Dumenza	46.0191641	8.7871203	VA	Lombardia	21010
Duno	45.9140638	8.7371939	VA	Lombardia	21030
Durazzano	41.0624811	14.4474777	BN	Campania	82015
Duronia	41.6589280	14.4584240	CB	Molise	86020
Dusino San Michele	44.9254929	7.9721895	AT	Piemonte	14010
Eboli	40.6175146	15.0569438	SA	Campania	84025
Edolo	46.1793752	10.3307572	BS	Lombardia	25048
Egna	46.3169161	11.2725698	BZ	Trentino-Alto Adige	39044
Elice	42.5182752	13.9682818	PE	Abruzzo	65010
Elini	39.8999005	9.5313470	NU	Sardegna	08040
Ello	45.4181100	10.0752034	LC	Lombardia	23848
Elmas	39.2680862	9.0496306	CA	Sardegna	09067
Elva	44.5405393	7.0904585	CN	Piemonte	12020
Emarèse	45.7233681	7.7006507	AO	Valle d'Aosta	11020
Empoli	43.7194884	10.9458556	FI	Toscana	50053
Endine Gaiano	45.7924860	9.9690580	BG	Lombardia	24060
Enego	45.9404927	11.7096122	VI	Veneto	36052
Enemonzo	46.4109017	12.8787158	UD	Friuli-Venezia Giulia	33020
Enna	37.5667573	14.2807473	EN	Sicilia	94100
Entracque	44.2414250	7.3993310	CN	Piemonte	12010
Entratico	45.7056148	9.8746256	BG	Lombardia	24060
Envie	44.6822350	7.3711230	CN	Piemonte	12030
Episcopia	40.0748070	16.0981810	PZ	Basilicata	85033
Eraclea	45.5762676	12.6729111	VE	Veneto	30020
Erba	45.8094955	9.2163816	CO	Lombardia	22036
Erbè	45.2409293	10.9684847	VR	Veneto	37060
Erbezzo	45.6400226	11.0015770	VR	Veneto	37020
Erbusco	45.5984995	9.9722164	BS	Lombardia	25030
Erchie	40.4360421	17.7346286	BR	Puglia	72020
Ercolano	40.8063090	14.3609330	NA	Campania	80056
Erice	38.0382301	12.5871823	TP	Sicilia	91016
Erli	44.1375290	8.1031480	SV	Liguria	17030
Erto e Casso	46.2770919	12.3595552	PN	Friuli-Venezia Giulia	33080
Erula	40.7911660	8.9422190	SS	Sardegna	07030
Erve	45.8215820	9.4528460	LC	Lombardia	23805
Esanatoglia	43.2522080	12.9478268	MC	Marche	62024
Escalaplano	39.6266470	9.3571440	SU	Sardegna	09051
Escolca	39.6984460	9.1215390	SU	Sardegna	09052
Esine	45.9256920	10.2508620	BS	Lombardia	25040
Esino Lario	45.9939388	9.3332004	LC	Lombardia	23825
Esperia	41.3839494	13.6806101	FR	Lazio	03045
Esporlatu	40.3866072	8.9897133	SS	Sardegna	07010
Este	45.2240069	11.6597960	PD	Veneto	35042
Esterzili	39.7791490	9.2847410	SU	Sardegna	09053
Etroubles	45.8205823	7.2305740	AO	Valle d'Aosta	11014
Eupilio	45.8180937	9.2644992	CO	Lombardia	22030
Exilles	45.0973834	6.9290646	TO	Piemonte	10050
Fabbrica Curone	44.7849540	9.1475590	AL	Piemonte	15054
Fabbriche di Vergemoli	44.0148355	10.3910521	LU	Toscana	55021
Fabbrico	44.8720906	10.8100618	RE	Emilia-Romagna	42042
Fabriano	43.3358407	12.9046187	AN	Marche	60044
Fabrica di Roma	42.3351260	12.2997670	VT	Lazio	01034
Fabrizia	38.4870780	16.3010030	VV	Calabria	89823
Fabro	42.8634804	12.0128824	TR	Umbria	05015
Faedis	46.1503250	13.3464290	UD	Friuli-Venezia Giulia	33040
Faedo Valtellino	46.1529950	9.9060500	SO	Lombardia	23020
Faenza	44.2855555	11.8832055	RA	Emilia-Romagna	48018
Faeto	41.3254260	15.1598440	FG	Puglia	71020
Fagagna	46.1134401	13.0845716	UD	Friuli-Venezia Giulia	33034
Faggeto Lario	45.8580786	9.1709044	CO	Lombardia	22020
Faggiano	41.1096747	14.5217599	TA	Puglia	74020
Fagnano Alto	42.2541805	13.5974586	AQ	Abruzzo	67020
Fagnano Castello	39.5656970	16.0536725	CS	Calabria	87013
Fagnano Olona	45.6689478	8.8727714	VA	Lombardia	21054
Fai della Paganella	46.1793313	11.0689304	TN	Trentino-Alto Adige	38010
Faicchio	41.2780306	14.4787446	BN	Campania	82030
Falcade	46.3581276	11.8721031	BL	Veneto	32020
Falciano del Massico	41.1651220	13.9494528	CE	Campania	81030
Falconara Albanese	39.2758920	16.0917900	CS	Calabria	87030
Falconara Marittima	43.6293969	13.3966763	AN	Marche	60015
Falcone	38.1174821	15.0796108	ME	Sicilia	98060
Faleria	42.2261788	12.4431811	VT	Lazio	01030
Falerna	39.0024870	16.1706950	CZ	Calabria	88042
Falerone	43.1070520	13.4716820	FM	Marche	63837
Fallo	41.9383330	14.3236170	CH	Abruzzo	66040
Faloppio	45.8088906	8.9711729	CO	Lombardia	22020
Falvaterra	41.5051180	13.5238060	FR	Lazio	03020
Falzes	46.8119803	11.8840064	BZ	Trentino-Alto Adige	39030
Fanano	44.2077372	10.7938365	MO	Emilia-Romagna	41021
Fanna	46.1871178	12.7530826	PN	Friuli-Venezia Giulia	33092
Fano	43.8424173	13.0146632	PU	Marche	61032
Fano Adriano	42.5521311	13.5379617	TE	Abruzzo	64044
Fara Filiorum Petri	42.2486966	14.1859179	CH	Abruzzo	66010
Fara Gera d'Adda	45.5556760	9.5378530	BG	Lombardia	24045
Fara in Sabina	42.2095582	12.7293703	RI	Lazio	02032
Fara Novarese	45.5551594	8.4589412	NO	Piemonte	28073
Fara Olivana con Sola	45.4917202	9.7373624	BG	Lombardia	24058
Fara San Martino	42.0898152	14.2053326	CH	Abruzzo	66015
Fara Vicentino	45.7395927	11.5482872	VI	Veneto	36030
Fardella	40.1138090	16.1697820	PZ	Basilicata	85034
Farigliano	44.5120312	7.9142450	CN	Piemonte	12060
Farindola	42.4411465	13.8234374	PE	Abruzzo	65010
Farini	44.7128373	9.5692864	PC	Emilia-Romagna	29023
Farnese	42.5494260	11.7256520	VT	Lazio	01010
Farra d'Isonzo	45.9080200	13.5165379	GO	Friuli-Venezia Giulia	34072
Farra di Soligo	45.9053812	12.1254301	TV	Veneto	31010
Fasano	40.8344320	17.3583990	BR	Puglia	72015
Fascia	44.5719677	9.2356396	GE	Liguria	16020
Fauglia	43.5706380	10.5144090	PI	Toscana	56043
Faule	44.8062400	7.5851250	CN	Piemonte	12030
Favale di Malvaro	44.4529968	9.2595603	GE	Liguria	16040
Favara	37.3161967	13.6624175	AG	Sicilia	92026
Favignana	37.9314018	12.3274291	TP	Sicilia	91023
Favria	45.3311540	7.6906170	TO	Piemonte	10083
Feisoglio	44.5437390	8.1049410	CN	Piemonte	12050
Feletto	45.3038530	7.7447190	TO	Piemonte	10080
Felino	44.6965871	10.2372047	PR	Emilia-Romagna	43035
Felitto	40.3735070	15.2430580	SA	Campania	84055
Felizzano	44.8999639	8.4362123	AL	Piemonte	15023
Feltre	46.0163755	11.9062541	BL	Veneto	32032
Fenegrò	45.7007039	8.9986170	CO	Lombardia	22070
Fenestrelle	45.0360951	7.0495615	TO	Piemonte	10060
Fénis	45.4371908	12.3345898	AO	Valle d'Aosta	11020
Ferentillo	42.6207678	12.7887263	TR	Umbria	05034
Ferentino	41.6929320	13.2534215	FR	Lazio	03013
Ferla	37.1185821	14.9411382	SR	Sicilia	96010
Fermignano	43.6767577	12.6453734	PU	Marche	61033
Fermo	43.1604184	13.7161408	FM	Marche	63900
Ferno	45.6141475	8.7545482	VA	Lombardia	21010
Feroleto Antico	38.9610947	16.3883274	CZ	Calabria	88040
Feroleto della Chiesa	38.4657760	16.0641980	RC	Calabria	89050
Ferrandina	40.5012180	16.4546830	MT	Basilicata	75013
Ferrara	44.8372737	11.6186451	FE	Emilia-Romagna	44121,44122,44123,44124
Ferrara di Monte Baldo	45.6769155	10.8543397	VR	Veneto	37020
Ferrazzano	41.5309467	14.6710473	CB	Molise	86010
Ferrera di Varese	45.9345252	8.7858239	VA	Lombardia	21030
Ferrera Erbognone	45.1150590	8.8643470	PV	Lombardia	27032
Ferrere	44.8754460	7.9947320	AT	Piemonte	14012
Ferriere	44.6441441	9.4974568	PC	Emilia-Romagna	29024
Ferruzzano	38.0355167	16.0912647	RC	Calabria	89030
Fiamignano	42.2650331	13.1263626	RI	Lazio	02023
Fiano	45.2168706	7.5226852	TO	Piemonte	10070
Fiano Romano	42.1719129	12.5927265	RM	Lazio	00065
Fiastra	43.0361407	13.1554547	MC	Marche	62035
Fiavè	46.0045798	10.8420518	TN	Trentino-Alto Adige	38075
Ficarazzi	38.0884578	13.4637863	PA	Sicilia	90010
Ficarolo	44.9537986	11.4357293	RO	Veneto	45036
Ficarra	38.1090610	14.8289760	ME	Sicilia	98062
Ficulle	42.8362745	12.0656093	TR	Umbria	05016
Fidenza	44.8665220	10.0611939	PR	Emilia-Romagna	43036
Fiè allo Sciliar	46.5177697	11.5027759	BZ	Trentino-Alto Adige	39050
Fierozzo	46.1080873	11.3463101	TN	Trentino-Alto Adige	38050
Fiesco	45.3363613	9.7776099	CR	Lombardia	26010
Fiesole	43.8066689	11.2930735	FI	Toscana	50014
Fiesse	45.2314750	10.3241770	BS	Lombardia	25020
Fiesso d'Artico	45.4173480	12.0331806	VE	Veneto	30032
Fiesso Umbertiano	44.9611843	11.6046419	RO	Veneto	45024
Figino Serenza	45.7097797	9.1289394	CO	Lombardia	22060
Figline e Incisa Valdarno	43.6307949	11.4629459	FI	Toscana	50063
Figline Vegliaturo	39.2251920	16.3302960	CS	Calabria	87050
Filacciano	42.2548260	12.5976750	RM	Lazio	00060
Filadelfia	38.7837640	16.2910880	VV	Calabria	89814
Filago	45.6375780	9.5563520	BG	Lombardia	24040
Filandari	38.6150790	16.0313960	VV	Calabria	89841
Filattiera	44.3307913	9.9348230	MS	Toscana	54023
Filettino	41.8914240	13.3274960	FR	Lazio	03010
Filetto	42.2282241	14.2450948	CH	Abruzzo	66030
Filiano	40.8318792	15.7162915	PZ	Basilicata	85020
Filighera	45.1770650	9.3159550	PV	Lombardia	27010
Filignano	41.5453320	14.0561754	IS	Molise	86074
Filogaso	38.6814810	16.2286990	VV	Calabria	89843
Filottrano	43.4366590	13.3544740	AN	Marche	60024
Finale Emilia	44.8345740	11.2939050	MO	Emilia-Romagna	41034
Finale Ligure	44.1689049	8.3436524	SV	Liguria	17024
Fino del Monte	45.8903679	9.9926194	BG	Lombardia	24020
Fino Mornasco	45.7428760	9.0476390	CO	Lombardia	22073
Fiorano al Serio	45.7998409	9.8422937	BG	Lombardia	24020
Fiorano Canavese	45.4677580	7.8337180	TO	Piemonte	10010
Fiorano Modenese	44.5391430	10.8118482	MO	Emilia-Romagna	41042
Fiorenzuola d'Arda	44.9280841	9.9107218	PC	Emilia-Romagna	29017
Firenze	43.7698712	11.2555757	FI	Toscana	50121,50122,50123,50124,50125,50126,50127,50128,50129,50130,50131,50132,50133,50134,50135,50136,50137,50138,50139,50140,50141,50142,50143,50144,50145
Firenzuola	44.1190791	11.3792271	FI	Toscana	50033
Firmo	39.7214010	16.1701860	CS	Calabria	87010
Fiscaglia	44.7941326	12.0295150	FE	Emilia-Romagna	44027
Fisciano	40.7728120	14.7994430	SA	Campania	84084
Fiuggi	41.7985608	13.2204887	FR	Lazio	03014
Fiumalbo	44.1799513	10.6477331	MO	Emilia-Romagna	41022
Fiumara	38.2126690	15.6936930	RC	Calabria	89050
Fiume Veneto	45.9279427	12.7321755	PN	Friuli-Venezia Giulia	33080
Fiumedinisi	38.0262382	15.3820835	ME	Sicilia	98022
Fiumefreddo Bruzio	39.2344269	16.0695171	CS	Calabria	87030
Fiumefreddo di Sicilia	37.7923548	15.2069456	CT	Sicilia	95013
Fiumicello Villa Vicentina	45.7836083	13.4130187	UD	Friuli-Venezia Giulia	33059
Fiumicino	41.7712145	12.2278855	RM	Lazio	00054
Fiuminata	43.1874500	12.9321680	MC	Marche	62025
Fivizzano	44.2383500	10.1259900	MS	Toscana	54013
Flaibano	46.0583326	12.9836421	UD	Friuli-Venezia Giulia	33030
Flero	45.4828867	10.1750082	BS	Lombardia	25020
Floresta	37.9873511	14.9097135	ME	Sicilia	98030
Floridia	37.0820396	15.1522561	SR	Sicilia	96014
Florinas	40.6495610	8.6651160	SS	Sardegna	07030
Flumeri	41.0778210	15.1477470	AV	Campania	83040
Fluminimaggiore	39.4392370	8.4979300	SU	Sardegna	09010
Flussio	40.2674520	8.5402190	OR	Sardegna	09090
Fobello	45.8894252	8.1586796	VC	Piemonte	13025
Foggia	41.4620482	15.5432595	FG	Puglia	71121,71122
Foglianise	41.1601328	14.6713224	BN	Campania	82030
Fogliano Redipuglia	45.8564863	13.4929330	GO	Friuli-Venezia Giulia	34070
Foglizzo	45.2714422	7.8221333	TO	Piemonte	10090
Foiano della Chiana	43.2524545	11.8187597	AR	Toscana	52045
Foiano di Val Fortore	41.3518250	14.9773400	BN	Campania	82020
Folgaria	45.9149727	11.1730150	TN	Trentino-Alto Adige	38064
Folignano	42.8202470	13.6342890	AP	Marche	63084
Foligno	42.9559744	12.7034782	PG	Umbria	06034
Follina	45.9530729	12.1181368	TV	Veneto	31051
Follo	44.1728311	9.8328642	SP	Liguria	19020
Follonica	42.9263260	10.7616250	GR	Toscana	58022
Fombio	45.1366292	9.6844794	LO	Lombardia	26861
Fondachelli-Fantina	38.0006269	15.1824187	ME	Sicilia	98050
Fondi	41.3572854	13.4300310	LT	Lazio	04022
Fonni	40.1188040	9.2519707	NU	Sardegna	08023
Fontainemore	45.6482604	7.8602562	AO	Valle d'Aosta	11020
Fontana Liri	41.6100200	13.5503050	FR	Lazio	03035
Fontanafredda	45.9733967	12.5691228	PN	Friuli-Venezia Giulia	33074
Fontanarosa	41.0183612	15.0209897	AV	Campania	83040
Fontanelice	44.2600978	11.5597358	BO	Emilia-Romagna	40025
Fontanella	45.4698770	9.8019610	BG	Lombardia	24056
Fontanellato	44.8816660	10.1721790	PR	Emilia-Romagna	43012
Fontanelle	45.8313331	12.4675458	TV	Veneto	31043
Fontaneto d'Agogna	45.6434689	8.4808276	NO	Piemonte	28010
Fontanetto Po	45.1934637	8.1919246	VC	Piemonte	13040
Fontanigorda	44.5460500	9.3044660	GE	Liguria	16023
Fontanile	44.7532586	8.4223508	AT	Piemonte	14044
Fontaniva	45.6376293	11.7521976	PD	Veneto	35014
Fonte	45.7883578	11.8666286	TV	Veneto	31010
Fonte Nuova	41.9962545	12.6236212	RM	Lazio	00013
Fontecchio	42.2299433	13.6058914	AQ	Abruzzo	67020
Fontechiari	41.6679656	13.6755758	FR	Lazio	03030
Fontegreca	41.4566501	14.1815180	CE	Campania	81014
Fonteno	45.7578026	10.0202068	BG	Lombardia	24060
Fontevivo	44.8587650	10.1751800	PR	Emilia-Romagna	43010
Fonzaso	46.0179035	11.7997542	BL	Veneto	32030
Foppolo	46.0437409	9.7511844	BG	Lombardia	24010
Forano	42.2965835	12.5953750	RI	Lazio	02044
Force	42.9632573	13.4909482	AP	Marche	63086
Forchia	41.0302254	14.5373430	BN	Campania	82011
Forcola	46.1587741	9.6708477	SO	Lombardia	23010
Fordongianus	39.9945490	8.8098280	OR	Sardegna	09083
Forenza	40.8595834	15.8552685	PZ	Basilicata	85023
Foresto Sparso	45.6908830	9.9200590	BG	Lombardia	24060
Forgaria nel Friuli	46.2228224	12.9734865	UD	Friuli-Venezia Giulia	33030
Forino	40.8619728	14.7347965	AV	Campania	83020
Forio	40.7368416	13.8581354	NA	Campania	80075
Forlì	44.2227278	12.0412730	FC	Emilia-Romagna	47121,47122
Forlì del Sannio	41.6959270	14.1795170	IS	Molise	86084
Forlimpopoli	44.1873049	12.1259056	FC	Emilia-Romagna	47034
Formazza	46.3734960	8.4280780	VB	Piemonte	28863
Formello	42.0825210	12.4002730	RM	Lazio	00060
Formia	41.2593080	13.6080209	LT	Lazio	04023
Formicola	41.2104397	14.2327981	CE	Campania	81040
Formigara	45.2232208	9.7717668	CR	Lombardia	26020
Formigine	44.5751432	10.8470277	MO	Emilia-Romagna	41043
Formigliana	45.4292620	8.2919280	VC	Piemonte	13030
Fornace	46.1181956	11.2065014	TN	Trentino-Alto Adige	38040
Fornelli	41.6067273	14.1394889	IS	Molise	86070
Forni Avoltri	46.5868310	12.7769080	UD	Friuli-Venezia Giulia	33020
Forni di Sopra	46.4202272	12.5855959	UD	Friuli-Venezia Giulia	33024
Forni di Sotto	46.3950450	12.6702260	UD	Friuli-Venezia Giulia	33020
Forno Canavese	45.3453530	7.5910150	TO	Piemonte	10084
Fornovo di Taro	44.6919621	10.1009854	PR	Emilia-Romagna	43045
Fornovo San Giovanni	45.4979249	9.6769058	BG	Lombardia	24040
Forte dei Marmi	43.9595891	10.1699392	LU	Toscana	55042
Fortezza	46.7868474	11.6124500	BZ	Trentino-Alto Adige	39045
Fortunago	44.9211755	9.1838749	PV	Lombardia	27040
Forza d'Agrò	37.9137205	15.3354491	ME	Sicilia	98030
Fosciandora	44.1164763	10.4594887	LU	Toscana	55020
Fosdinovo	44.1338200	10.0188690	MS	Toscana	54035
Fossa	42.2928594	13.4881495	AQ	Abruzzo	67020
Fossacesia	42.2446332	14.4829037	CH	Abruzzo	66022
Fossalta di Piave	45.6457471	12.5132561	VE	Veneto	30020
Fossalta di Portogruaro	45.7917474	12.9090234	VE	Veneto	30025
Fossalto	41.6729290	14.5457260	CB	Molise	86020
Fossano	44.5493489	7.7250155	CN	Piemonte	12045
Fossato di Vico	43.2976278	12.7598803	PG	Umbria	06022
Fossato Serralta	38.9962900	16.5796040	CZ	Calabria	88050
Fossò	45.3856495	12.0485770	VE	Veneto	30030
Fossombrone	43.6907965	12.8126121	PU	Marche	61034
Foza	45.8962656	11.6307256	VI	Veneto	36010
Frabosa Soprana	44.2877688	7.8065668	CN	Piemonte	12082
Frabosa Sottana	44.3021646	7.7980083	CN	Piemonte	12083
Fraconalto	44.5910470	8.8784560	AL	Piemonte	15060
Fragagnano	40.4319240	17.4722070	TA	Puglia	74022
Fragneto l'Abate	41.2561870	14.7824256	BN	Campania	82020
Fragneto Monforte	41.2460387	14.7606040	BN	Campania	82020
Fraine	41.9054340	14.4864210	CH	Abruzzo	66050
Framura	44.2087449	9.5545435	SP	Liguria	19014
Francavilla al Mare	42.4168011	14.2914819	CH	Abruzzo	66023
Francavilla Angitola	38.7801840	16.2716990	VV	Calabria	89815
Francavilla Bisio	44.7346490	8.7312510	AL	Piemonte	15060
Francavilla d'Ete	43.1873550	13.5406820	FM	Marche	63816
Francavilla di Sicilia	37.9011288	15.1362079	ME	Sicilia	98034
Francavilla Fontana	40.5301622	17.5826774	BR	Puglia	72021
Francavilla in Sinni	40.0801916	16.2032240	PZ	Basilicata	85034
Francavilla Marittima	39.8178465	16.3866436	CS	Calabria	87072
Francica	38.6156790	16.0992970	VV	Calabria	89851
Francofonte	37.2307167	14.8802768	SR	Sicilia	96015
Francolise	41.1850150	14.0567220	CE	Campania	81050
Frascaro	44.8264490	8.5322450	AL	Piemonte	15010
Frascarolo	45.0466560	8.6820440	PV	Lombardia	27030
Frascati	41.8082452	12.6803684	RM	Lazio	00044
Frascineto	39.8364040	16.2619870	CS	Calabria	87010
Frassilongo	46.0808537	11.3195194	TN	Trentino-Alto Adige	38050
Frassinelle Polesine	44.9951820	11.6988110	RO	Veneto	45030
Frassinello Monferrato	45.0317530	8.3876380	AL	Piemonte	15035
Frassineto Po	45.1334110	8.5339427	AL	Piemonte	15040
Frassinetto	45.4371418	7.6067428	TO	Piemonte	10080
Frassino	44.5716320	7.2760230	CN	Piemonte	12020
Frassinoro	44.2955550	10.5701980	MO	Emilia-Romagna	41044
Frasso Sabino	42.2298270	12.8055800	RI	Lazio	02030
Frasso Telesino	41.1568180	14.5278320	BN	Campania	82030
Fratta Polesine	45.0292820	11.6450100	RO	Veneto	45025
Fratta Todina	42.8579387	12.3646786	PG	Umbria	06054
Frattamaggiore	40.9414265	14.2722092	NA	Campania	80027
Frattaminore	40.9557397	14.2709480	NA	Campania	80020
Fratte Rosa	43.6319537	12.9018433	PU	Marche	61040
Frazzanò	38.0722687	14.7449534	ME	Sicilia	98070
Fregona	46.0002181	12.3389622	TV	Veneto	31010
Fresagrandinaria	41.9785978	14.6625131	CH	Abruzzo	66050
Fresonara	44.7829500	8.6861490	AL	Piemonte	15064
Frigento	41.0113190	15.0997470	AV	Campania	83040
Frignano	40.9979333	14.1793758	CE	Campania	81030
Frinco	45.0049008	8.1688056	AT	Piemonte	14030
Frisa	42.2612400	14.3694140	CH	Abruzzo	66030
Frisanco	46.2127764	12.7270621	PN	Friuli-Venezia Giulia	33080
Front	45.2808520	7.6636180	TO	Piemonte	10070
Frontino	43.7645580	12.3767470	PU	Marche	61021
Frontone	43.5137227	12.7344818	PU	Marche	61040
Frosinone	41.6419807	13.3469287	FR	Lazio	03100
Frosolone	41.6006270	14.4465250	IS	Molise	86095
Frossasco	44.9329437	7.3502181	TO	Piemonte	10060
Frugarolo	44.8371510	8.6815480	AL	Piemonte	15065
Fubine Monferrato	44.9627520	8.4299400	AL	Piemonte	15043
Fucecchio	43.7292020	10.8082050	FI	Toscana	50054
Fuipiano Valle Imagna	45.8542840	9.5284470	BG	Lombardia	24030
Fumane	45.5429525	10.8839737	VR	Veneto	37022
Fumone	41.7273402	13.2899092	FR	Lazio	03010
Funes	46.6451000	11.6968408	BZ	Trentino-Alto Adige	39040
Furci	42.0079365	14.5878750	CH	Abruzzo	66050
Furci Siculo	37.9612044	15.3817350	ME	Sicilia	98023
Furnari	38.1046713	15.1252231	ME	Sicilia	98054
Furore	40.6189356	14.5481369	SA	Campania	84010
Furtei	39.5623694	8.9447390	SU	Sardegna	09040
Fuscaldo	39.4142940	16.0297870	CS	Calabria	87024
Fusignano	44.4675026	11.9601925	RA	Emilia-Romagna	48034
Fusine	46.1490413	9.7490975	SO	Lombardia	23010
Futani	40.1507030	15.3231630	SA	Campania	84050
Gabbioneta-Binanuova	45.2184370	10.2077467	CR	Lombardia	26030
Gabiano	45.1567540	8.1952310	AL	Piemonte	15020
Gabicce Mare	43.9668745	12.7563105	PU	Marche	61011
Gaby	45.7106524	7.8901306	AO	Valle d'Aosta	11020
Gadesco-Pieve Delmona	45.1677034	10.1149482	CR	Lombardia	26030
Gadoni	39.9134510	9.1858370	NU	Sardegna	08030
Gaeta	41.2183120	13.5628100	LT	Lazio	04024
Gaggi	37.8600912	15.2214123	ME	Sicilia	98030
Gaggiano	45.4064613	9.0344178	MI	Lombardia	20083
Gaggio Montano	44.1969560	10.9329080	BO	Emilia-Romagna	40041
Gaglianico	45.5378620	8.0750220	BI	Piemonte	13894
Gagliano Aterno	42.1265320	13.7000010	AQ	Abruzzo	67020
Gagliano Castelferrato	37.7103507	14.5356897	EN	Sicilia	94010
Gagliano del Capo	39.8437280	18.3739272	LE	Puglia	73034
Gagliato	38.6769784	16.4626464	CZ	Calabria	88060
Gagliole	43.2383009	13.0673041	MC	Marche	62022
Gaiarine	45.8805037	12.4815909	TV	Veneto	31018
Gaiba	44.9461790	11.4802070	RO	Veneto	45030
Gaiola	44.3352450	7.4067838	CN	Piemonte	12010
Gaiole in Chianti	43.4682951	11.4342003	SI	Toscana	53013
Gairo	39.8470520	9.5072440	NU	Sardegna	08040
Gais	46.8331565	11.9474837	BZ	Trentino-Alto Adige	39030
Galati Mamertino	38.0315592	14.7725171	ME	Sicilia	98070
Galatina	40.1742781	18.1678388	LE	Puglia	73013
Galatone	40.1429220	18.0704240	LE	Puglia	73044
Galatro	38.4597403	16.1107772	RC	Calabria	89054
Galbiate	45.8175344	9.3750153	LC	Lombardia	23851
Galeata	43.9966629	11.9120062	FC	Emilia-Romagna	47010
Galgagnano	45.3579710	9.4453550	LO	Lombardia	26832
Gallarate	45.6598951	8.7932013	VA	Lombardia	21013
Gallese	42.3732869	12.4028042	VT	Lazio	01035
Galliate	45.4782672	8.6969031	NO	Piemonte	28066
Galliate Lombardo	45.7845815	8.7708941	VA	Lombardia	21020
Galliavola	45.0975590	8.8188460	PV	Lombardia	27034
Gallicano	44.0606512	10.4356680	LU	Toscana	55027
Gallicano nel Lazio	41.8720696	12.8185343	RM	Lazio	00010
Gallicchio	40.2890120	16.1390790	PZ	Basilicata	85010
Galliera	44.7491629	11.4265329	BO	Emilia-Romagna	40015
Galliera Veneta	45.6628395	11.8284875	PD	Veneto	35015
Gallinaro	41.6534230	13.7978100	FR	Lazio	03040
Gallio	45.8926258	11.5471016	VI	Veneto	36032
Gallipoli	40.0567200	17.9964230	LE	Puglia	73014
Gallo Matese	41.4645220	14.2250220	CE	Campania	81010
Gallodoro	37.9018297	15.2936949	ME	Sicilia	98030
Galluccio	41.3523180	13.9537170	CE	Campania	81044
Galtellì	40.3865886	9.6143225	NU	Sardegna	08020
Galzignano Terme	45.3068076	11.7339679	PD	Veneto	35030
Gamalero	44.8090490	8.5416450	AL	Piemonte	15010
Gambara	45.2552458	10.2934106	BS	Lombardia	25020
Gambarana	45.0289586	8.7625383	PV	Lombardia	27030
Gambasca	44.6287340	7.3473230	CN	Piemonte	12030
Gambassi Terme	43.5391127	10.9540750	FI	Toscana	50050
Gambatesa	41.5098892	14.9120522	CB	Molise	86013
Gambellara	45.4625095	11.3398403	VI	Veneto	36053
Gamberale	41.9060310	14.2073150	CH	Abruzzo	66040
Gambettola	44.1169463	12.3387643	FC	Emilia-Romagna	47035
Gambolò	45.2590302	8.8590602	PV	Lombardia	27025
Gambugliano	45.5888743	11.4400150	VI	Veneto	36050
Gandellino	45.9915503	9.9465966	BG	Lombardia	24020
Gandino	45.8115328	9.9031182	BG	Lombardia	24024
Gandosso	45.6588820	9.8888590	BG	Lombardia	24060
Gangi	37.7971807	14.2059072	PA	Sicilia	90024
Garaguso	40.5484180	16.2271780	MT	Basilicata	75010
Garbagna	44.7804530	8.9978560	AL	Piemonte	15050
Garbagna Novarese	45.3887640	8.6612370	NO	Piemonte	28070
Garbagnate Milanese	45.5727984	9.0734372	MI	Lombardia	20024
Garbagnate Monastero	45.7728460	9.3028570	LC	Lombardia	23846
Garda	45.5756512	10.7085298	VR	Veneto	37016
Gardone Riviera	45.6187853	10.5591005	BS	Lombardia	25083
Gardone Val Trompia	45.6879136	10.1837244	BS	Lombardia	25063
Garessio	44.2029310	8.0192528	CN	Piemonte	12075
Gargallo	45.7287700	8.4253250	NO	Piemonte	28010
Gargazzone	46.5847807	11.2027298	BZ	Trentino-Alto Adige	39010
Gargnano	45.6881380	10.6635006	BS	Lombardia	25084
Garlasco	45.1961584	8.9227105	PV	Lombardia	27026
Garlate	45.8060395	9.4019699	LC	Lombardia	23852
Garlenda	44.0342270	8.0956500	SV	Liguria	17033
Garniga Terme	46.0026491	11.0870545	TN	Trentino-Alto Adige	38060
Garzeno	46.1342737	9.2483448	CO	Lombardia	22010
Garzigliana	44.8372390	7.3744200	TO	Piemonte	10060
Gasperina	38.7396499	16.5073811	CZ	Calabria	88060
Gassino Torinese	45.1271131	7.8247919	TO	Piemonte	10090
Gattatico	44.7956839	10.4445566	RE	Emilia-Romagna	42043
Gatteo	44.1094660	12.3860420	FC	Emilia-Romagna	47043
Gattico-Veruno	45.7020458	8.5298303	NO	Piemonte	28013
Gattinara	45.6142424	8.3711382	VC	Piemonte	13045
Gavardo	45.5846274	10.4382370	BS	Lombardia	25085
Gavello	45.0219153	11.9144133	RO	Veneto	45010
Gaverina Terme	45.7557840	9.8866570	BG	Lombardia	24060
Gavi	44.6876490	8.8093530	AL	Piemonte	15066
Gavignano	41.6991180	13.0517930	RM	Lazio	00030
Gavirate	45.8428264	8.7176706	VA	Lombardia	21026
Gavoi	40.1617560	9.1951340	NU	Sardegna	08020
Gavorrano	42.9253735	10.9058027	GR	Toscana	58023
Gazoldo degli Ippoliti	45.2002770	10.5793830	MN	Lombardia	46040
Gazzada Schianno	45.7810426	8.8324038	VA	Lombardia	21045
Gazzaniga	45.7966425	9.8349553	BG	Lombardia	24025
Gazzo	45.5816538	11.7076203	PD	Veneto	35010
Gazzo Veronese	45.1303365	11.0960788	VR	Veneto	37060
Gazzola	44.9600620	9.5489640	PC	Emilia-Romagna	29010
Gazzuolo	45.0691748	10.5831131	MN	Lombardia	46010
Gela	37.0664363	14.2502445	CL	Sicilia	93012
Gemmano	43.9041617	12.5830579	RN	Emilia-Romagna	47855
Gemona del Friuli	46.2770072	13.1401049	UD	Friuli-Venezia Giulia	33013
Gemonio	45.8792168	8.6753972	VA	Lombardia	21036
Genazzano	41.8296733	12.9722464	RM	Lazio	00030
Genga	43.4296550	12.9349650	AN	Marche	60040
Genivolta	45.3325740	9.8772650	CR	Lombardia	26020
Genola	44.5889360	7.6645300	CN	Piemonte	12040
Genoni	39.7946470	9.0080350	SU	Sardegna	09054
Genova	44.4072600	8.9338624	GE	Liguria	16121,16122,16123,16124,16125,16126,16127,16128,16129,16130,16131,16132,16133,16134,16135,16136,16137,16138,16139,16140,16141,16142,16143,16144,16145,16146,16147,16148,16149,16150,16151,16152,16153,16154,16155,16156,16157,16158,16159,16160,16161,16162,16163,16164,16165,16166,16167
Genuri	39.7442460	8.9233340	SU	Sardegna	09020
Genzano di Lucania	40.8481916	16.1197015	PZ	Basilicata	85013
Genzano di Roma	41.7069890	12.6911183	RM	Lazio	00045
Gera Lario	46.1710994	9.3718986	CO	Lombardia	22010
Gerace	38.2723303	16.2197529	RC	Calabria	89040
Geraci Siculo	37.8584782	14.1543408	PA	Sicilia	90010
Gerano	41.9331190	12.9937759	RM	Lazio	00025
Gerenzago	45.2065660	9.3596560	PV	Lombardia	27010
Gerenzano	45.6387230	9.0003063	VA	Lombardia	21040
Gergei	39.6996460	9.1004380	SU	Sardegna	09055
Germagnano	45.2638716	7.4694832	TO	Piemonte	10070
Germagno	45.8922807	8.3882940	VB	Piemonte	28887
Germignaga	45.9935070	8.7241585	VA	Lombardia	21010
Gerocarne	38.5874778	16.2198133	VV	Calabria	89831
Gerola Alta	46.0469886	9.5501728	SO	Lombardia	23010
Gerre de' Caprioli	45.0902086	10.0514072	CR	Lombardia	26040
Gesico	39.6163372	9.1064572	SU	Sardegna	09040
Gessate	45.5543877	9.4351918	MI	Lombardia	20060
Gessopalena	42.0566350	14.2731150	CH	Abruzzo	66010
Gesturi	39.7341460	9.0205360	SU	Sardegna	09020
Gesualdo	41.0067190	15.0724460	AV	Campania	83040
Ghedi	45.4015124	10.2768169	BS	Lombardia	25016
Ghemme	45.5983455	8.4209035	NO	Piemonte	28074
Ghiffa	45.9591224	8.6198232	VB	Piemonte	28823
Ghilarza	40.1196520	8.8349270	OR	Sardegna	09074
Ghisalba	45.5941934	9.7539140	BG	Lombardia	24050
Ghislarengo	45.5288226	8.3861285	VC	Piemonte	13030
Giacciano con Baruchella	45.0604230	11.4334274	RO	Veneto	45020
Giaglione	45.1402386	7.0147562	TO	Piemonte	10050
Gianico	45.8645299	10.1836526	BS	Lombardia	25040
Giano dell'Umbria	42.8334672	12.5777111	PG	Umbria	06030
Giano Vetusto	41.2027160	14.1934240	CE	Campania	81042
Giardinello	38.0880490	13.1570410	PA	Sicilia	90040
Giardini-Naxos	37.8354409	15.2718451	ME	Sicilia	98035
Giarole	45.0605550	8.5665410	AL	Piemonte	15036
Giarratana	37.0481124	14.7937968	RG	Sicilia	97010
Giarre	37.7268570	15.1876880	CT	Sicilia	95014
Giave	40.4519580	8.7522210	SS	Sardegna	07010
Giaveno	45.0420053	7.3519942	TO	Piemonte	10094
Giavera del Montello	45.7939742	12.1695666	TV	Veneto	31040
Giba	39.0718310	8.6356380	SU	Sardegna	09010
Gibellina	37.8070420	12.8695390	TP	Sicilia	91024
Gifflenga	45.4930630	8.2322260	BI	Piemonte	13874
Giffone	38.4381760	16.1500000	RC	Calabria	89020
Giffoni Sei Casali	40.7191414	14.9059716	SA	Campania	84090
Giffoni Valle Piana	40.7181120	14.9423470	SA	Campania	84095
Gignese	45.8607690	8.5096707	VB	Piemonte	28836
Gignod	45.7791944	7.2956784	AO	Valle d'Aosta	11010
Gildone	41.5101270	14.7392320	CB	Molise	86010
Gimigliano	38.9744890	16.5305030	CZ	Calabria	88045
Ginestra	40.9298220	15.7345620	PZ	Basilicata	85020
Ginestra degli Schiavoni	41.2799240	15.0437420	BN	Campania	82020
Ginosa	40.5797514	16.7562077	TA	Puglia	74013
Gioi	40.2897050	15.2180590	SA	Campania	84056
Gioia dei Marsi	41.9543690	13.6934148	AQ	Abruzzo	67055
Gioia del Colle	40.7967280	16.9235900	BA	Puglia	70023
Gioia Sannitica	41.3001200	14.4441290	CE	Campania	81010
Gioia Tauro	38.4239740	15.8989950	RC	Calabria	89013
Gioiosa Ionica	38.3221750	16.3026050	RC	Calabria	89042
Gioiosa Marea	38.1732691	14.8951639	ME	Sicilia	98063
Giove	43.0814783	12.7755910	TR	Umbria	05024
Giovinazzo	41.1875008	16.6716662	BA	Puglia	70054
Giovo	46.1858352	11.1467769	TN	Trentino-Alto Adige	38030
Girasole	39.9517192	9.6619603	NU	Sardegna	08040
Girifalco	38.8233552	16.4263838	CZ	Calabria	88024
Gissi	42.0212271	14.5457485	CH	Abruzzo	66052
Giuggianello	40.0944230	18.3689310	LE	Puglia	73030
Giugliano in Campania	40.9283217	14.2011232	NA	Campania	80014
Giuliana	37.6705908	13.2378036	PA	Sicilia	90030
Giuliano di Roma	41.5393232	13.2796473	FR	Lazio	03020
Giuliano Teatino	42.2929767	14.2756835	CH	Abruzzo	66010
Giulianova	42.7534856	13.9667011	TE	Abruzzo	64021
Giungano	40.3947070	15.1071550	SA	Campania	84050
Giurdignano	40.1215240	18.4327320	LE	Puglia	73020
Giussago	45.2847660	9.1407490	PV	Lombardia	27010
Giussano	45.6993814	9.2097294	MB	Lombardia	20833
Giustenice	44.1725509	8.2471878	SV	Liguria	17027
Giustino	46.1484401	10.7694794	TN	Trentino-Alto Adige	38086
Giusvalla	44.4479390	8.3941490	SV	Liguria	17010
Givoletto	45.1622480	7.4964160	TO	Piemonte	10040
Gizzeria	38.9799870	16.2032960	CZ	Calabria	88040
Glorenza	46.6714924	10.5539127	BZ	Trentino-Alto Adige	39020
Godega di Sant'Urbano	45.9298483	12.3981101	TV	Veneto	31010
Godiasco Salice Terme	44.8901834	9.0656725	PV	Lombardia	27052
Godrano	37.9033438	13.4289245	PA	Sicilia	90030
Goito	45.2545067	10.6729409	MN	Lombardia	46044
Golasecca	45.6968994	8.6556495	VA	Lombardia	21010
Golferenzo	44.9620210	9.3069524	PV	Lombardia	27047
Golfo Aranci	41.0064760	9.6145300	SS	Sardegna	07020
Gombito	45.2615560	9.7280002	CR	Lombardia	26020
Gonars	45.8959170	13.2371310	UD	Friuli-Venezia Giulia	33050
Goni	39.5781279	9.2858792	SU	Sardegna	09040
Gonnesa	39.2666261	8.4717404	SU	Sardegna	09010
Gonnoscodina	39.6999958	8.8355079	OR	Sardegna	09090
Gonnosfanadiga	39.4959151	8.6623978	SU	Sardegna	09035
Gonnosnò	39.7611763	8.8723284	OR	Sardegna	09090
Gonnostramatza	39.6811693	8.8338449	OR	Sardegna	09093
Gonzaga	44.9548317	10.8197986	MN	Lombardia	46023
Gordona	46.2916801	9.3657433	SO	Lombardia	23020
Gorga	41.6550170	13.1090950	RM	Lazio	00030
Gorgo al Monticano	45.7869535	12.5504205	TV	Veneto	31040
Gorgoglione	40.3944140	16.1445780	MT	Basilicata	75010
Gorgonzola	45.5315740	9.4046510	MI	Lombardia	20064
Goriano Sicoli	42.0810749	13.7744221	AQ	Abruzzo	67030
Gorizia	45.9441278	13.6252288	GO	Friuli-Venezia Giulia	34170
Gorla Maggiore	45.6641372	8.8909480	VA	Lombardia	21050
Gorla Minore	45.6443309	8.8978959	VA	Lombardia	21055
Gorlago	45.6767028	9.8270544	BG	Lombardia	24060
Gorle	45.7037349	9.7190224	BG	Lombardia	24020
Gornate Olona	45.7395977	8.8597982	VA	Lombardia	21040
Gorno	45.8628946	9.8434163	BG	Lombardia	24020
Goro	44.8508830	12.2949270	FE	Emilia-Romagna	44020
Gorreto	44.6048462	9.2912637	GE	Liguria	16020
Gorzegno	44.5128380	8.1351420	CN	Piemonte	12070
Gosaldo	46.2128407	11.9745156	BL	Veneto	32020
Gossolengo	45.0000700	9.6139756	PC	Emilia-Romagna	29020
Gottasecca	44.4601370	8.1675440	CN	Piemonte	12070
Gottolengo	45.2910328	10.2698286	BS	Lombardia	25023
Govone	44.8044450	8.0940360	CN	Piemonte	12040
Gozzano	45.7464568	8.4360668	NO	Piemonte	28024
Gradara	43.9388660	12.7712530	PU	Marche	61012
Gradisca d'Isonzo	45.8895509	13.5003287	GO	Friuli-Venezia Giulia	34072
Grado	45.6781065	13.3979091	GO	Friuli-Venezia Giulia	34073
Gradoli	42.6436919	11.8548880	VT	Lazio	01010
Graffignana	45.2091882	9.4525770	LO	Lombardia	26813
Graffignano	42.5749030	12.2044306	VT	Lazio	01020
Graglia	45.5585620	7.9780190	BI	Piemonte	13895
Gragnano	40.6899999	14.5210654	NA	Campania	80054
Gragnano Trebbiense	45.0131630	9.5689640	PC	Emilia-Romagna	29010
Grammichele	37.2250880	14.6237110	CT	Sicilia	95042
Grana Monferrato	44.9983510	8.2994360	AT	Piemonte	14031
Granarolo dell'Emilia	44.5532100	11.4432081	BO	Emilia-Romagna	40057
Grandate	45.7751770	9.0578380	CO	Lombardia	22070
Grandola ed Uniti	46.0508634	9.1898920	CO	Lombardia	22010
Graniti	37.8901734	15.2248984	ME	Sicilia	98036
Granozzo con Monticello	45.3671421	8.5839310	NO	Piemonte	28060
Grantola	45.9491790	8.7743290	VA	Lombardia	21030
Grantorto	45.6007750	11.7309556	PD	Veneto	35010
Granze	45.1542890	11.7134853	PD	Veneto	35040
Grassano	40.6326231	16.2828135	MT	Basilicata	75014
Grassobbio	45.6572304	9.7231068	BG	Lombardia	24050
Gratteri	37.9673767	13.9739295	PA	Sicilia	90010
Gravedona ed Uniti	46.1576753	9.1843756	CO	Lombardia	22015
Gravellona Lomellina	45.3276640	8.7641400	PV	Lombardia	27020
Gravellona Toce	45.9301750	8.4312220	VB	Piemonte	28883
Gravere	45.1253420	7.0175070	TO	Piemonte	10050
Gravina di Catania	37.5603691	15.0617632	CT	Sicilia	95030
Gravina in Puglia	40.8197250	16.4227790	BA	Puglia	70024
Grazzanise	41.0894130	14.1003240	CE	Campania	81046
Grazzano Badoglio	45.0395818	8.3135527	AT	Piemonte	14035
Greccio	42.4447959	12.7518078	RI	Lazio	02045
Greci	41.2518250	15.1691450	AV	Campania	83030
Greggio	45.4506630	8.3830300	VC	Piemonte	13030
Gremiasco	44.7962540	9.1068580	AL	Piemonte	15056
Gressan	45.7191728	7.2850973	AO	Valle d'Aosta	11020
Gressoney-La-Trinité	45.8296120	7.8241273	AO	Valle d'Aosta	11020
Gressoney-Saint-Jean	45.7792971	7.8250324	AO	Valle d'Aosta	11025
Greve in Chianti	43.5824597	11.3168731	FI	Toscana	50022
Grezzago	45.5918653	9.4952028	MI	Lombardia	20056
Grezzana	45.5185311	11.0161587	VR	Veneto	37023
Griante	45.9952840	9.2355380	CO	Lombardia	22011
Gricignano di Aversa	40.9800924	14.2337107	CE	Campania	81030
Grignasco	45.6840987	8.3378533	NO	Piemonte	28075
Grigno	46.0170354	11.6359415	TN	Trentino-Alto Adige	38055
Grimacco	46.1674492	13.5811814	UD	Friuli-Venezia Giulia	33040
Grimaldi	39.1419900	16.2356940	CS	Calabria	87034
Grinzane Cavour	44.6533400	7.9950360	CN	Piemonte	12060
Grisignano di Zocco	45.4753396	11.6989495	VI	Veneto	36040
Grisolia	39.7244990	15.8541790	CS	Calabria	87020
Grizzana Morandi	44.2573596	11.1528895	BO	Emilia-Romagna	40030
Grognardo	44.6305502	8.4929313	AL	Piemonte	15010
Gromo	45.9639900	9.9270540	BG	Lombardia	24020
Grondona	44.6964500	8.9654560	AL	Piemonte	15060
Grone	45.7275040	9.9112023	BG	Lombardia	24060
Grontardo	45.2018730	10.1507730	CR	Lombardia	26044
Gropello Cairoli	45.1786091	8.9940314	PV	Lombardia	27027
Gropparello	44.8321037	9.7302548	PC	Emilia-Romagna	29025
Groscavallo	45.3684966	7.2587768	TO	Piemonte	10070
Grosio	46.2989301	10.2745156	SO	Lombardia	23033
Grosotto	46.2798623	10.2584412	SO	Lombardia	23034
Grosseto	42.7597261	11.1137389	GR	Toscana	58100
Grosso	45.2575020	7.5579074	TO	Piemonte	10070
Grottaferrata	41.7886160	12.6667408	RM	Lazio	00046
Grottaglie	40.5361927	17.4342206	TA	Puglia	74023
Grottaminarda	41.0697200	15.0589450	AV	Campania	83035
Grottammare	42.9904967	13.8687605	AP	Marche	63066
Grottazzolina	43.1117111	13.6029809	FM	Marche	63844
Grotte	37.4028533	13.7006695	AG	Sicilia	92020
Grotte di Castro	42.6745290	11.8722530	VT	Lazio	01025
Grotteria	38.3654760	16.2649040	RC	Calabria	89043
Grottole	40.6011322	16.3815386	MT	Basilicata	75010
Grottolella	40.9727160	14.7870400	AV	Campania	83010
Gruaro	45.8334955	12.8437093	VE	Veneto	30020
Grugliasco	45.0680460	7.5776200	TO	Piemonte	10095
Grumello Cremonese ed Uniti	45.2007303	9.8660950	CR	Lombardia	26023
Grumello del Monte	45.6371810	9.8767590	BG	Lombardia	24064
Grumento Nova	40.2828100	15.8887730	PZ	Basilicata	85050
Grumo Appula	41.0135310	16.7084830	BA	Puglia	70025
Grumo Nevano	40.9381543	14.2592688	NA	Campania	80028
Grumolo delle Abbadesse	45.5163094	11.6588022	VI	Veneto	36040
Guagnano	40.4012270	17.9490180	LE	Puglia	73010
Gualdo	43.0668280	13.3410165	MC	Marche	62020
Gualdo Cattaneo	42.9094087	12.5558159	PG	Umbria	06035
Gualdo Tadino	43.2316518	12.7809617	PG	Umbria	06023
Gualtieri	44.9050126	10.6302265	RE	Emilia-Romagna	42044
Gualtieri Sicaminò	38.1632491	15.3165440	ME	Sicilia	98040
Guamaggiore	39.5686440	9.0740390	SU	Sardegna	09040
Guanzate	45.7238781	9.0107993	CO	Lombardia	22070
Guarcino	41.7990220	13.3133970	FR	Lazio	03016
Guarda Veneta	44.9803991	11.8028519	RO	Veneto	45030
Guardabosone	45.7018680	8.2493220	VC	Piemonte	13010
Guardamiglio	45.1099019	9.6797907	LO	Lombardia	26862
Guardavalle	38.5049800	16.5035070	CZ	Calabria	88065
Guardea	42.6233823	12.2976643	TR	Umbria	05025
Guardia Lombardi	40.9538172	15.2091799	AV	Campania	83040
Guardia Perticara	40.3605130	16.0988770	PZ	Basilicata	85010
Guardia Piemontese	39.4661627	15.9992591	CS	Calabria	87020
Guardia Sanframondi	41.2563533	14.5995267	BN	Campania	82034
Guardiagrele	42.1954758	14.2197122	CH	Abruzzo	66016
Guardialfiera	41.8042340	14.7929300	CB	Molise	86030
Guardiaregia	41.4350240	14.5417290	CB	Molise	86014
Guardistallo	43.3127077	10.6328398	PI	Toscana	56040
Guarene	44.7394863	8.0348361	CN	Piemonte	12050
Guasila	39.5618430	9.0454390	SU	Sardegna	09040
Guastalla	44.9211516	10.6539985	RE	Emilia-Romagna	42016
Guazzora	45.0138003	8.8435726	AL	Piemonte	15050
Gubbio	43.3517882	12.5772674	PG	Umbria	06024
Gudo Visconti	45.3746994	9.0006050	MI	Lombardia	20088
Guglionesi	41.9138877	14.9136133	CB	Molise	86034
Guidizzolo	45.3206800	10.5804810	MN	Lombardia	46040
Guidonia Montecelio	41.9842734	12.6953191	RM	Lazio	00012
Guiglia	44.4281931	10.9569048	MO	Emilia-Romagna	41052
Guilmi	41.9970350	14.4784200	CH	Abruzzo	66050
Gurro	46.0856755	8.5706146	VB	Piemonte	28828
Guspini	39.5413400	8.6331310	SU	Sardegna	09036
Gussago	45.5926638	10.1534500	BS	Lombardia	25064
Gussola	45.0112627	10.3501373	CR	Lombardia	26040
Hône	45.6137259	7.7378307	AO	Valle d'Aosta	11020
Idro	45.7377454	10.4783256	BS	Lombardia	25074
Iglesias	39.3125402	8.5341109	SU	Sardegna	09016
Igliano	44.4429360	8.0133410	CN	Piemonte	12060
Ilbono	39.8926540	9.5489450	NU	Sardegna	08040
Illasi	45.4659334	11.1800214	VR	Veneto	37031
Illorai	40.3538580	9.0010270	SS	Sardegna	07010
Imbersago	45.7058733	9.4445492	LC	Lombardia	23898
Imer	46.1510601	11.7963031	TN	Trentino-Alto Adige	38050
Imola	44.3535145	11.7141233	BO	Emilia-Romagna	40026
Imperia	43.8862958	8.0267106	IM	Liguria	18100
Impruneta	43.6853454	11.2546637	FI	Toscana	50023
Inarzo	45.7853157	8.7344749	VA	Lombardia	21020
Incisa Scapaccino	44.8084565	8.3734441	AT	Piemonte	14045
Incudine	46.2203000	10.3587590	BS	Lombardia	25040
Induno Olona	45.8524484	8.8396080	VA	Lombardia	21056
Ingria	45.4664675	7.5709170	TO	Piemonte	10080
Intragna	45.9941511	8.5729280	VB	Piemonte	28816
Introbio	45.9726410	9.4530705	LC	Lombardia	23815
Introd	45.6905018	7.1866247	AO	Valle d'Aosta	11010
Introdacqua	42.0074310	13.8983070	AQ	Abruzzo	67030
Inverigo	45.7404839	9.2236117	CO	Lombardia	22044
Inverno e Monteleone	45.1978660	9.3852560	PV	Lombardia	27010
Inverso Pinasca	44.9456400	7.2184140	TO	Piemonte	10060
Inveruno	45.5138305	8.8519543	MI	Lombardia	20010
Invorio	45.7569720	8.4883260	NO	Piemonte	28045
Inzago	45.5404750	9.4820520	MI	Lombardia	20065
Ionadi	38.6298790	16.0609960	VV	Calabria	89851
Irgoli	40.4088328	9.6301207	NU	Sardegna	08020
Irma	45.7713171	10.2841681	BS	Lombardia	25061
Irsina	40.7444119	16.2427058	MT	Basilicata	75022
Isasca	44.5876330	7.3816250	CN	Piemonte	12020
Isca sullo Ionio	38.6012820	16.5196070	CZ	Calabria	88060
Ischia	40.7342050	13.9471250	NA	Campania	80077
Ischia di Castro	42.5446546	11.7540140	VT	Lazio	01010
Ischitella	41.9052347	15.8955819	FG	Puglia	71010
Iseo	45.6595554	10.0510489	BS	Lombardia	25049
Isera	45.8852695	11.0093106	TN	Trentino-Alto Adige	38060
Isernia	41.6001750	14.2383017	IS	Molise	86170
Isili	39.7404048	9.1085903	SU	Sardegna	09056
Isnello	37.9440767	14.0061767	PA	Sicilia	90010
Isola d'Asti	44.8293671	8.1774520	AT	Piemonte	14057
Isola del Cantone	44.6456444	8.9575577	GE	Liguria	16017
Isola del Giglio	42.3531689	10.8964629	GR	Toscana	58012
Isola del Gran Sasso d'Italia	42.5030579	13.6595164	TE	Abruzzo	64045
Isola del Liri	41.6792485	13.5730766	FR	Lazio	03036
Isola del Piano	43.7377610	12.7840570	PU	Marche	61030
Isola della Scala	45.2731049	11.0068888	VR	Veneto	37063
Isola delle Femmine	38.1982950	13.2473444	PA	Sicilia	90040
Isola di Capo Rizzuto	38.9599930	17.0933150	KR	Calabria	88841
Isola di Fondra	45.9784906	9.7463873	BG	Lombardia	24010
Isola Dovarese	45.1762691	10.3129568	CR	Lombardia	26031
Isola Rizza	45.2910776	11.1961993	VR	Veneto	37050
Isola Sant'Antonio	45.0305007	8.8487341	AL	Piemonte	15050
Isola Vicentina	45.6286685	11.4431478	VI	Veneto	36033
Isolabella	44.9067269	7.9101512	TO	Piemonte	10046
Isolabona	43.8788708	7.6400263	IM	Liguria	18035
Isole Tremiti	42.1148003	15.4871239	FG	Puglia	71051
Isorella	45.3091728	10.3221777	BS	Lombardia	25010
Ispani	40.0873040	15.5582690	SA	Campania	84050
Ispica	36.7858319	14.9076370	RG	Sicilia	97014
Ispra	45.8154570	8.6101375	VA	Lombardia	21027
Issiglio	45.4469344	7.7521217	TO	Piemonte	10080
Issime	45.6866228	7.8538136	AO	Valle d'Aosta	11020
Isso	45.4768363	9.7585339	BG	Lombardia	24040
Issogne	45.6543781	7.6846027	AO	Valle d'Aosta	11020
Istrana	45.6786162	12.0997937	TV	Veneto	31036
Itala	38.0510589	15.4369028	ME	Sicilia	98025
Itri	41.2910946	13.5304238	LT	Lazio	04020
Ittireddu	40.5439610	8.9023220	SS	Sardegna	07010
Ittiri	40.5930461	8.5683534	SS	Sardegna	07044
Ivrea	45.4673791	7.8747970	TO	Piemonte	10015
Izano	45.3554480	9.7550230	CR	Lombardia	26010
Jacurso	38.8461800	16.3800424	CZ	Calabria	88020
Jelsi	41.5179280	14.7987340	CB	Molise	86015
Jenne	41.8888230	13.1695930	RM	Lazio	00020
Jerago con Orago	45.7080326	8.7939644	VA	Lombardia	21040
Jerzu	39.7911510	9.5184450	NU	Sardegna	08044
Jesi	43.5219801	13.2443764	AN	Marche	60035
Jesolo	45.5367094	12.6383337	VE	Veneto	30016
Jolanda di Savoia	44.8824077	11.9793488	FE	Emilia-Romagna	44037
Joppolo	38.5838404	15.8973183	VV	Calabria	89863
Joppolo Giancaxio	37.3870400	13.5552580	AG	Sicilia	92010
Jovençan	45.7150864	7.2763432	AO	Valle d'Aosta	11020
L'Aquila	42.3489203	13.3979672	AQ	Abruzzo	67100
La Cassa	45.1802806	7.5162134	TO	Piemonte	10040
La Loggia	44.9577440	7.6673240	TO	Piemonte	10040
La Maddalena	41.2127826	9.4066598	SS	Sardegna	07024
La Magdeleine	45.8140541	7.6218752	AO	Valle d'Aosta	11020
La Morra	44.6384797	7.9325818	CN	Piemonte	12064
La Salle	45.7454373	7.0705652	AO	Valle d'Aosta	11015
La Spezia	44.1120022	9.8401563	SP	Liguria	19121,19122,19123,19124,19125,19126,19127,19128,19129,19130,19131,19132,19133,19134,19135,19136,19137
La Thuile	45.7162875	6.9486119	AO	Valle d'Aosta	11016
La Valle	43.1235583	12.2326500	BZ	Trentino-Alto Adige	39030
La Valle Agordina	46.2822728	12.0695095	BL	Veneto	32020
La Valletta Brianza	45.7287141	9.3692003	LC	Lombardia	23888
Labico	41.7895190	12.8808880	RM	Lazio	00030
Labro	42.5260117	12.8000533	RI	Lazio	02010
Lacchiarella	45.3218476	9.1370470	MI	Lombardia	20084
Lacco Ameno	40.7509699	13.8900602	NA	Campania	80076
Lacedonia	41.0512220	15.4238540	AV	Campania	83046
Laces	46.6173435	10.8595388	BZ	Trentino-Alto Adige	39021
Laconi	39.8526490	9.0504350	OR	Sardegna	09090
Ladispoli	41.9537219	12.0734646	RM	Lazio	00055
Laerru	40.8170650	8.8354170	SS	Sardegna	07030
Laganadi	38.1733690	15.7413950	RC	Calabria	89050
Laghi	45.8243870	11.2723119	VI	Veneto	36010
Laglio	45.8809670	9.1380307	CO	Lombardia	22010
Lagnasco	44.6249277	7.5555762	CN	Piemonte	12030
Lago	39.1659425	16.1643538	CS	Calabria	87035
Lagonegro	40.1239212	15.7666084	PZ	Basilicata	85042
Lagosanto	44.7619800	12.1428250	FE	Emilia-Romagna	44023
Lagundo	46.6825194	11.1230691	BZ	Trentino-Alto Adige	39022
Laigueglia	43.9788263	8.1573510	SV	Liguria	17053
Lainate	45.5707723	9.0289412	MI	Lombardia	20020
Laino	45.9844830	9.0754350	CO	Lombardia	22020
Laino Borgo	39.9535200	15.9737191	CS	Calabria	87014
Laino Castello	39.9363040	15.9765800	CS	Calabria	87015
Laion	46.6092289	11.5642630	BZ	Trentino-Alto Adige	39040
Laives	46.4228190	11.3347713	BZ	Trentino-Alto Adige	39055
Lajatico	43.4754178	10.7282838	PI	Toscana	56030
Lallio	45.6663800	9.6300530	BG	Lombardia	24040
Lama dei Peligni	42.0415340	14.1862130	CH	Abruzzo	66010
Lama Mocogno	44.3072628	10.7317768	MO	Emilia-Romagna	41023
Lambrugo	45.7591907	9.2418452	CO	Lombardia	22045
Lamezia Terme	38.9645069	16.3021451	CZ	Calabria	88046
Lamon	46.0471507	11.7486325	BL	Veneto	32033
Lampedusa e Linosa	35.5111342	12.5962914	AG	Sicilia	92031
Lamporecchio	43.8163799	10.8962830	PT	Toscana	51035
Lamporo	45.2318550	8.1016280	VC	Piemonte	13046
Lana	46.6160189	11.1448586	BZ	Trentino-Alto Adige	39011
Lanciano	42.2305316	14.3907794	CH	Abruzzo	66034
Landiona	45.4963569	8.4230805	NO	Piemonte	28064
Landriano	45.3119680	9.2600520	PV	Lombardia	27015
Langhirano	44.6130645	10.2661136	PR	Emilia-Romagna	43013
Langosco	45.2143674	8.5637296	PV	Lombardia	27030
Lanusei	39.8785705	9.5410772	NU	Sardegna	08045
Lanuvio	41.6745277	12.6972435	RM	Lazio	00075
Lanzada	46.2692970	9.8692470	SO	Lombardia	23020
Lanzo Torinese	45.2733505	7.4774108	TO	Piemonte	10074
Lapedona	43.1099814	13.7728570	FM	Marche	63823
Lapio	40.9811170	14.9463440	AV	Campania	83030
Lappano	39.3195060	16.3121661	CS	Calabria	87050
Larciano	43.8250403	10.8563674	PT	Toscana	51036
Lardirago	45.2353406	9.2332129	PV	Lombardia	27016
Lariano	41.7251135	12.8312761	RM	Lazio	00076
Larino	41.8055672	14.9210984	CB	Molise	86035
Las Plassas	39.6801450	8.9849360	SU	Sardegna	09020
Lasa	46.6166140	10.7001590	BZ	Trentino-Alto Adige	39023
Lascari	38.0000530	13.9414590	PA	Sicilia	90010
Lasnigo	45.8821704	9.2670887	CO	Lombardia	22030
Lastebasse	45.9151010	11.2738860	VI	Veneto	36040
Lastra a Signa	43.7709850	11.1072150	FI	Toscana	50055
Latera	42.6290280	11.8274530	VT	Lazio	01010
Laterina Pergine Valdarno	43.4925339	11.6880797	AR	Toscana	52019
Laterza	40.6295240	16.7996890	TA	Puglia	74014
Latiano	40.5537831	17.7182220	BR	Puglia	72022
Latina	41.4672827	12.9037789	LT	Lazio	04100
Latisana	45.7776908	12.9967006	UD	Friuli-Venezia Giulia	33053
Latronico	40.0898070	16.0117780	PZ	Basilicata	85043
Lattarico	39.4633777	16.1378293	CS	Calabria	87010
Lauco	46.4240418	12.9330291	UD	Friuli-Venezia Giulia	33029
Laureana Cilento	40.2991564	15.0384551	SA	Campania	84050
Laureana di Borrello	38.4925770	16.0820980	RC	Calabria	89023
Lauregno	46.4544136	11.0620153	BZ	Trentino-Alto Adige	39040
Laurenzana	40.4605140	15.9709730	PZ	Basilicata	85014
Lauria	40.0472814	15.8354339	PZ	Basilicata	85044
Lauriano	45.1582520	7.9916270	TO	Piemonte	10020
Laurino	40.3365070	15.3371610	SA	Campania	84057
Laurito	40.1686040	15.4059640	SA	Campania	84050
Lauro	40.8799681	14.6294670	AV	Campania	83023
Lavagna	44.3121536	9.3417059	GE	Liguria	16033
Lavagno	45.4473983	11.1349412	VR	Veneto	37030
Lavarone	45.9445551	11.2880019	TN	Trentino-Alto Adige	38046
Lavello	41.0456250	15.7907620	PZ	Basilicata	85024
Lavena Ponte Tresa	45.9612715	8.8601358	VA	Lombardia	21037
Laveno-Mombello	45.9094996	8.6119864	VA	Lombardia	21014
Lavenone	45.7396890	10.4390700	BS	Lombardia	25074
Laviano	40.7869048	15.3088435	SA	Campania	84020
Lavis	46.1397416	11.1102267	TN	Trentino-Alto Adige	38015
Lazise	45.5052005	10.7330245	VR	Veneto	37017
Lazzate	45.6723256	9.0852196	MB	Lombardia	20824
Lecce	40.3570373	18.1718482	LE	Puglia	73100
Lecce nei Marsi	41.9377176	13.6841160	AQ	Abruzzo	67050
Lecco	45.8553764	9.3896050	LC	Lombardia	23900
Ledro	45.8864143	10.7153848	TN	Trentino-Alto Adige	38067
Leffe	45.8006860	9.8854560	BG	Lombardia	24026
Leggiuno	45.8753660	8.6204535	VA	Lombardia	21038
Legnago	45.1924980	11.3111274	VR	Veneto	37045
Legnano	45.5946985	8.9183595	MI	Lombardia	20025
Legnaro	45.3456480	11.9639350	PD	Veneto	35020
Lei	40.3044005	8.9180375	NU	Sardegna	08010
Leini	45.1845815	7.7132706	TO	Piemonte	10040
Leivi	44.3544648	9.3151786	GE	Liguria	16040
Lemie	45.2281993	7.2920445	TO	Piemonte	10070
Lendinara	45.0832589	11.6041641	RO	Veneto	45026
Leni	38.5544690	14.8254710	ME	Sicilia	98050
Lenna	45.9439828	9.6786963	BG	Lombardia	24010
Leno	45.3670119	10.2184518	BS	Lombardia	25024
Lenola	41.4061150	13.4594060	LT	Lazio	04025
Lenta	45.5574660	8.3841280	VC	Piemonte	13035
Lentate sul Seveso	45.6784049	9.1181696	MB	Lombardia	20823
Lentella	41.9962623	14.6775104	CH	Abruzzo	66050
Lentini	37.2846850	14.9987779	SR	Sicilia	96016
Leonessa	42.5631500	12.9638499	RI	Lazio	02016
Leonforte	37.6392121	14.3924267	EN	Sicilia	94013
Leporano	40.3839220	17.3349040	TA	Puglia	74020
Lequile	40.3058260	18.1402230	LE	Puglia	73010
Lequio Berria	44.6058400	8.0981390	CN	Piemonte	12050
Lequio Tanaro	44.5599370	7.8821360	CN	Piemonte	12060
Lercara Friddi	37.7469460	13.6048540	PA	Sicilia	90025
Lerici	44.0736073	9.9099135	SP	Liguria	19032
Lerma	44.6360470	8.7154520	AL	Piemonte	15070
Lesa	45.8296440	8.5648573	NO	Piemonte	28040
Lesegno	44.4022340	7.9708400	CN	Piemonte	12076
Lesignano de' Bagni	44.6434282	10.3004841	PR	Emilia-Romagna	43037
Lesina	41.8594390	15.3527410	FG	Puglia	71010
Lesmo	45.6489742	9.3056521	MB	Lombardia	20855
Lessolo	45.4782580	7.8147170	TO	Piemonte	10010
Lessona	45.5872701	8.1943371	BI	Piemonte	13853
Lestizza	45.9549465	13.1417352	UD	Friuli-Venezia Giulia	33050
Letino	41.4530220	14.2554220	CE	Campania	81010
Letojanni	37.8802614	15.3064429	ME	Sicilia	98037
Lettere	40.7049090	14.5449390	NA	Campania	80050
Lettomanoppello	42.2366404	14.0369214	PE	Abruzzo	65020
Lettopalena	42.0040330	14.1568130	CH	Abruzzo	66010
Levanto	44.1699056	9.6120397	SP	Liguria	19015
Levate	45.6251790	9.6241540	BG	Lombardia	24040
Leverano	40.2894249	17.9994144	LE	Puglia	73045
Levice	44.5382390	8.1550420	CN	Piemonte	12070
Levico Terme	46.0091259	11.3017774	TN	Trentino-Alto Adige	38056
Levone	45.3182024	7.6061873	TO	Piemonte	10070
Lezzeno	45.9450751	9.1941117	CO	Lombardia	22025
Liberi	41.2278180	14.2900260	CE	Campania	81040
Librizzi	38.0968660	14.9583399	ME	Sicilia	98064
Licata	37.1016426	13.9376618	AG	Sicilia	92027
Licciana Nardi	44.2648672	10.0381722	MS	Toscana	54016
Licenza	42.0731126	12.9014677	RM	Lazio	00026
Licodia Eubea	37.1556958	14.7027245	CT	Sicilia	95040
Lierna	45.9592023	9.3024783	LC	Lombardia	23827
Lignana	45.2855305	8.3461237	VC	Piemonte	13034
Lignano Sabbiadoro	45.6901610	13.1407655	UD	Friuli-Venezia Giulia	33054
Lillianes	45.6326424	7.8446047	AO	Valle d'Aosta	11020
Limana	46.1028140	12.1863030	BL	Veneto	32020
Limatola	41.1408170	14.3929300	BN	Campania	82030
Limbadi	38.5574770	15.9658950	VV	Calabria	89844
Limbiate	45.5984024	9.1194356	MB	Lombardia	20812
Limena	45.4743763	11.8449327	PD	Veneto	35010
Limido Comasco	45.6891740	8.9798380	CO	Lombardia	22070
Limina	37.9407737	15.2726676	ME	Sicilia	98030
Limone Piemonte	44.2027260	7.5763360	CN	Piemonte	12015
Limone sul Garda	45.8141194	10.7915786	BS	Lombardia	25010
Limosano	41.6763300	14.6224280	CB	Molise	86022
Linarolo	45.1609808	9.2709102	PV	Lombardia	27010
Linguaglossa	37.8409138	15.1437161	CT	Sicilia	95015
Lioni	40.8765170	15.1877510	AV	Campania	83047
Lipari	38.4681846	14.9547202	ME	Sicilia	98055
Lipomo	45.7945033	9.1216456	CO	Lombardia	22030
Lirio	44.9939820	9.2555680	PV	Lombardia	27040
Liscate	45.4815487	9.4090115	MI	Lombardia	20060
Liscia	41.9552350	14.5553220	CH	Abruzzo	66050
Lisciano Niccone	43.2468440	12.1430500	PG	Umbria	06060
Lisio	44.3071320	7.9787420	CN	Piemonte	12070
Lissone	45.6107705	9.2408409	MB	Lombardia	20851
Liveri	38.1234806	15.0608492	NA	Campania	80030
Livigno	46.5381734	10.1359928	SO	Lombardia	23030
Livinallongo del Col di Lana	46.4825098	11.9540457	BL	Veneto	32020
Livo	46.4047110	11.0192710	TN	Trentino-Alto Adige	38020
Livorno	43.5507317	10.3091256	LI	Toscana	57121,57122,57123,57124,57125,57126,57127,57128
Livorno Ferraris	45.2814818	8.0821574	VC	Piemonte	13046
Livraga	45.1922680	9.5464600	LO	Lombardia	26814
Lizzanello	40.3041270	18.2225250	LE	Puglia	73023
Lizzano	40.3910230	17.4476070	TA	Puglia	74020
Lizzano in Belvedere	44.1618295	10.8940436	BO	Emilia-Romagna	40042
Loano	44.1287537	8.2593713	SV	Liguria	17025
Loazzolo	44.6690430	8.2584420	AT	Piemonte	14051
Locana	45.4176538	7.4588144	TO	Piemonte	10080
Locate di Triulzi	45.3579318	9.2246411	MI	Lombardia	20085
Locate Varesino	45.6888509	8.9306787	CO	Lombardia	22070
Locatello	45.8345021	9.5332605	BG	Lombardia	24030
Loceri	39.8566346	9.5822088	NU	Sardegna	08040
Locorotondo	40.7552300	17.3265000	BA	Puglia	70010
Locri	38.2385368	16.2655092	RC	Calabria	89044
Loculi	40.4072775	9.6111604	NU	Sardegna	08020
Lodè	40.5913866	9.5397954	NU	Sardegna	08020
Lodi	45.3138959	9.5032630	LO	Lombardia	26900
Lodi Vecchio	45.3010750	9.4165986	LO	Lombardia	26855
Lodine	40.1480795	9.2182943	NU	Sardegna	08020
Lodrino	45.7196870	10.2776670	BS	Lombardia	25060
Lograto	45.4842379	10.0532758	BS	Lombardia	25030
Loiano	44.2683300	11.3234319	BO	Emilia-Romagna	40050
Loiri Porto San Paolo	40.8763052	9.6294901	SS	Sardegna	07020
Lomagna	45.6679780	9.3760470	LC	Lombardia	23871
Lomazzo	45.6984514	9.0363529	CO	Lombardia	22074
Lombardore	45.2352282	7.7365518	TO	Piemonte	10040
Lombriasco	44.8409410	7.6359250	TO	Piemonte	10040
Lomello	45.1210590	8.7962450	PV	Lombardia	27034
Lona-Lases	46.1498177	11.2191675	TN	Trentino-Alto Adige	38040
Lonate Ceppino	45.7045034	8.8742864	VA	Lombardia	21050
Lonate Pozzolo	45.5967722	8.7547313	VA	Lombardia	21015
Lonato del Garda	45.4610389	10.4845346	BS	Lombardia	25017
Londa	43.8605674	11.5668116	FI	Toscana	50060
Longano	41.5216230	14.2456210	IS	Molise	86090
Longare	45.4746344	11.6110489	VI	Veneto	36023
Longarone	46.2657860	12.2999366	BL	Veneto	32013
Longhena	45.4376780	10.0596670	BS	Lombardia	25030
Longi	38.0272713	14.7526560	ME	Sicilia	98070
Longiano	44.0743778	12.3274733	FC	Emilia-Romagna	47020
Longobardi	39.2070900	16.0764900	CS	Calabria	87030
Longobucco	39.4482990	16.6104990	CS	Calabria	87066
Longone al Segrino	45.8209264	9.2529779	CO	Lombardia	22030
Longone Sabino	42.2731300	12.9673830	RI	Lazio	02020
Lonigo	45.3881155	11.3879900	VI	Veneto	36045
Loranzè	45.4416570	7.8127180	TO	Piemonte	10010
Loreggia	45.5945240	11.9446117	PD	Veneto	35010
Loreglia	45.9065807	8.3711904	VB	Piemonte	28893
Lorenzago di Cadore	46.4796260	12.4594030	BL	Veneto	32040
Loreo	45.0619946	12.1889247	RO	Veneto	45017
Loreto	43.4394980	13.6070214	AN	Marche	60025
Loreto Aprutino	42.4346340	13.9832322	PE	Abruzzo	65014
Loria	45.7284237	11.8655848	TV	Veneto	31037
Loro Ciuffenna	43.5922862	11.6330068	AR	Toscana	52024
Loro Piceno	43.1661204	13.4164033	MC	Marche	62020
Lorsica	44.4452760	9.2843109	GE	Liguria	16045
Losine	45.9834940	10.3161630	BS	Lombardia	25050
Lotzorai	39.9691548	9.6637148	NU	Sardegna	08040
Lovere	45.8168815	10.0752136	BG	Lombardia	24065
Lovero	46.2310661	10.2303646	SO	Lombardia	23030
Lozio	45.9861029	10.2603604	BS	Lombardia	25040
Lozza	45.7756750	8.8577340	VA	Lombardia	21040
Lozzo Atestino	45.2909178	11.6304106	PD	Veneto	35034
Lozzo di Cadore	46.4845717	12.4433413	BL	Veneto	32040
Lozzolo	45.6256427	8.3217739	VC	Piemonte	13045
Lu e Cuccaro Monferrato	44.9966126	8.4742649	AL	Piemonte	15037
Lubriano	42.6362310	12.1087590	VT	Lazio	01020
Lucca	43.8428381	10.5028760	LU	Toscana	55100
Lucca Sicula	37.5790488	13.3065678	AG	Sicilia	92010
Lucera	41.5082727	15.3376465	FG	Puglia	71036
Lucignano	43.2744629	11.7459997	AR	Toscana	52046
Lucinasco	43.9680214	7.9639801	IM	Liguria	18020
Lucito	41.7319310	14.6872280	CB	Molise	86030
Luco dei Marsi	41.9570270	13.4735980	AQ	Abruzzo	67056
Lucoli	42.2515538	13.3768818	AQ	Abruzzo	67045
Lugagnano Val d'Arda	44.8219940	9.8284819	PC	Emilia-Romagna	29018
Lugnano in Teverina	42.5742259	12.3307848	TR	Umbria	05020
Lugo	44.4188782	11.9082311	RA	Emilia-Romagna	48022
Lugo di Vicenza	45.7529864	11.5233854	VI	Veneto	36030
Luino	45.9989084	8.7399070	VA	Lombardia	21016
Luisago	45.7628770	9.0354380	CO	Lombardia	22070
Lula	40.4703640	9.4864350	NU	Sardegna	08020
Lumarzo	44.4528876	9.1326199	GE	Liguria	16024
Lumezzane	45.6482576	10.2645464	BS	Lombardia	25065
Lunamatrona	39.6505440	8.8993350	SU	Sardegna	09022
Lunano	43.7304752	12.4414172	PU	Marche	61026
Lungavilla	45.0406600	9.0813530	PV	Lombardia	27053
Lungro	39.7422654	16.1228246	CS	Calabria	87010
Luni	44.0778272	10.0301890	SP	Liguria	19034
Luogosano	40.9856310	14.9919563	AV	Campania	83040
Luogosanto	41.0546565	9.2040900	SS	Sardegna	07020
Lupara	41.7627311	14.7330086	CB	Molise	86030
Lurago d'Erba	45.7470528	9.2145019	CO	Lombardia	22040
Lurago Marinone	45.7054211	8.9828826	CO	Lombardia	22070
Lurano	45.5656770	9.6401550	BG	Lombardia	24050
Luras	40.9348579	9.1754471	SS	Sardegna	07025
Lurate Caccivio	45.7645831	8.9914724	CO	Lombardia	22075
Lusciano	40.9700120	14.1904270	CE	Campania	81030
Luserna	45.9216649	11.3242901	TN	Trentino-Alto Adige	38040
Luserna San Giovanni	44.8154370	7.2513180	TO	Piemonte	10062
Lusernetta	44.8031370	7.2467180	TO	Piemonte	10060
Lusevera	46.2758280	13.2693250	UD	Friuli-Venezia Giulia	33010
Lusia	45.1005351	11.6627796	RO	Veneto	45020
Lusiana Conco	45.8080728	11.5879349	VI	Veneto	36046
Lusigliè	45.3184013	7.7666516	TO	Piemonte	10080
Luson	46.7464659	11.7610843	BZ	Trentino-Alto Adige	39040
Lustra	40.2883040	15.0682550	SA	Campania	84050
Luvinate	45.8393069	8.7690932	VA	Lombardia	21020
Luzzana	45.7163928	9.8804960	BG	Lombardia	24069
Luzzara	44.9616550	10.6870685	RE	Emilia-Romagna	42045
Luzzi	39.4461050	16.2872550	CS	Calabria	87040
Maccagno con Pino e Veddasca	46.0736848	8.7764085	VA	Lombardia	21061
Maccastorna	45.1443305	9.8552150	LO	Lombardia	26843
Macchia d'Isernia	41.5616240	14.1671190	IS	Molise	86070
Macchia Valfortore	41.5950300	14.9117350	CB	Molise	86040
Macchiagodena	41.5598260	14.4078240	IS	Molise	86096
Macello	44.8511390	7.3980200	TO	Piemonte	10060
Macerata	43.3007275	13.4535897	MC	Marche	62100
Macerata Campania	41.0633140	14.2737280	CE	Campania	81047
Macerata Feltria	43.8033644	12.4434146	PU	Marche	61023
Macherio	45.6401160	9.2693710	MB	Lombardia	20846
Maclodio	45.4769983	10.0427148	BS	Lombardia	25030
Macomer	40.2651904	8.7813868	NU	Sardegna	08015
Macra	44.5002483	7.1792602	CN	Piemonte	12020
Macugnaga	45.9500379	7.9581704	VB	Piemonte	28876
Maddaloni	41.0398815	14.3792066	CE	Campania	81024
Madesimo	46.4362982	9.3584136	SO	Lombardia	23024
Madignano	45.3443004	9.7267032	CR	Lombardia	26020
Madone	45.6499571	9.5479634	BG	Lombardia	24040
Madonna del Sasso	45.7880136	8.3468543	VB	Piemonte	28894
Madruzzo	46.0328837	11.0034845	TN	Trentino-Alto Adige	38076
Maenza	41.5233613	13.1805494	LT	Lazio	04010
Mafalda	41.9417360	14.7132260	CB	Molise	86030
Magasa	45.7813920	10.6159730	BS	Lombardia	25080
Magenta	45.4653931	8.8838429	MI	Lombardia	20013
Maggiora	45.6893690	8.4223260	NO	Piemonte	28014
Magherno	45.2235660	9.3293550	PV	Lombardia	27010
Magione	43.1427366	12.2034965	PG	Umbria	06063
Magisano	39.0133900	16.6279040	CZ	Calabria	88050
Magliano Alfieri	44.7692440	8.0701360	CN	Piemonte	12050
Magliano Alpi	44.4596340	7.8053360	CN	Piemonte	12060
Magliano de' Marsi	42.0915290	13.3637940	AQ	Abruzzo	67062
Magliano di Tenna	43.1379540	13.5871840	FM	Marche	63832
Magliano in Toscana	42.5994416	11.2917394	GR	Toscana	58051
Magliano Romano	42.1598932	12.4368996	RM	Lazio	00060
Magliano Sabina	42.3613571	12.4811695	RI	Lazio	02046
Magliano Vetere	40.3470070	15.2366580	SA	Campania	84050
Maglie	40.1184626	18.2988529	LE	Puglia	73024
Magliolo	44.1914858	8.2503958	SV	Liguria	17020
Maglione	45.3466570	8.0133240	TO	Piemonte	10030
Magnacavallo	45.0055780	11.1811000	MN	Lombardia	46020
Magnago	45.5787312	8.8018508	MI	Lombardia	20020
Magnano	45.4620582	8.0045016	BI	Piemonte	13887
Magnano in Riviera	46.2313297	13.1767687	UD	Friuli-Venezia Giulia	33010
Magomadas	40.2647520	8.5227190	OR	Sardegna	09090
Magrè sulla strada del vino	46.2873885	11.2098464	BZ	Trentino-Alto Adige	39040
Magreglio	45.9207466	9.2620950	CO	Lombardia	22030
Maida	38.8588409	16.3648239	CZ	Calabria	88025
Maierà	39.7175180	15.8493274	CS	Calabria	87020
Maierato	38.7050483	16.1900703	VV	Calabria	89843
Maiolati Spontini	43.4776580	13.1217680	AN	Marche	60030
Maiolo	43.8739600	12.3111440	RN	Emilia-Romagna	47862
Maiori	40.6489080	14.6401410	SA	Campania	84010
Mairago	45.2517690	9.5783600	LO	Lombardia	26825
Mairano	45.4491790	10.0795670	BS	Lombardia	25030
Maissana	44.3373132	9.5363278	SP	Liguria	19010
Majano	46.1852050	13.0682141	UD	Friuli-Venezia Giulia	33030
Malagnino	45.1347710	10.1147740	CR	Lombardia	26030
Malalbergo	44.7186740	11.5322120	BO	Emilia-Romagna	40051
Malborghetto Valbruna	46.4978492	13.4331499	UD	Friuli-Venezia Giulia	33010
Malcesine	45.7643442	10.8100598	VR	Veneto	37018
Malé	46.0726871	9.1668764	TN	Trentino-Alto Adige	38027
Malegno	45.9506025	10.2733393	BS	Lombardia	25053
Maleo	45.1689375	9.7635000	LO	Lombardia	26847
Malesco	46.1266185	8.5009192	VB	Piemonte	28854
Maletto	37.8290222	14.8656644	CT	Sicilia	95035
Malfa	38.5759700	14.8354710	ME	Sicilia	98050
Malgrate	45.8526004	9.3752977	LC	Lombardia	23864
Malito	39.1549900	16.2485950	CS	Calabria	87030
Mallare	44.2909819	8.2966494	SV	Liguria	17045
Malles Venosta	46.6879187	10.5465492	BZ	Trentino-Alto Adige	39024
Malnate	45.8000916	8.8781675	VA	Lombardia	21046
Malo	45.6602960	11.4074930	VI	Veneto	36034
Malonno	46.1225810	10.3192116	BS	Lombardia	25040
Maltignano	42.8322480	13.6879900	AP	Marche	63085
Malvagna	37.9183933	15.0553829	ME	Sicilia	98030
Malvicino	44.5593420	8.4131470	AL	Piemonte	15015
Malvito	39.5996980	16.0532850	CS	Calabria	87010
Mammola	38.3780506	16.2031484	RC	Calabria	89045
Mamoiada	40.2156570	9.2804350	NU	Sardegna	08024
Manciano	42.5873361	11.5159878	GR	Toscana	58014
Mandanici	38.0035859	15.3170947	ME	Sicilia	98020
Mandas	39.6562834	9.1297852	SU	Sardegna	09040
Mandatoriccio	39.4672010	16.8348040	CS	Calabria	87060
Mandela	42.0308068	12.9233231	RM	Lazio	00020
Mandello del Lario	45.9191830	9.3193410	LC	Lombardia	23826
Mandello Vitta	45.4956650	8.4598310	NO	Piemonte	28060
Manduria	40.4018250	17.6335110	TA	Puglia	74024
Manerba del Garda	45.5494340	10.5512888	BS	Lombardia	25080
Manerbio	45.3557770	10.1351700	BS	Lombardia	25025
Manfredonia	41.6254728	15.9095926	FG	Puglia	71043
Mango	44.6864430	8.1502390	CN	Piemonte	12056
Mangone	39.2055920	16.3319960	CS	Calabria	87050
Maniace	37.8624231	14.8078349	CT	Sicilia	95030
Maniago	46.1385674	12.7364617	PN	Friuli-Venezia Giulia	33085
Manocalzati	40.9418653	14.8498042	AV	Campania	83030
Manoppello	42.2577795	14.0599575	PE	Abruzzo	65024
Mansuè	45.8223904	12.5377124	TV	Veneto	31040
Manta	44.6158717	7.4870199	CN	Piemonte	12030
Mantello	46.1522359	9.4885023	SO	Lombardia	23016
Mantova	45.1566683	10.7917191	MN	Lombardia	46100
Manzano	45.9905116	13.3815041	UD	Friuli-Venezia Giulia	33044
Manziana	42.1303442	12.1302711	RM	Lazio	00066
Mapello	45.7089647	9.5475128	BG	Lombardia	24030
Mappano	45.1478012	7.7060986	TO	Piemonte	10079
Mara	40.4095560	8.6388190	SS	Sardegna	07010
Maracalagonis	39.2853400	9.2294460	CA	Sardegna	09069
Maranello	44.5255217	10.8663607	MO	Emilia-Romagna	41053
Marano di Napoli	40.8976100	14.1905280	NA	Campania	80016
Marano di Valpolicella	45.5560474	10.9156845	VR	Veneto	37020
Marano Equo	41.9940240	13.0159880	RM	Lazio	00020
Marano Lagunare	45.7649931	13.1675011	UD	Friuli-Venezia Giulia	33050
Marano Marchesato	39.3159930	16.1737910	CS	Calabria	87040
Marano Principato	39.2995930	16.1750910	CS	Calabria	87040
Marano sul Panaro	44.4558978	10.9663838	MO	Emilia-Romagna	41054
Marano Ticino	45.6298700	8.6316320	NO	Piemonte	28040
Marano Vicentino	45.6925488	11.4287561	VI	Veneto	36035
Maranzana	44.7605633	8.4782571	AT	Piemonte	14040
Maratea	39.9931029	15.7231240	PZ	Basilicata	85046
Marcallo con Casone	45.4872199	8.8732761	MI	Lombardia	20010
Marcaria	45.1205750	10.5327830	MN	Lombardia	46010
Marcedusa	39.0277920	16.8363090	CZ	Calabria	88050
Marcellina	42.0236897	12.8070452	RM	Lazio	00010
Marcellinara	38.9280929	16.4930774	CZ	Calabria	88044
Marcetelli	42.2266015	13.0469439	RI	Lazio	02020
Marcheno	45.7093740	10.2153259	BS	Lombardia	25060
Marchirolo	45.9500498	8.8322606	VA	Lombardia	21030
Marciana	42.7894222	10.1685346	LI	Toscana	57030
Marciana Marina	42.8036083	10.1967676	LI	Toscana	57033
Marcianise	41.0329966	14.2984228	CE	Campania	81025
Marciano della Chiana	43.3052266	11.7863655	AR	Toscana	52047
Marcignago	45.2530650	9.0793490	PV	Lombardia	27020
Marcon	45.5543277	12.2993821	VE	Veneto	30020
Marebbe	46.6488791	12.0270407	BZ	Trentino-Alto Adige	39030
Marene	44.6619719	7.7291572	CN	Piemonte	12030
Mareno di Piave	45.8408562	12.3512554	TV	Veneto	31010
Marentino	45.0580320	7.8746227	TO	Piemonte	10020
Maretto	44.9447112	8.0342714	AT	Piemonte	14018
Margarita	44.4034320	7.6849340	CN	Piemonte	12040
Margherita di Savoia	41.3742350	16.1501660	BT	Puglia	76016
Margno	46.0309870	9.3816410	LC	Lombardia	23832
Mariana Mantovana	45.1928760	10.4868810	MN	Lombardia	46010
Mariano Comense	45.6971411	9.1784276	CO	Lombardia	22066
Mariano del Friuli	45.9160611	13.4587480	GO	Friuli-Venezia Giulia	34070
Marianopoli	37.5974460	13.9157630	CL	Sicilia	93010
Mariglianella	40.9295130	14.4358330	NA	Campania	80030
Marigliano	40.9249138	14.4568673	NA	Campania	80034
Marina di Gioiosa Ionica	38.3006628	16.3303619	RC	Calabria	89046
Marineo	37.9528926	13.4150241	PA	Sicilia	90035
Marino	41.7697883	12.6586082	RM	Lazio	00047
Marlengo	46.6556318	11.1405342	BZ	Trentino-Alto Adige	39020
Marliana	43.9336995	10.7692761	PT	Toscana	51010
Marmentino	45.7554500	10.2873147	BS	Lombardia	25060
Marmirolo	45.2205633	10.7563930	MN	Lombardia	46045
Marmora	44.4575801	7.0941739	CN	Piemonte	12020
Marnate	45.6293231	8.9010953	VA	Lombardia	21050
Marone	45.7360860	10.0937620	BS	Lombardia	25054
Maropati	38.4406316	16.0991609	RC	Calabria	89020
Marostica	45.7453924	11.6568938	VI	Veneto	36063
Marradi	44.0757376	11.6128962	FI	Toscana	50034
Marrubiu	39.7521430	8.6372280	OR	Sardegna	09094
Marsaglia	44.4538581	7.9812464	CN	Piemonte	12060
Marsala	37.7979221	12.4342091	TP	Sicilia	91025
Marsciano	42.9100282	12.3370419	PG	Umbria	06055
Marsico Nuovo	40.4230120	15.7348680	PZ	Basilicata	85052
Marsicovetere	40.3766014	15.8244926	PZ	Basilicata	85050
Marta	42.5339112	11.9249120	VT	Lazio	01010
Martano	40.2036212	18.3019803	LE	Puglia	73025
Martellago	45.5466448	12.1576784	VE	Veneto	30030
Martello	46.5154661	10.7215472	BZ	Trentino-Alto Adige	39020
Martignacco	46.0979220	13.1368250	UD	Friuli-Venezia Giulia	33035
Martignana di Po	45.0111116	10.3797507	CR	Lombardia	26040
Martignano	40.2374250	18.2552270	LE	Puglia	73020
Martina Franca	40.7042378	17.3399908	TA	Puglia	74015
Martinengo	45.5703685	9.7673760	BG	Lombardia	24057
Martiniana Po	44.6272340	7.3628230	CN	Piemonte	12030
Martinsicuro	42.8851442	13.9155354	TE	Abruzzo	64014
Martirano	39.0817480	16.2484787	CZ	Calabria	88040
Martirano Lombardo	39.0749491	16.2327589	CZ	Calabria	88040
Martis	40.7786640	8.8081170	SS	Sardegna	07030
Martone	38.3539760	16.2883040	RC	Calabria	89040
Marudo	45.2529670	9.3771550	LO	Lombardia	26866
Maruggio	40.3222604	17.5723658	TA	Puglia	74020
Marzabotto	44.3409877	11.2047820	BO	Emilia-Romagna	40043
Marzano	45.2479670	9.2950540	PV	Lombardia	27010
Marzano Appio	41.3166705	14.0424236	CE	Campania	81035
Marzano di Nola	40.9027195	14.5840934	AV	Campania	83020
Marzi	39.1707910	16.3063960	CS	Calabria	87050
Marzio	45.9386810	8.8591970	VA	Lombardia	21030
Masainas	39.0516236	8.6305978	SU	Sardegna	09010
Masate	45.5675473	9.4638211	MI	Lombardia	20060
Mascali	37.7602846	15.1974313	CT	Sicilia	95016
Mascalucia	37.5736052	15.0517267	CT	Sicilia	95030
Maschito	40.9089220	15.8294640	PZ	Basilicata	85020
Masciago Primo	45.9177780	8.7811300	VA	Lombardia	21030
Maser	45.8075410	11.9724872	TV	Veneto	31010
Masera	46.1399790	8.3234150	VB	Piemonte	28855
Maserà di Padova	45.3207113	11.8709849	PD	Veneto	35020
Maserada sul Piave	45.7494106	12.3193327	TV	Veneto	31052
Masi	45.1088186	11.4919124	PD	Veneto	35040
Masi Torello	44.7945780	11.8018170	FE	Emilia-Romagna	44020
Masio	44.8696490	8.4077410	AL	Piemonte	15024
Maslianico	45.8428272	9.0471960	CO	Lombardia	22026
Masone	44.5013362	8.7163481	GE	Liguria	16010
Massa	44.0359323	10.1395519	MS	Toscana	54100
Massa d'Albe	42.1072290	13.3942940	AQ	Abruzzo	67050
Massa di Somma	40.8476313	14.3743024	NA	Campania	80040
Massa e Cozzile	43.9174100	10.7537268	PT	Toscana	51010
Massa Fermana	43.1497719	13.4754066	FM	Marche	63834
Massa Lombarda	44.4473860	11.8260915	RA	Emilia-Romagna	48024
Massa Lubrense	40.6117381	14.3434239	NA	Campania	80061
Massa Marittima	43.0500376	10.8879707	GR	Toscana	58024
Massa Martana	42.7731370	12.5249660	PG	Umbria	06056
Massafra	40.5888311	17.1169895	TA	Puglia	74016
Massalengo	45.2647203	9.4902448	LO	Lombardia	26815
Massanzago	45.5555115	12.0074344	PD	Veneto	35010
Massarosa	43.8676499	10.3397157	LU	Toscana	55054
Massazza	45.4913620	8.1645240	BI	Piemonte	13873
Massello	44.9671575	7.0202425	TO	Piemonte	10060
Masserano	45.5946318	8.2242487	BI	Piemonte	13866
Massignano	43.0506498	13.7972087	AP	Marche	63061
Massimeno	46.1417556	10.7731340	TN	Trentino-Alto Adige	38086
Massimino	44.2995752	8.0706198	SV	Liguria	12071
Massino Visconti	45.8242060	8.5409419	NO	Piemonte	28040
Massiola	45.9124295	8.3200782	VB	Piemonte	28895
Masullas	39.6995595	8.7827237	OR	Sardegna	09090
Matelica	43.2565600	13.0105143	MC	Marche	62024
Matera	40.6670290	16.6063265	MT	Basilicata	75100
Mathi	45.2551716	7.5419842	TO	Piemonte	10075
Matino	40.0325103	18.1338533	LE	Puglia	73046
Matrice	41.6140982	14.7102079	CB	Molise	86030
Mattie	45.1181430	7.1151090	TO	Piemonte	10050
Mattinata	41.7101410	16.0515590	FG	Puglia	71030
Mazara del Vallo	37.6537292	12.5886912	TP	Sicilia	91026
Mazzano	45.5188040	10.3541615	BS	Lombardia	25080
Mazzano Romano	42.2046516	12.3996308	RM	Lazio	00060
Mazzarino	37.3050236	14.2140779	CL	Sicilia	93013
Mazzarrà Sant'Andrea	38.0884630	15.1335830	ME	Sicilia	98056
Mazzarrone	37.0833929	14.5616741	CT	Sicilia	95040
Mazzè	45.3002550	7.9327230	TO	Piemonte	10035
Mazzin	46.4688053	11.7003753	TN	Trentino-Alto Adige	38030
Mazzo di Valtellina	46.2586000	10.2566560	SO	Lombardia	23030
Meana di Susa	45.1220430	7.0647080	TO	Piemonte	10050
Meana Sardo	39.9442510	9.0723340	NU	Sardegna	08030
Meda	45.6625046	9.1567532	MB	Lombardia	20821
Mede	45.0974469	8.7361760	PV	Lombardia	27035
Medea	45.9177150	13.4225322	GO	Friuli-Venezia Giulia	34076
Medesano	44.7566992	10.1407372	PR	Emilia-Romagna	43014
Medicina	44.4765572	11.6384123	BO	Emilia-Romagna	40059
Mediglia	45.3953700	9.3316520	MI	Lombardia	20060
Medolago	45.6685790	9.4956500	BG	Lombardia	24030
Medole	45.3242539	10.5144051	MN	Lombardia	46046
Medolla	44.8466730	11.0676000	MO	Emilia-Romagna	41036
Meduna di Livenza	45.8064433	12.6126854	TV	Veneto	31040
Meduno	46.2167789	12.7858670	PN	Friuli-Venezia Giulia	33092
Megliadino San Vitale	45.1921400	11.5242368	PD	Veneto	35040
Meina	45.7887730	8.5388270	NO	Piemonte	28046
Melara	45.0631847	11.1984576	RO	Veneto	45037
Melazzo	44.6439440	8.4249460	AL	Piemonte	15010
Meldola	44.1267212	12.0611527	FC	Emilia-Romagna	47014
Mele	44.4475498	8.7477687	GE	Liguria	16010
Melegnano	45.3587886	9.3239755	MI	Lombardia	20077
Melendugno	40.2717007	18.3369115	LE	Puglia	73026
Meleti	45.1188680	9.8369680	LO	Lombardia	26843
Melfi	40.9961268	15.6556545	PZ	Basilicata	85025
Melicuccà	38.3037720	15.8812960	RC	Calabria	89020
Melicucco	38.4337129	16.0604715	RC	Calabria	89020
Melilli	37.1782878	15.1266212	SR	Sicilia	96010
Melissa	39.3073729	17.0259873	KR	Calabria	88814
Melissano	39.9710645	18.1257786	LE	Puglia	73040
Melito di Napoli	40.9205110	14.2300290	NA	Campania	80017
Melito di Porto Salvo	37.9203843	15.7778568	RC	Calabria	89063
Melito Irpino	41.1032532	15.0520424	AV	Campania	83030
Melizzano	41.1605703	14.5053103	BN	Campania	82030
Melle	44.5620476	7.3204900	CN	Piemonte	12020
Mello	46.1541948	9.5479018	SO	Lombardia	23010
Melpignano	40.1570806	18.2930785	LE	Puglia	73020
Meltina	46.5863916	11.2561557	BZ	Trentino-Alto Adige	39010
Melzo	45.4985848	9.4242513	MI	Lombardia	20066
Menaggio	46.0197842	9.2389513	CO	Lombardia	22017
Menconico	44.7963638	9.2792795	PV	Lombardia	27050
Mendatica	44.0765546	7.8060743	IM	Liguria	18025
Mendicino	39.2635962	16.1953516	CS	Calabria	87040
Menfi	37.6066390	12.9678430	AG	Sicilia	92013
Mentana	42.0350216	12.6422717	RM	Lazio	00013
Meolo	45.6194293	12.4530566	VE	Veneto	30020
Merana	44.5187975	8.2980764	AL	Piemonte	15010
Merano	46.6695547	11.1594185	BZ	Trentino-Alto Adige	39012
Merate	45.6986790	9.4116480	LC	Lombardia	23807
Mercallo	45.7498658	8.6695719	VA	Lombardia	21020
Mercatello sul Metauro	43.6473550	12.3366480	PU	Marche	61040
Mercatino Conca	43.8701620	12.4911480	PU	Marche	61013
Mercato San Severino	40.7833028	14.7557276	SA	Campania	84085
Mercato Saraceno	43.9567671	12.1959387	FC	Emilia-Romagna	47025
Mercenasco	45.3571822	7.8823593	TO	Piemonte	10010
Mercogliano	40.9201621	14.7386053	AV	Campania	83013
Mereto di Tomba	46.0497523	13.0427514	UD	Friuli-Venezia Giulia	33036
Mergo	43.4723570	13.0367660	AN	Marche	60030
Mergozzo	45.9612800	8.4495252	VB	Piemonte	28802
Merì	38.1669407	15.2516409	ME	Sicilia	98040
Merlara	45.1670683	11.4418785	PD	Veneto	35040
Merlino	45.4333720	9.4298530	LO	Lombardia	26833
Merone	45.7878508	9.2464576	CO	Lombardia	22046
Mesagne	40.5597541	17.8085464	BR	Puglia	72023
Mese	46.3052737	9.3803256	SO	Lombardia	23020
Mesenzana	45.9478170	8.7578345	VA	Lombardia	21030
Mesero	45.5013140	8.8542025	MI	Lombardia	20010
Mesola	44.9207815	12.2292244	FE	Emilia-Romagna	44026
Mesoraca	39.0801269	16.7895990	KR	Calabria	88838
Messina	38.1937571	15.5542082	ME	Sicilia	98121,98122,98123,98124,98125,98126,98127,98128,98129,98130,98131,98132,98133,98134,98135,98136,98137,98138,98139,98140,98141,98142,98143,98144,98145,98146,98147,98148,98149,98150,98151,98152,98153,98154,98155,98156,98157,98158,98159,98160,98161,98162,98163,98164,98165,98166,98167,98168
Mestrino	45.4427579	11.7582537	PD	Veneto	35035
Meta	40.6392060	14.4182370	NA	Campania	80062
Mezzago	45.6289770	9.4448500	MB	Lombardia	20883
Mezzana	46.3173162	10.8010074	TN	Trentino-Alto Adige	38020
Mezzana Bigli	45.0598580	8.8484470	PV	Lombardia	27030
Mezzana Mortigliengo	45.6265660	8.1895220	BI	Piemonte	13831
Mezzana Rabattone	45.0948626	9.0312537	PV	Lombardia	27030
Mezzane di Sotto	45.4820063	11.1281533	VR	Veneto	37030
Mezzanego	44.3920085	9.4077220	GE	Liguria	16046
Mezzanino	45.1246535	9.2053376	PV	Lombardia	27040
Mezzano	41.0980797	14.3452929	TN	Trentino-Alto Adige	38050
Mezzenile	45.2951292	7.3944587	TO	Piemonte	10070
Mezzocorona	46.2154357	11.1207858	TN	Trentino-Alto Adige	38016
Mezzojuso	37.8645320	13.4641955	PA	Sicilia	90030
Mezzoldo	46.0124030	9.6648740	BG	Lombardia	24010
Mezzolombardo	46.2120936	11.0935086	TN	Trentino-Alto Adige	38017
Mezzomerico	45.6186872	8.6055179	NO	Piemonte	28040
Miagliano	45.6134640	8.0447190	BI	Piemonte	13816
Miane	45.9443206	12.0938559	TV	Veneto	31050
Miasino	45.8019720	8.4297240	NO	Piemonte	28010
Miazzina	45.9763770	8.5222230	VB	Piemonte	28817
Micigliano	42.4513391	13.0547279	RI	Lazio	02010
Miggiano	39.9597200	18.3116310	LE	Puglia	73035
Miglianico	42.3592392	14.2920741	CH	Abruzzo	66010
Miglierina	38.9489860	16.4719316	CZ	Calabria	88040
Miglionico	40.5693922	16.5009658	MT	Basilicata	75010
Mignanego	44.5483300	8.9156574	GE	Liguria	16018
Mignano Monte Lungo	41.4046121	13.9829077	CE	Campania	81049
Milano	45.4641943	9.1896346	MI	Lombardia	20121,20122,20123,20124,20125,20126,20127,20128,20129,20130,20131,20132,20133,20134,20135,20136,20137,20138,20139,20140,20141,20142,20143,20144,20145,20146,20147,20148,20149,20150,20151,20152,20153,20154,20155,20156,20157,20158,20159,20160,20161,20162
Milazzo	38.2208049	15.2415129	ME	Sicilia	98057
Milena	37.4715206	13.7364367	CL	Sicilia	93010
Mileto	44.4996982	9.3461403	VV	Calabria	89852
Milis	40.0504490	8.6370240	OR	Sardegna	09070
Militello in Val di Catania	37.2749214	14.7939684	CT	Sicilia	95043
Militello Rosmarino	38.0459174	14.6760173	ME	Sicilia	98070
Millesimo	44.3675360	8.2017460	SV	Liguria	17017
Milo	37.7224446	15.1157393	CT	Sicilia	95010
Milzano	45.2735750	10.1992730	BS	Lombardia	25020
Mineo	37.2648752	14.6908487	CT	Sicilia	95044
Minerbe	45.2408619	11.3348386	VR	Veneto	37046
Minerbio	44.6241987	11.4906968	BO	Emilia-Romagna	40061
Minervino di Lecce	40.0911724	18.4230537	LE	Puglia	73027
Minervino Murge	41.0850517	16.0777763	BT	Puglia	76013
Minori	40.6527080	14.6249410	SA	Campania	84010
Minturno	41.2629744	13.7465219	LT	Lazio	04026
Minucciano	44.1704490	10.2075920	LU	Toscana	55034
Mioglia	44.4904597	8.4124727	SV	Liguria	17040
Mira	45.4119966	12.1942107	VE	Veneto	30034
Mirabella Eclano	41.0449190	14.9987440	AV	Campania	83036
Mirabella Imbaccari	37.3242210	14.4463939	CT	Sicilia	95040
Mirabello Monferrato	45.0355517	8.5232487	AL	Piemonte	15040
Mirabello Sannitico	41.5159688	14.6725087	CB	Molise	86010
Miradolo Terme	45.1719660	9.4455580	PV	Lombardia	27010
Miranda	41.6451260	14.2463200	IS	Molise	86080
Mirandola	44.8872071	11.0661063	MO	Emilia-Romagna	41037
Mirano	45.4641943	9.1896346	VE	Veneto	30035
Mirto	38.0846600	14.7514750	ME	Sicilia	98070
Misano Adriatico	43.9774954	12.6986947	RN	Emilia-Romagna	47843
Misano di Gera d'Adda	45.4687750	9.6210570	BG	Lombardia	24040
Misiliscemi	37.9257141	12.5375515	TP	Sicilia	91027
Misilmeri	38.0352205	13.4514041	PA	Sicilia	90036
Misinto	45.6623750	9.0839410	MB	Lombardia	20826
Missaglia	45.7087169	9.3357540	LC	Lombardia	23873
Missanello	40.2819547	16.1663126	PZ	Basilicata	85010
Misterbianco	37.5191722	15.0079363	CT	Sicilia	95045
Mistretta	37.9298854	14.3628727	ME	Sicilia	98073
Moasca	44.7627191	8.2778224	AT	Piemonte	14050
Moconesi	44.4332610	9.2139486	GE	Liguria	16047
Modena	44.6458885	10.9255707	MO	Emilia-Romagna	41121,41122,41123,41124,41125,41126
Modica	36.8589209	14.7613018	RG	Sicilia	97015
Modigliana	44.1611630	11.7935280	FC	Emilia-Romagna	47015
Modolo	40.2750467	8.5291795	OR	Sardegna	09090
Modugno	41.0825639	16.7805515	BA	Puglia	70026
Moena	46.3769434	11.6592663	TN	Trentino-Alto Adige	38035
Moggio	45.9322665	9.4879073	LC	Lombardia	23817
Moggio Udinese	46.4097027	13.1951425	UD	Friuli-Venezia Giulia	33015
Moglia	44.9371740	10.9133950	MN	Lombardia	46024
Mogliano	43.1864614	13.4809705	MC	Marche	62010
Mogliano Veneto	45.5612886	12.2376973	TV	Veneto	31021
Mogorella	39.8645981	8.8579312	OR	Sardegna	09080
Mogoro	39.6847105	8.7770879	OR	Sardegna	09095
Moiano	41.0795121	14.5429198	BN	Campania	82010
Moimacco	46.0913240	13.3770310	UD	Friuli-Venezia Giulia	33040
Moio Alcantara	37.8996704	15.0490427	ME	Sicilia	98030
Moio de' Calvi	45.9520028	9.7002118	BG	Lombardia	24010
Moio della Civitella	40.2496190	15.2693964	SA	Campania	84060
Moiola	44.3211270	7.3897300	CN	Piemonte	12010
Mola di Bari	41.0613232	17.0917111	BA	Puglia	70042
Molare	44.6204339	8.6011696	AL	Piemonte	15074
Molazzana	44.0717490	10.4177990	LU	Toscana	55020
Molfetta	41.1992456	16.5968279	BA	Puglia	70056
Molina Aterno	42.1490330	13.7354010	AQ	Abruzzo	67020
Molinara	41.2906297	14.9103428	BN	Campania	82020
Molinella	44.6208530	11.6702371	BO	Emilia-Romagna	40062
Molini di Triora	43.9903183	7.7744405	IM	Liguria	18010
Molino dei Torti	45.0234357	8.8922365	AL	Piemonte	15050
Molise	41.6308280	14.4929250	CB	Molise	86020
Moliterno	40.2421263	15.8689875	PZ	Basilicata	85047
Mollia	45.8166690	8.0303150	VC	Piemonte	13020
Molochio	38.3084453	16.0318619	RC	Calabria	89010
Molteno	45.7803800	9.3074440	LC	Lombardia	23847
Moltrasio	45.8741435	9.0914473	CO	Lombardia	22010
Molveno	46.1421057	10.9637773	TN	Trentino-Alto Adige	38018
Mombaldone	44.5695562	8.3301861	AT	Piemonte	14050
Mombarcaro	44.4676370	8.0882420	CN	Piemonte	12070
Mombaroccio	43.7952218	12.8544512	PU	Marche	61024
Mombaruzzo	44.7713489	8.4489087	AT	Piemonte	14046
Mombasiglio	44.3666330	7.9679410	CN	Piemonte	12070
Mombello di Torino	45.0457490	7.9208270	TO	Piemonte	10020
Mombello Monferrato	45.1328540	8.2503330	AL	Piemonte	15020
Mombercelli	44.8177098	8.2946688	AT	Piemonte	14047
Momo	45.5748887	8.5561394	NO	Piemonte	28015
Mompantero	45.1420427	7.0646093	TO	Piemonte	10059
Mompeo	42.2483103	12.7522355	RI	Lazio	02040
Momperone	44.8384452	9.0353171	AL	Piemonte	15050
Monacilioni	41.6099300	14.8085330	CB	Molise	86040
Monale	44.9360495	8.0718593	AT	Piemonte	14013
Monasterace	38.4536790	16.5520090	RC	Calabria	89040
Monastero Bormida	44.6485430	8.3266430	AT	Piemonte	14058
Monastero di Lanzo	45.3018726	7.4396812	TO	Piemonte	10070
Monastero di Vasco	44.3300939	7.8226995	CN	Piemonte	12080
Monasterolo Casotto	44.3282320	7.9432410	CN	Piemonte	12080
Monasterolo del Castello	45.7631850	9.9316580	BG	Lombardia	24060
Monasterolo di Savigliano	44.6863380	7.6195280	CN	Piemonte	12030
Monastier di Treviso	45.6500759	12.4337702	TV	Veneto	31050
Monastir	39.3847400	9.0448410	SU	Sardegna	09023
Moncalieri	45.0004614	7.6847543	TO	Piemonte	10024
Moncalvo	45.0502050	8.2650382	AT	Piemonte	14036
Moncenisio	45.2052852	6.9824996	TO	Piemonte	10050
Moncestino	45.1547598	8.1614216	AL	Piemonte	15020
Monchiero	44.5705380	7.9202360	CN	Piemonte	12060
Monchio delle Corti	44.4129554	10.1241904	PR	Emilia-Romagna	43010
Moncrivello	45.3323570	7.9955240	VC	Piemonte	13040
Moncucco Torinese	45.0681071	7.9325329	AT	Piemonte	14024
Mondaino	43.8557055	12.6713923	RN	Emilia-Romagna	47836
Mondavio	43.6742046	12.9687710	PU	Marche	61040
Mondolfo	43.7507687	13.0968907	PU	Marche	61037
Mondovì	44.3900282	7.8204718	CN	Piemonte	12084
Mondragone	41.1141120	13.8935190	CE	Campania	81034
Moneglia	44.2385001	9.4899769	GE	Liguria	16030
Monesiglio	44.4650370	8.1185420	CN	Piemonte	12077
Monfalcone	45.8049454	13.5330592	GO	Friuli-Venezia Giulia	34074
Monforte d'Alba	44.5824380	7.9696370	CN	Piemonte	12065
Monforte San Giorgio	38.1564006	15.3832560	ME	Sicilia	98041
Monfumo	45.8303733	11.9211182	TV	Veneto	31010
Mongardino	44.8492328	8.2184747	AT	Piemonte	14040
Monghidoro	44.2198594	11.3187467	BO	Emilia-Romagna	40063
Mongiana	38.5128790	16.3195030	VV	Calabria	89823
Mongiardino Ligure	44.6401393	9.0618536	AL	Piemonte	15060
Mongiuffi Melia	37.9058768	15.2557181	ME	Sicilia	98030
Mongrando	45.5277315	8.0105832	BI	Piemonte	13888
Mongrassano	39.5268970	16.1105870	CS	Calabria	87040
Monguelfo-Tesido	46.7811447	12.1189218	BZ	Trentino-Alto Adige	39035
Monguzzo	45.7828670	9.2325793	CO	Lombardia	22040
Moniga del Garda	45.5285230	10.5375734	BS	Lombardia	25080
Monleale	44.8870659	8.9802506	AL	Piemonte	15059
Monno	46.2115706	10.3398783	BS	Lombardia	25040
Monopoli	40.9522369	17.2999480	BA	Puglia	70043
Monreale	38.0826321	13.2919931	PA	Sicilia	90046
Monrupino	45.7178121	13.7974451	TS	Friuli-Venezia Giulia	34016
Monsampietro Morico	43.0677520	13.5556840	FM	Marche	63842
Monsampolo del Tronto	42.8969500	13.7938920	AP	Marche	63077
Monsano	43.5625610	13.2500700	AN	Marche	60030
Monselice	45.2417684	11.7508534	PD	Veneto	35043
Monserrato	39.2539413	9.1432062	CA	Sardegna	09042
Monsummano Terme	43.8707438	10.8140162	PT	Toscana	51015
Montà	44.8136440	7.9572330	CN	Piemonte	12046
Montabone	44.6987450	8.3906440	AT	Piemonte	14040
Montacuto	44.7664530	9.1049580	AL	Piemonte	15050
Montafia	44.9892893	8.0248717	AT	Piemonte	14014
Montagano	41.6449290	14.6751290	CB	Molise	86023
Montagna in Valtellina	46.1784950	9.9029500	SO	Lombardia	23020
Montagna sulla Strada del Vino	46.3308364	11.3046335	BZ	Trentino-Alto Adige	39040
Montagnana	45.2333207	11.4657779	PD	Veneto	35044
Montagnareale	38.1323538	14.9464822	ME	Sicilia	98060
Montaguto	41.2487250	15.2484470	AV	Campania	83030
Montaione	43.5529373	10.9127727	FI	Toscana	50050
Montalbano Elicona	38.0234089	15.0136716	ME	Sicilia	98065
Montalbano Jonico	40.2884103	16.5681711	MT	Basilicata	75023
Montalcino	43.0610689	11.4900203	SI	Toscana	53024
Montaldeo	44.6671470	8.7301520	AL	Piemonte	15060
Montaldo Bormida	44.6826470	8.5878480	AL	Piemonte	15010
Montaldo di Mondovì	44.3217310	7.8671400	CN	Piemonte	12080
Montaldo Roero	44.7687192	7.9241508	CN	Piemonte	12040
Montaldo Scarampi	44.8303450	8.2590523	AT	Piemonte	14048
Montaldo Torinese	45.0654869	7.8496013	TO	Piemonte	10020
Montale	43.9352396	11.0158786	PT	Toscana	51037
Montalenghe	45.3374550	7.8388200	TO	Piemonte	10090
Montallegro	37.3929390	13.3507530	AG	Sicilia	92010
Montalto Carpasio	43.9477208	7.8619192	IM	Liguria	18028
Montalto delle Marche	42.9898510	13.6091860	AP	Marche	63068
Montalto di Castro	42.3515417	11.6072988	VT	Lazio	01014
Montalto Dora	45.4907590	7.8628180	TO	Piemonte	10016
Montalto Pavese	44.9792730	9.2097613	PV	Lombardia	27040
Montalto Uffugo	39.4047950	16.1579900	CS	Calabria	87046
Montanaro	45.2335530	7.8533230	TO	Piemonte	10017
Montanaso Lombardo	45.3357700	9.4686560	LO	Lombardia	26836
Montanera	44.4622330	7.6656330	CN	Piemonte	12040
Montano Antilia	40.1623040	15.3654630	SA	Campania	84060
Montano Lucino	45.7903315	9.0275206	CO	Lombardia	22070
Montappone	43.1364530	13.4684810	FM	Marche	63835
Montaquila	41.5667230	14.1126180	IS	Molise	86070
Montasola	42.3863950	12.6817138	RI	Lazio	02040
Montauro	38.7487702	16.5129098	CZ	Calabria	88060
Montazzoli	41.9483340	14.4291200	CH	Abruzzo	66030
Monte Argentario	42.4073520	11.1503838	GR	Toscana	58019
Monte Castello di Vibio	42.8406941	12.3522863	PG	Umbria	06057
Monte Cerignone	43.8404600	12.4147470	PU	Marche	61010
Monte Compatri	41.8089180	12.7377840	RM	Lazio	00077
Monte Cremasco	45.3734822	9.5727662	CR	Lombardia	26010
Monte di Malo	45.6604642	11.3625657	VI	Veneto	36030
Monte di Procida	40.8009070	14.0518270	NA	Campania	80070
Monte Giberto	43.0912530	13.6306850	FM	Marche	63846
Monte Grimano Terme	43.8676610	12.4712470	PU	Marche	61010
Monte Isola	45.7165365	10.0801760	BS	Lombardia	25050
Monte Marenzo	45.7707810	9.4546470	LC	Lombardia	23804
Monte Porzio	43.6896974	13.0456901	PU	Marche	61040
Monte Porzio Catone	41.8164259	12.7153413	RM	Lazio	00078
Monte Rinaldo	43.0282598	13.5801546	FM	Marche	63852
Monte Roberto	43.4813499	13.1383781	AN	Marche	60030
Monte Romano	42.2678823	11.8986478	VT	Lazio	01010
Monte San Biagio	41.3525130	13.3522040	LT	Lazio	04020
Monte San Giacomo	40.3444090	15.5404650	SA	Campania	84030
Monte San Giovanni Campano	41.6406200	13.5137040	FR	Lazio	03025
Monte San Giovanni in Sabina	42.3285159	12.7773713	RI	Lazio	02040
Monte San Giusto	43.2364309	13.5951236	MC	Marche	62015
Monte San Martino	43.0319500	13.4386820	MC	Marche	62020
Monte San Pietrangeli	43.1893550	13.5753830	FM	Marche	63815
Monte San Pietro	44.4283961	11.1510776	BO	Emilia-Romagna	40050
Monte San Savino	43.3314232	11.7253508	AR	Toscana	52048
Monte San Vito	43.6005620	13.2681700	AN	Marche	60037
Monte Sant'Angelo	41.7054400	15.9676570	FG	Puglia	71037
Monte Santa Maria Tiberina	43.4377812	12.1625435	PG	Umbria	06010
Monte Urano	43.2026560	13.6728850	FM	Marche	63813
Monte Vidon Combatte	43.0500664	13.6310024	FM	Marche	63847
Monte Vidon Corrado	43.1206530	13.4875820	FM	Marche	63836
Montebello della Battaglia	45.0009590	9.1034540	PV	Lombardia	27054
Montebello di Bertona	42.4179444	13.8719008	PE	Abruzzo	65010
Montebello Jonico	37.9827660	15.7579970	RC	Calabria	89064
Montebello sul Sangro	41.9872720	14.3253152	CH	Abruzzo	66040
Montebello Vicentino	45.4560104	11.3842392	VI	Veneto	36054
Montebelluna	45.7759956	12.0450646	TV	Veneto	31044
Montebruno	44.5257423	9.2475673	GE	Liguria	16025
Montebuono	42.3666554	12.5970594	RI	Lazio	02040
Montecalvo in Foglia	43.8115620	12.6310520	PU	Marche	61020
Montecalvo Irpino	41.1956230	15.0334430	AV	Campania	83037
Montecalvo Versiggia	44.9712680	9.2855415	PV	Lombardia	27047
Montecarlo	43.8511862	10.6676214	LU	Toscana	55015
Montecarotto	43.5263107	13.0630099	AN	Marche	60036
Montecassiano	43.3638315	13.4357088	MC	Marche	62010
Montecastello	44.9494522	8.6857406	AL	Piemonte	15040
Montecastrilli	42.6524340	12.4885670	TR	Umbria	05026
Montecatini Val di Cecina	43.3928165	10.7490933	PI	Toscana	56040
Montecatini-Terme	43.8831790	10.7709533	PT	Toscana	51016
Montecchia di Crosara	45.4845178	11.2534250	VR	Veneto	37030
Montecchio	45.5213908	10.9810492	TR	Umbria	05020
Montecchio Emilia	44.7004508	10.4464132	RE	Emilia-Romagna	42027
Montecchio Maggiore	45.5050793	11.4084448	VI	Veneto	36075
Montecchio Precalcino	45.6657810	11.5633020	VI	Veneto	36030
Montechiaro d'Acqui	44.5943782	8.3786180	AL	Piemonte	15010
Montechiaro d'Asti	45.0078157	8.1121518	AT	Piemonte	14025
Montechiarugolo	44.6934008	10.4224798	PR	Emilia-Romagna	43022
Montecilfone	41.9025360	14.8364290	CB	Molise	86032
Montecopiolo	43.8413137	12.3704338	PU	Marche	61014
Montecorice	40.2340242	14.9846810	SA	Campania	84060
Montecorvino Pugliano	40.6580561	14.9446088	SA	Campania	84090
Montecorvino Rovella	40.6959126	14.9761046	SA	Campania	84096
Montecosaro	43.3170093	13.6353055	MC	Marche	62010
Montecrestese	46.1628326	8.3298420	VB	Piemonte	28864
Montecreto	44.2459550	10.7176020	MO	Emilia-Romagna	41025
Montedinove	42.9707330	13.5873048	AP	Marche	63069
Montedoro	37.4535082	13.8162377	CL	Sicilia	93010
Montefalcione	40.9610384	14.8822149	AV	Campania	83030
Montefalco	42.8918739	12.6500673	PG	Umbria	06036
Montefalcone Appennino	42.9900490	13.4568830	FM	Marche	63855
Montefalcone di Val Fortore	41.3259910	15.0090586	BN	Campania	82025
Montefalcone nel Sannio	41.8666340	14.6382250	CB	Molise	86033
Montefano	43.4111590	13.4383760	MC	Marche	62010
Montefelcino	43.7347610	12.8339580	PU	Marche	61030
Monteferrante	41.9547340	14.3884190	CH	Abruzzo	66040
Montefiascone	42.5379248	12.0309974	VT	Lazio	01027
Montefino	42.5443197	13.8842381	TE	Abruzzo	64030
Montefiore Conca	43.8902363	12.6103147	RN	Emilia-Romagna	47834
Montefiore dell'Aso	43.0518954	13.7527903	AP	Marche	63062
Montefiorino	44.3528570	10.6255990	MO	Emilia-Romagna	41045
Monteflavio	42.1081784	12.8303820	RM	Lazio	00010
Monteforte Cilento	40.3640237	15.1945801	SA	Campania	84060
Monteforte d'Alpone	45.4172539	11.2836658	VR	Veneto	37032
Monteforte Irpino	40.8919215	14.7139046	AV	Campania	83024
Montefortino	42.9430952	13.3448312	FM	Marche	63858
Montefranco	42.5977353	12.7652595	TR	Umbria	05030
Montefredane	40.9623951	14.8109591	AV	Campania	83030
Montefusco	41.0376180	14.8549410	AV	Campania	83030
Montegabbione	42.9210065	12.0923641	TR	Umbria	05010
Montegalda	45.4437746	11.6732113	VI	Veneto	36047
Montegaldella	45.4363550	11.6708255	VI	Veneto	36047
Montegallo	42.8473894	13.3434963	AP	Marche	63094
Montegioco	44.8417760	8.9630083	AL	Piemonte	15050
Montegiordano	40.0430100	16.5343910	CS	Calabria	87070
Montegiorgio	43.1322530	13.5363830	FM	Marche	63833
Montegranaro	43.2324893	13.6315761	FM	Marche	63812
Montegridolfo	43.8589996	12.6885114	RN	Emilia-Romagna	47837
Montegrino Valtravaglia	45.9732069	8.7688194	VA	Lombardia	21010
Montegrosso d'Asti	44.8239434	8.2397817	AT	Piemonte	14048
Montegrosso Pian Latte	44.0666859	7.8175369	IM	Liguria	18025
Montegrotto Terme	45.3314910	11.7912080	PD	Veneto	35036
Monteiasi	40.4997254	17.3810068	TA	Puglia	74020
Montelabbate	43.8488640	12.7879550	PU	Marche	61025
Montelanico	41.6511170	13.0398930	RM	Lazio	00030
Montelapiano	41.9634401	14.3415650	CH	Abruzzo	66040
Monteleone d'Orvieto	42.9184935	12.0511448	TR	Umbria	05017
Monteleone di Fermo	43.0479035	13.5285340	FM	Marche	63841
Monteleone di Puglia	41.1654240	15.2580480	FG	Puglia	71020
Monteleone di Spoleto	42.6510059	12.9515599	PG	Umbria	06045
Monteleone Rocca Doria	40.4716215	8.5602991	SS	Sardegna	07010
Monteleone Sabino	42.2343364	12.8561549	RI	Lazio	02033
Montelepre	38.0889639	13.1713433	PA	Sicilia	90040
Montelibretti	42.1409333	12.7353320	RM	Lazio	00010
Montella	40.8424096	15.0179097	AV	Campania	83048
Montello	45.6720820	9.8056570	BG	Lombardia	24060
Montelongo	41.7366398	14.9529770	CB	Molise	86040
Montelparo	43.0178383	13.5374316	FM	Marche	63853
Montelupo Albese	44.6214400	8.0480380	CN	Piemonte	12050
Montelupo Fiorentino	43.7331531	11.0208768	FI	Toscana	50056
Montelupone	43.3441900	13.5675945	MC	Marche	62010
Montemaggiore Belsito	37.8477519	13.7620485	PA	Sicilia	90020
Montemagno	44.9837010	8.3235786	AT	Piemonte	14030
Montemale di Cuneo	44.4374300	7.3753270	CN	Piemonte	12025
Montemarano	40.9152160	14.9976460	AV	Campania	83040
Montemarciano	43.6396433	13.3095299	AN	Marche	60018
Montemarzino	44.8483380	8.9936102	AL	Piemonte	15050
Montemesola	40.5637601	17.3393651	TA	Puglia	74020
Montemezzo	46.1781812	9.3744846	CO	Lombardia	22010
Montemignaio	43.7398953	11.6200117	AR	Toscana	52010
Montemiletto	41.0113420	14.9087042	AV	Campania	83038
Montemilone	41.0300260	15.9692660	PZ	Basilicata	85020
Montemitro	41.8880266	14.6467497	CB	Molise	86030
Montemonaco	42.8991551	13.3268587	AP	Marche	63088
Montemurlo	43.9269665	11.0374396	PO	Toscana	59013
Montemurro	40.2969110	15.9912750	PZ	Basilicata	85053
Montenars	46.2550260	13.1788240	UD	Friuli-Venezia Giulia	33010
Montenero di Bisaccia	42.0654495	14.7895690	CB	Molise	86036
Montenero Sabino	42.2812290	12.8135790	RI	Lazio	02040
Montenero Val Cocchiara	41.7168260	14.0694150	IS	Molise	86080
Montenerodomo	41.9756330	14.2528150	CH	Abruzzo	66010
Monteodorisio	42.0858966	14.6526813	CH	Abruzzo	66050
Montepaone	38.7214578	16.4989720	CZ	Calabria	88060
Monteparano	40.4440240	17.4151050	TA	Puglia	74020
Monteprandone	42.9199386	13.8348165	AP	Marche	63076
Montepulciano	43.0945279	11.7826795	SI	Toscana	53045
Monterchi	43.4856312	12.1116812	AR	Toscana	52035
Montereale	42.5250955	13.2440724	AQ	Abruzzo	67015
Montereale Valcellina	46.1306874	12.6531323	PN	Friuli-Venezia Giulia	33086
Monterenzio	44.3268824	11.4061440	BO	Emilia-Romagna	40050
Monteriggioni	43.3899772	11.2235936	SI	Toscana	53035
Monteroduni	41.5218962	14.1759397	IS	Molise	86075
Monteroni d'Arbia	43.2310999	11.4214569	SI	Toscana	53014
Monteroni di Lecce	40.3243980	18.0975900	LE	Puglia	73047
Monterosi	42.1958230	12.3084690	VT	Lazio	01030
Monterosso al Mare	44.1465216	9.6555583	SP	Liguria	19016
Monterosso Almo	37.0888742	14.7627081	RG	Sicilia	97010
Monterosso Calabro	38.7169990	16.2910587	VV	Calabria	89819
Monterosso Grana	44.4082280	7.3229270	CN	Piemonte	12020
Monterotondo	42.0517987	12.6183967	RM	Lazio	00015
Monterotondo Marittimo	43.1455530	10.8558338	GR	Toscana	58025
Monterubbiano	43.0847540	13.7198870	FM	Marche	63825
Montesano Salentino	39.9756210	18.3214310	LE	Puglia	73030
Montesano sulla Marcellana	40.2758889	15.7013753	SA	Campania	84033
Montesarchio	41.0639234	14.6397875	BN	Campania	82016
Montescaglioso	40.5522210	16.6668870	MT	Basilicata	75024
Montescano	45.0326442	9.2961671	PV	Lombardia	27040
Montescheno	46.0679200	8.2252449	VB	Piemonte	28843
Montescudaio	43.3262785	10.6269946	PI	Toscana	56040
Montescudo-Monte Colombo	43.9313763	12.5422299	RN	Emilia-Romagna	47854
Montese	44.2685063	10.9411886	MO	Emilia-Romagna	41055
Montesegale	44.9062510	9.1270728	PV	Lombardia	27052
Montesilvano	42.5136032	14.1516203	PE	Abruzzo	65015
Montespertoli	43.6436718	11.0752521	FI	Toscana	50025
Monteu da Po	45.1508996	8.0168470	TO	Piemonte	10020
Monteu Roero	44.7806865	7.9311892	CN	Piemonte	12040
Montevago	37.7022410	12.9858420	AG	Sicilia	92010
Montevarchi	43.5234999	11.5675911	AR	Toscana	52025
Montevecchia	45.7057341	9.3754169	LC	Lombardia	23874
Monteverde	40.9989220	15.5341570	AV	Campania	83049
Monteverdi Marittimo	43.1773319	10.7144314	PI	Toscana	56040
Monteviale	45.5605248	11.4580722	VI	Veneto	36050
Montezemolo	44.3770350	8.1411440	CN	Piemonte	12070
Monti	40.8059690	9.3255270	SS	Sardegna	07020
Montiano	44.0829650	12.3044400	FC	Emilia-Romagna	47020
Monticelli Brusati	45.6321897	10.0985704	BS	Lombardia	25040
Monticelli d'Ongina	45.0895109	9.9331646	PC	Emilia-Romagna	29010
Monticelli Pavese	45.1107312	9.5150492	PV	Lombardia	27010
Monticello Brianza	45.7087797	9.3141406	LC	Lombardia	23876
Monticello Conte Otto	45.5951803	11.5805788	VI	Veneto	36010
Monticello d'Alba	44.7181817	7.9482038	CN	Piemonte	12066
Montichiari	45.4151810	10.3906750	BS	Lombardia	25018
Monticiano	43.1396699	11.1801262	SI	Toscana	53015
Montieri	43.1306766	11.0162788	GR	Toscana	58026
Montiglio Monferrato	45.0644697	8.0988611	AT	Piemonte	14026
Montignoso	44.0240497	10.1725909	MS	Toscana	54038
Montirone	45.4463800	10.2287710	BS	Lombardia	25010
Montjovet	45.7123611	7.6590408	AO	Valle d'Aosta	11020
Montodine	45.2851710	9.7072620	CR	Lombardia	26010
Montoggio	44.5154356	9.0442742	GE	Liguria	16026
Montone	43.3623367	12.3263279	PG	Umbria	06014
Montopoli di Sabina	42.2459270	12.6920770	RI	Lazio	02034
Montopoli in Val d'Arno	43.6702986	10.7608316	PI	Toscana	56020
Montorfano	45.7854578	9.1460789	CO	Lombardia	22030
Montorio al Vomano	42.5827062	13.6325193	TE	Abruzzo	64046
Montorio nei Frentani	41.7596340	14.9327330	CB	Molise	86040
Montorio Romano	42.1384107	12.8074769	RM	Lazio	00010
Montoro	40.8328763	14.7917765	AV	Campania	83025
Montorso Vicentino	45.4898343	11.3622710	VI	Veneto	36050
Montottone	43.0620520	13.5900850	FM	Marche	63843
Montresta	40.3737726	8.4996108	OR	Sardegna	09090
Montù Beccaria	45.0369456	9.3155381	PV	Lombardia	27040
Monvalle	45.8569315	8.6337304	VA	Lombardia	21020
Monza	45.5834418	9.2735257	MB	Lombardia	20900
Monzambano	45.3861390	10.6924039	MN	Lombardia	46040
Monzuno	44.2792634	11.2664080	BO	Emilia-Romagna	40036
Morano Calabro	39.8439407	16.1356130	CS	Calabria	87016
Morano sul Po	45.1641964	8.3657078	AL	Piemonte	15025
Moransengo-Tonengo	45.1176281	8.0144169	AT	Piemonte	14023
Moraro	45.9305709	13.4965303	GO	Friuli-Venezia Giulia	34070
Morazzone	45.7649609	8.8315000	VA	Lombardia	21040
Morbegno	46.1321629	9.5694656	SO	Lombardia	23017
Morbello	44.5908013	8.5183870	AL	Piemonte	15010
Morciano di Leuca	39.8478180	18.3124320	LE	Puglia	73040
Morciano di Romagna	43.9137480	12.6460672	RN	Emilia-Romagna	47833
Morcone	41.3411011	14.6636259	BN	Campania	82026
Mordano	44.3974264	11.8108566	BO	Emilia-Romagna	40027
Morengo	45.5336039	9.7052776	BG	Lombardia	24050
Mores	40.5483600	8.8312210	SS	Sardegna	07013
Moresco	43.0855540	13.7309880	FM	Marche	63826
Moretta	44.7638390	7.5371250	CN	Piemonte	12033
Morfasso	44.7227486	9.7028607	PC	Emilia-Romagna	29020
Morgano	45.6433975	12.1126279	TV	Veneto	31050
Morgex	45.7580223	7.0354328	AO	Valle d'Aosta	11017
Morgongiori	39.7466440	8.7701310	OR	Sardegna	09090
Mori	45.8524443	10.9782754	TN	Trentino-Alto Adige	38065
Moriago della Battaglia	45.8673585	12.1037673	TV	Veneto	31010
Moricone	42.1170960	12.7716393	RM	Lazio	00010
Morigerati	40.1399490	15.5551821	SA	Campania	84030
Morimondo	45.3524418	8.9548111	MI	Lombardia	20081
Morino	41.8644250	13.4569990	AQ	Abruzzo	67050
Moriondo Torinese	45.0376490	7.9400280	TO	Piemonte	10020
Morlupo	42.1488565	12.5030127	RM	Lazio	00067
Mormanno	39.8883030	15.9867800	CS	Calabria	87026
Mornago	45.7475410	8.7522990	VA	Lombardia	21020
Mornese	44.6392470	8.7561530	AL	Piemonte	15075
Mornico al Serio	45.5913800	9.8092590	BG	Lombardia	24050
Mornico Losana	45.0103307	9.2051126	PV	Lombardia	27040
Morolo	41.6382180	13.1970970	FR	Lazio	03017
Morozzo	44.4239320	7.7133350	CN	Piemonte	12040
Morra De Sanctis	40.9290190	15.2428510	AV	Campania	83040
Morro d'Alba	43.6010966	13.2138462	AN	Marche	60030
Morro d'Oro	42.6637438	13.9194967	TE	Abruzzo	64020
Morro Reatino	42.5266508	12.8323214	RI	Lazio	02010
Morrone del Sannio	41.7115320	14.7798310	CB	Molise	86040
Morrovalle	43.3145533	13.5795085	MC	Marche	62010
Morsano al Tagliamento	45.8581407	12.9293364	PN	Friuli-Venezia Giulia	33075
Morsasco	44.6653460	8.5508480	AL	Piemonte	15010
Mortara	45.2513474	8.7374279	PV	Lombardia	27036
Mortegliano	45.9458064	13.1727963	UD	Friuli-Venezia Giulia	33050
Morterone	45.8795148	9.4862269	LC	Lombardia	23811
Moruzzo	46.1202406	13.1231520	UD	Friuli-Venezia Giulia	33030
Moscazzano	45.2922710	9.6834610	CR	Lombardia	26010
Moschiano	40.8742455	14.6583584	AV	Campania	83020
Mosciano Sant'Angelo	42.7493491	13.8880309	TE	Abruzzo	64023
Moscufo	42.4281437	14.0543087	PE	Abruzzo	65010
Moso in Passiria	46.8318323	11.1672933	BZ	Trentino-Alto Adige	39013
Mossa	45.9385932	13.5482396	GO	Friuli-Venezia Giulia	34070
Motta Baluffi	45.0550973	10.2592469	CR	Lombardia	26045
Motta Camastra	37.8956251	15.1723466	ME	Sicilia	98030
Motta d'Affermo	37.9811734	14.3020605	ME	Sicilia	98070
Motta de' Conti	45.1933428	8.5209342	VC	Piemonte	13010
Motta di Livenza	45.7766300	12.6105482	TV	Veneto	31045
Motta Montecorvino	41.5074300	15.1141410	FG	Puglia	71030
Motta San Giovanni	38.0031650	15.6950960	RC	Calabria	89065
Motta Sant'Anastasia	37.5133908	14.9670716	CT	Sicilia	95040
Motta Santa Lucia	39.0918900	16.2923960	CZ	Calabria	88040
Motta Visconti	45.2881790	8.9924871	MI	Lombardia	20086
Mottafollone	39.6486990	16.0633850	CS	Calabria	87010
Mottalciata	45.5050630	8.2067250	BI	Piemonte	13874
Motteggiana	45.0349397	10.7640229	MN	Lombardia	46020
Mottola	40.6332250	17.0371950	TA	Puglia	74017
Mozzagrogna	42.2127555	14.4447450	CH	Abruzzo	66030
Mozzanica	45.4760760	9.6892580	BG	Lombardia	24050
Mozzate	45.6751880	8.9557618	CO	Lombardia	22076
Mozzecane	45.3099831	10.8185312	VR	Veneto	37060
Mozzo	45.6986800	9.6086520	BG	Lombardia	24030
Muccia	43.0817007	13.0429675	MC	Marche	62034
Muggia	45.5986173	13.7710497	TS	Friuli-Venezia Giulia	34015
Muggiò	45.5931952	9.2271378	MB	Lombardia	20835
Mugnano del Cardinale	40.9430140	14.6356380	AV	Campania	83027
Mugnano di Napoli	40.9093004	14.2068354	NA	Campania	80018
Mulazzano	45.3734919	9.3979929	LO	Lombardia	26837
Mulazzo	44.3159261	9.8896261	MS	Toscana	54026
Mura	45.7139802	10.3436499	BS	Lombardia	25070
Muravera	39.4209450	9.5735510	SU	Sardegna	09043
Murazzano	44.4746494	8.0213361	CN	Piemonte	12060
Murello	44.7521390	7.6009260	CN	Piemonte	12030
Murialdo	44.3165799	8.1642967	SV	Liguria	17013
Murisengo	45.0837764	8.1372333	AL	Piemonte	15020
Murlo	43.1607652	11.3879245	SI	Toscana	53016
Muro Leccese	40.1023230	18.3381300	LE	Puglia	73036
Muro Lucano	40.7525170	15.4857590	PZ	Basilicata	85054
Muros	40.6780610	8.6173150	SS	Sardegna	07030
Muscoline	45.5624850	10.4618740	BS	Lombardia	25080
Musei	39.3022850	8.6674064	SU	Sardegna	09010
Musile di Piave	45.6173586	12.5618873	VE	Veneto	30024
Musso	46.1142559	9.2763733	CO	Lombardia	22010
Mussolente	45.7789522	11.8012715	VI	Veneto	36065
Mussomeli	37.5778450	13.7512590	CL	Sicilia	93014
Muzzana del Turgnano	45.8181089	13.1292630	UD	Friuli-Venezia Giulia	33055
Muzzano	45.5607620	7.9889190	BI	Piemonte	13895
Nago-Torbole	45.8511589	10.8850788	TN	Trentino-Alto Adige	38069
Nalles	46.5434871	11.2046272	BZ	Trentino-Alto Adige	39010
Nanto	45.4219948	11.6050065	VI	Veneto	36024
Napoli	40.8358846	14.2487679	NA	Campania	80121,80122,80123,80124,80125,80126,80127,80128,80129,80130,80131,80132,80133,80134,80135,80136,80137,80138,80139,80140,80141,80142,80143,80144,80145,80146,80147
Narbolia	40.0476498	8.5751691	OR	Sardegna	09070
Narcao	39.1681654	8.6747138	SU	Sardegna	09010
Nardò	40.1762608	18.0306371	LE	Puglia	73048
Nardodipace	38.4722780	16.3425040	VV	Calabria	89824
Narni	42.5195891	12.5152257	TR	Umbria	05035
Naro	37.2962200	13.7915674	AG	Sicilia	92028
Narzole	44.5954380	7.8698350	CN	Piemonte	12068
Nasino	44.1137497	8.0317127	SV	Liguria	17030
Naso	38.1221178	14.7889805	ME	Sicilia	98074
Naturno	46.6498856	11.0041954	BZ	Trentino-Alto Adige	39025
Nave	45.5877271	10.2892353	BS	Lombardia	25075
Navelli	42.2378643	13.7290270	AQ	Abruzzo	67020
Naz-Sciaves	46.7630738	11.6779347	BZ	Trentino-Alto Adige	39040
Nazzano	42.2292570	12.5976389	RM	Lazio	00060
Ne	44.3519258	9.4402573	GE	Liguria	16040
Nebbiuno	45.8035730	8.5271260	NO	Piemonte	28010
Negrar di Valpolicella	45.5296706	10.9400217	VR	Veneto	37024
Neirone	44.4546639	9.1905114	GE	Liguria	16040
Neive	44.7260501	8.1151856	CN	Piemonte	12052
Nembro	45.7439737	9.7592752	BG	Lombardia	24027
Nemi	41.7200217	12.7133951	RM	Lazio	00074
Nemoli	40.0675050	15.8002740	PZ	Basilicata	85040
Neoneli	40.0647520	8.9467300	OR	Sardegna	09080
Nepi	42.2428240	12.3455700	VT	Lazio	01036
Nereto	42.8189452	13.8160547	TE	Abruzzo	64015
Nerola	42.1608815	12.7870175	RM	Lazio	00017
Nervesa della Battaglia	45.8253685	12.2092015	TV	Veneto	31040
Nerviano	45.5536472	8.9707190	MI	Lombardia	20014
Nespolo	42.1561585	13.0700825	RI	Lazio	02020
Nesso	45.9114218	9.1571129	CO	Lombardia	22020
Netro	45.5379286	7.9455161	BI	Piemonte	13896
Nettuno	41.4575382	12.6614250	RM	Lazio	00048
Neviano	40.1077220	18.1140250	LE	Puglia	73040
Neviano degli Arduini	44.5823646	10.3156890	PR	Emilia-Romagna	43024
Neviglie	44.6919420	8.1168380	CN	Piemonte	12050
Niardo	45.9759940	10.3332630	BS	Lombardia	25050
Nibbiola	45.3714832	8.6549776	NO	Piemonte	28070
Nibionno	45.7464790	9.2689440	LC	Lombardia	23895
Nichelino	44.9955182	7.6466179	TO	Piemonte	10042
Nicolosi	37.6147106	15.0263488	CT	Sicilia	95030
Nicorvo	45.2856620	8.6679390	PV	Lombardia	27020
Nicosia	37.7474520	14.3972710	EN	Sicilia	94014
Nicotera	38.5545770	15.9366950	VV	Calabria	89844
Niella Belbo	44.5127380	8.0793410	CN	Piemonte	12050
Niella Tanaro	44.4131124	7.9229517	CN	Piemonte	12060
Nimis	46.2006712	13.2662536	UD	Friuli-Venezia Giulia	33045
Niscemi	37.1464505	14.3941802	CL	Sicilia	93015
Nissoria	37.6552774	14.4494678	EN	Sicilia	94010
Nizza di Sicilia	37.9926220	15.4119128	ME	Sicilia	98026
Nizza Monferrato	44.7733095	8.3537090	AT	Piemonte	14049
Noale	45.5501560	12.0720437	VE	Veneto	30033
Noasca	45.4539721	7.3145537	TO	Piemonte	10080
Nocara	40.0994110	16.4818890	CS	Calabria	87070
Nocciano	42.3330413	13.9841020	PE	Abruzzo	65010
Nocera Inferiore	40.7472133	14.6433202	SA	Campania	84014
Nocera Superiore	40.7415603	14.6715039	SA	Campania	84015
Nocera Terinese	39.0368928	16.1607183	CZ	Calabria	88047
Nocera Umbra	43.1136188	12.7886085	PG	Umbria	06025
Noceto	44.8099007	10.1772596	PR	Emilia-Romagna	43015
Noci	40.7946798	17.1235566	BA	Puglia	70015
Nociglia	40.0392220	18.3260310	LE	Puglia	73020
Noepoli	40.0868090	16.3296850	PZ	Basilicata	85035
Nogara	45.1790124	11.0637333	VR	Veneto	37054
Nogaredo	45.9120887	11.0230464	TN	Trentino-Alto Adige	38060
Nogarole Rocca	45.2918820	10.8837880	VR	Veneto	37060
Nogarole Vicentino	45.5593599	11.2884303	VI	Veneto	36070
Noicattaro	41.0322873	16.9877123	BA	Puglia	70016
Nola	40.9210826	14.5327402	NA	Campania	80035
Nole	45.2439409	7.5729927	TO	Piemonte	10076
Noli	44.2058832	8.4164190	SV	Liguria	17026
Nomaglio	45.5361600	7.8603170	TO	Piemonte	10010
Nomi	45.9285990	11.0718810	TN	Trentino-Alto Adige	38060
Nonantola	44.6776083	11.0436236	MO	Emilia-Romagna	41015
None	44.9331430	7.5401210	TO	Piemonte	10060
Nonio	45.8457730	8.3775220	VB	Piemonte	28891
Noragugume	40.2245550	8.9207270	NU	Sardegna	08010
Norbello	40.1347520	8.8320270	OR	Sardegna	09070
Norcia	42.7924117	13.0929279	PG	Umbria	06046
Norma	41.5880150	12.9693920	LT	Lazio	04010
Nosate	45.5522110	8.7253233	MI	Lombardia	20020
Notaresco	42.6541450	13.8946980	TE	Abruzzo	64024
Noto	36.8908864	15.0706454	SR	Sicilia	96017
Nova Levante	46.4302623	11.5389153	BZ	Trentino-Alto Adige	39056
Nova Milanese	45.5892665	9.2003742	MB	Lombardia	20834
Nova Ponente	46.4139929	11.4251813	BZ	Trentino-Alto Adige	39050
Nova Siri	40.1482120	16.5388890	MT	Basilicata	75020
Novafeltria	43.8957266	12.2903985	RN	Emilia-Romagna	47863
Novaledo	46.0228177	11.3664341	TN	Trentino-Alto Adige	38050
Novalesa	45.1896401	7.0154982	TO	Piemonte	10050
Novara	45.4464036	8.6196550	NO	Piemonte	28100
Novara di Sicilia	38.0160815	15.1318300	ME	Sicilia	98058
Novate Mezzola	46.2211714	9.4494176	SO	Lombardia	23025
Novate Milanese	45.5319497	9.1401207	MI	Lombardia	20026
Nove	45.7256753	11.6800583	VI	Veneto	36055
Novedrate	45.6989461	9.1204975	CO	Lombardia	22060
Novella	46.4369992	11.0781075	TN	Trentino-Alto Adige	38021,38028,38020
Novellara	44.8429700	10.7274920	RE	Emilia-Romagna	42017
Novello	44.5877060	7.9271159	CN	Piemonte	12060
Noventa di Piave	45.6618875	12.5299422	VE	Veneto	30020
Noventa Padovana	45.4142322	11.9507999	PD	Veneto	35027
Noventa Vicentina	45.2906283	11.5398835	VI	Veneto	36025
Novi di Modena	44.8934392	10.9012535	MO	Emilia-Romagna	41016
Novi Ligure	44.7608500	8.7895510	AL	Piemonte	15067
Novi Velia	40.2251050	15.2883610	SA	Campania	84060
Noviglio	45.3601594	9.0503748	MI	Lombardia	20082
Novoli	40.3785270	18.0492200	LE	Puglia	73051
Nucetto	44.3403340	8.0603430	CN	Piemonte	12070
Nughedu San Nicolò	40.5565081	9.0214630	SS	Sardegna	07010
Nughedu Santa Vittoria	40.1020753	8.9535080	OR	Sardegna	09080
Nule	40.4615610	9.1898290	SS	Sardegna	07010
Nulvi	40.7837640	8.7437160	SS	Sardegna	07032
Numana	43.5103436	13.6226368	AN	Marche	60026
Nuoro	40.3210601	9.3297339	NU	Sardegna	08100
Nurachi	39.9733936	8.5401647	OR	Sardegna	09070
Nuragus	39.7762470	9.0381360	SU	Sardegna	09057
Nurallao	39.7902781	9.0807366	SU	Sardegna	09058
Nuraminis	39.4429410	9.0147400	SU	Sardegna	09024
Nureci	39.8233480	8.9738340	OR	Sardegna	09080
Nurri	39.7120480	9.2298410	SU	Sardegna	09059
Nus	45.7403340	7.4693455	AO	Valle d'Aosta	11020
Nusco	40.8869501	15.0840037	AV	Campania	83051
Nuvolento	45.5457840	10.3867720	BS	Lombardia	25080
Nuvolera	45.5321830	10.3691720	BS	Lombardia	25080
Nuxis	39.1529330	8.7381390	SU	Sardegna	09010
Occhieppo Inferiore	45.5528488	8.0230162	BI	Piemonte	13897
Occhieppo Superiore	45.5650620	8.0013190	BI	Piemonte	13898
Occhiobello	44.9212498	11.5813996	RO	Veneto	45030
Occimiano	45.0602550	8.5076400	AL	Piemonte	15040
Ocre	42.2817437	13.4707904	AQ	Abruzzo	67040
Odalengo Grande	45.1097598	8.1669027	AL	Piemonte	15020
Odalengo Piccolo	45.0716520	8.2060330	AL	Piemonte	15020
Oderzo	45.7833709	12.4937783	TV	Veneto	31046
Odolo	45.6468500	10.3884485	BS	Lombardia	25076
Ofena	42.3267913	13.7586905	AQ	Abruzzo	67025
Offagna	43.5276817	13.4414721	AN	Marche	60020
Offanengo	45.3788740	9.7423610	CR	Lombardia	26010
Offida	42.9348208	13.6910435	AP	Marche	63073
Offlaga	45.3861328	10.1174570	BS	Lombardia	25020
Oggebbio	45.9975591	8.6503453	VB	Piemonte	28824
Oggiona con Santo Stefano	45.6994347	8.8183809	VA	Lombardia	21040
Oggiono	45.7918800	9.3467450	LC	Lombardia	23848
Oglianico	45.3425540	7.6937170	TO	Piemonte	10080
Ogliastro Cilento	40.3524050	15.0431540	SA	Campania	84061
Olbia	40.9232659	9.5027442	SS	Sardegna	07026
Olcenengo	45.3634600	8.3098300	VC	Piemonte	13047
Oldenico	45.4027550	8.3803269	VC	Piemonte	13030
Oleggio	45.5972309	8.6370679	NO	Piemonte	28047
Oleggio Castello	45.7488720	8.5271270	NO	Piemonte	28040
Olevano di Lomellina	45.2129605	8.7172694	PV	Lombardia	27020
Olevano Romano	41.8606210	13.0330900	RM	Lazio	00035
Olevano sul Tusciano	40.6689045	15.0326148	SA	Campania	84062
Olgiate Comasco	45.7853256	8.9677744	CO	Lombardia	22077
Olgiate Molgora	45.7302790	9.4033470	LC	Lombardia	23887
Olgiate Olona	45.6309999	8.8898408	VA	Lombardia	21057
Olginate	45.8009379	9.4132788	LC	Lombardia	23854
Oliena	40.2722600	9.4030360	NU	Sardegna	08025
Oliva Gessi	45.0035600	9.1793550	PV	Lombardia	27050
Olivadi	38.7255840	16.4237030	CZ	Calabria	88067
Oliveri	38.1234806	15.0608492	ME	Sicilia	98060
Oliveto Citra	40.6908078	15.2317822	SA	Campania	84020
Oliveto Lario	45.9292473	9.2859120	LC	Lombardia	23865
Oliveto Lucano	40.5353170	16.1845770	MT	Basilicata	75010
Olivetta San Michele	43.8795375	7.5148239	IM	Liguria	18030
Olivola	45.0373877	8.3675266	AL	Piemonte	15030
Ollastra	39.9509480	8.7342270	OR	Sardegna	09088
Ollolai	40.1685030	9.1784670	NU	Sardegna	08020
Ollomont	45.8496551	7.3106437	AO	Valle d'Aosta	11010
Olmedo	40.6515580	8.3802100	SS	Sardegna	07040
Olmeneta	45.2358730	10.0222700	CR	Lombardia	26010
Olmo al Brembo	45.9696756	9.6486492	BG	Lombardia	24010
Olmo Gentile	44.5858203	8.2472013	AT	Piemonte	14050
Oltre il Colle	45.8894870	9.7692520	BG	Lombardia	24013
Oltressenda Alta	45.9166987	9.9442319	BG	Lombardia	24020
Oltrona di San Mamette	45.7569619	8.9762960	CO	Lombardia	22070
Olzai	40.1828560	9.1483320	NU	Sardegna	08020
Ome	45.6243132	10.1239054	BS	Lombardia	25050
Omegna	45.8797740	8.4080220	VB	Piemonte	28887
Omignano	40.2482040	15.0851560	SA	Campania	84060
Onanì	40.4853258	9.4411680	NU	Sardegna	08020
Onano	42.6928561	11.8163999	VT	Lazio	01010
Oncino	44.6762622	7.1903758	CN	Piemonte	12030
Oneta	45.8714870	9.8193540	BG	Lombardia	24020
Onifai	40.4069640	9.6513390	NU	Sardegna	08020
Oniferi	40.2719580	9.1703320	NU	Sardegna	08020
Ono San Pietro	46.0168950	10.3283620	BS	Lombardia	25040
Onore	45.8911690	10.0099362	BG	Lombardia	24020
Onzo	44.0702888	8.0500191	SV	Liguria	17037
Opera	45.3730690	9.2111490	MI	Lombardia	20090
Opi	41.7808732	13.8295241	AQ	Abruzzo	67030
Oppeano	45.3062139	11.1823399	VR	Veneto	37050
Oppido Lucano	40.7618200	15.9866700	PZ	Basilicata	85015
Oppido Mamertina	38.2935931	15.9841395	RC	Calabria	89014
Ora	46.3465946	11.2986335	BZ	Trentino-Alto Adige	39040
Orani	40.2501740	9.1798549	NU	Sardegna	08026
Oratino	41.5847646	14.5875020	CB	Molise	86010
Orbassano	45.0072629	7.5369192	TO	Piemonte	10043
Orbetello	42.4380944	11.2107429	GR	Toscana	58015
Orciano Pisano	43.4944360	10.5115100	PI	Toscana	56040
Orco Feglino	44.2343146	8.3253719	SV	Liguria	17024
Ordona	41.3155290	15.6273550	FG	Puglia	71040
Orero	44.4172124	9.2890384	GE	Liguria	16040
Orgiano	45.3510428	11.4660293	VI	Veneto	36040
Orgosolo	40.2047580	9.3549360	NU	Sardegna	08027
Oria	40.4973270	17.6413100	BR	Puglia	72024
Oricola	42.0492250	13.0393870	AQ	Abruzzo	67063
Origgio	45.5982901	9.0179540	VA	Lombardia	21040
Orino	45.8816338	8.7151033	VA	Lombardia	21030
Orio al Serio	45.6762274	9.6929555	BG	Lombardia	24050
Orio Canavese	45.3292550	7.8617210	TO	Piemonte	10010
Orio Litta	45.1603133	9.5542069	LO	Lombardia	26863
Oriolo	40.0538090	16.4460880	CS	Calabria	87073
Oriolo Romano	42.1593028	12.1383489	VT	Lazio	01010
Oristano	39.9059497	8.5916112	OR	Sardegna	09170
Ormea	44.1488707	7.9126065	CN	Piemonte	12078
Ormelle	45.7791032	12.4203368	TV	Veneto	31024
Ornago	45.5984036	9.4222142	MB	Lombardia	20876
Ornavasso	45.9620833	8.3936243	VB	Piemonte	28877
Ornica	45.9889712	9.5794792	BG	Lombardia	24010
Orosei	40.3791803	9.6950141	NU	Sardegna	08028
Orotelli	40.3058025	9.1128378	NU	Sardegna	08020
Orria	40.2997050	15.1711570	SA	Campania	84060
Orroli	39.6935470	9.2503410	SU	Sardegna	09061
Orsago	45.9308608	12.4235873	TV	Veneto	31010
Orsara Bormida	44.6901460	8.5627480	AL	Piemonte	15010
Orsara di Puglia	41.2816260	15.2644470	FG	Puglia	71027
Orsenigo	45.7773453	9.1811482	CO	Lombardia	22030
Orsogna	42.2189390	14.2791120	CH	Abruzzo	66036
Orsomarso	39.8001724	15.9095285	CS	Calabria	87020
Orta di Atella	40.9665120	14.2680290	CE	Campania	81030
Orta Nova	41.3299300	15.7106560	FG	Puglia	71045
Orta San Giulio	45.7980814	8.4069510	NO	Piemonte	28016
Ortacesus	39.5391475	9.0835262	SU	Sardegna	09040
Orte	42.4605984	12.3856056	VT	Lazio	01028
Ortelle	40.0338964	18.3911204	LE	Puglia	73030
Ortezzano	43.0300520	13.6059860	FM	Marche	63851
Ortignano Raggiolo	43.6803426	11.7480547	AR	Toscana	52010
Ortisei	46.5752077	11.6721382	BZ	Trentino-Alto Adige	39046
Ortona	42.3496430	14.4039130	CH	Abruzzo	66026
Ortona dei Marsi	41.9973300	13.7281030	AQ	Abruzzo	67050
Ortovero	44.0534270	8.0966490	SV	Liguria	17037
Ortucchio	41.9550280	13.6458020	AQ	Abruzzo	67050
Ortueri	40.0356425	8.9872498	NU	Sardegna	08036
Orune	40.4075949	9.3697392	NU	Sardegna	08020
Orvieto	42.7186152	12.1087907	TR	Umbria	05018
Orvinio	42.1321260	12.9396840	RI	Lazio	02035
Orzinuovi	45.4039760	9.9215640	BS	Lombardia	25034
Orzivecchi	45.4206595	9.9617289	BS	Lombardia	25030
Osasco	44.8493681	7.3432431	TO	Piemonte	10060
Osasio	44.8714420	7.6080240	TO	Piemonte	10040
Oschiri	40.7197660	9.1010240	SS	Sardegna	07027
Osidda	40.5238630	9.2193290	NU	Sardegna	08020
Osiglia	44.2826316	8.2021436	SV	Liguria	17010
Osilo	40.7440630	8.6711150	SS	Sardegna	07033
Osimo	43.4861359	13.4824068	AN	Marche	60027
Osini	39.8227520	9.4962440	NU	Sardegna	08040
Osio Sopra	45.6307873	9.5910634	BG	Lombardia	24040
Osio Sotto	45.6160780	9.5890530	BG	Lombardia	24046
Osnago	45.6756780	9.3911480	LC	Lombardia	23875
Osoppo	46.2559997	13.0809181	UD	Friuli-Venezia Giulia	33010
Ospedaletti	43.8020802	7.7181662	IM	Liguria	18014
Ospedaletto	46.0435692	11.5529585	TN	Trentino-Alto Adige	38050
Ospedaletto d'Alpinolo	40.9386714	14.7439343	AV	Campania	83014
Ospedaletto Euganeo	45.2226948	11.6109014	PD	Veneto	35045
Ospedaletto Lodigiano	45.1687670	9.5786610	LO	Lombardia	26864
Ospitale di Cadore	46.3305243	12.3228878	BL	Veneto	32010
Ospitaletto	45.5552224	10.0739460	BS	Lombardia	25035
Ossago Lodigiano	45.2456690	9.5370590	LO	Lombardia	26816
Ossana	46.3064533	10.7377007	TN	Trentino-Alto Adige	38026
Ossi	40.6748600	8.5917140	SS	Sardegna	07045
Ossimo	45.9461920	10.2305610	BS	Lombardia	25050
Ossona	45.5062108	8.9012659	MI	Lombardia	20010
Ostana	44.6925209	7.1883121	CN	Piemonte	12030
Ostellato	44.7456780	11.9435210	FE	Emilia-Romagna	44020
Ostiano	45.2207750	10.2520750	CR	Lombardia	26032
Ostiglia	45.0703901	11.1364100	MN	Lombardia	46035
Ostra	43.6125270	13.1580611	AN	Marche	60010
Ostra Vetere	43.6037488	13.0581863	AN	Marche	60010
Ostuni	40.7276310	17.5764060	BR	Puglia	72017
Otranto	40.1454286	18.4921614	LE	Puglia	73028
Otricoli	42.4230234	12.4776861	TR	Umbria	05030
Ottana	40.2334988	9.0445989	NU	Sardegna	08020
Ottati	40.4628565	15.3152335	SA	Campania	84020
Ottaviano	40.8498175	14.4901274	NA	Campania	80044
Ottiglio	45.0543209	8.3383749	AL	Piemonte	15038
Ottobiano	45.1528163	8.8292093	PV	Lombardia	27030
Ottone	44.6232492	9.3326598	PC	Emilia-Romagna	29026
Oulx	45.0330519	6.8325100	TO	Piemonte	10056
Ovada	44.6383460	8.6452500	AL	Piemonte	15076
Ovaro	46.4829428	12.8653894	UD	Friuli-Venezia Giulia	33025
Oviglio	44.8612500	8.4877430	AL	Piemonte	15026
Ovindoli	42.1370310	13.5160970	AQ	Abruzzo	67046
Ovodda	40.0956540	9.1623340	NU	Sardegna	08020
Oyace	45.8507653	7.3828659	AO	Valle d'Aosta	11010
Ozegna	45.3492900	7.7425240	TO	Piemonte	10080
Ozieri	40.5859373	9.0010431	SS	Sardegna	07014
Ozzano dell'Emilia	44.4449797	11.4760503	BO	Emilia-Romagna	40064
Ozzano Monferrato	45.1089229	8.3702303	AL	Piemonte	15039
Ozzero	45.3658483	8.9245144	MI	Lombardia	20080
Pabillonis	39.5911591	8.7209531	SU	Sardegna	09030
Pace del Mela	38.1796251	15.3053316	ME	Sicilia	98042
Paceco	37.9812974	12.5573091	TP	Sicilia	91027
Pacentro	42.0499635	13.9910727	AQ	Abruzzo	67030
Pachino	36.7152093	15.0914773	SR	Sicilia	96018
Paciano	43.0224336	12.0705233	PG	Umbria	06060
Padenghe sul Garda	45.5095840	10.5063760	BS	Lombardia	25080
Paderna	44.8207134	8.8916301	AL	Piemonte	15050
Paderno d'Adda	45.6813610	9.4445641	LC	Lombardia	23877
Paderno Dugnano	45.5718756	9.1691935	MI	Lombardia	20037
Paderno Franciacorta	45.5891866	10.0764110	BS	Lombardia	25050
Paderno Ponchielli	45.2388720	9.9302680	CR	Lombardia	26024
Padova	45.4077172	11.8734455	PD	Veneto	35121,35122,35123,35124,35125,35126,35127,35128,35129,35130,35131,35132,35133,35134,35135,35136,35137,35138,35139,35140,35141,35142,35143
Padria	40.3963550	8.6299190	SS	Sardegna	07015
Padru	40.7657700	9.5202320	SS	Sardegna	07020
Padula	40.3416425	15.6582540	SA	Campania	84034
Paduli	41.1672025	14.8835971	BN	Campania	82020
Paesana	44.6845642	7.2738406	CN	Piemonte	12034
Paese	45.6727307	12.1536106	TV	Veneto	31038
Pagani	40.7498877	14.6133234	SA	Campania	84016
Paganico Sabino	42.1896280	12.9968850	RI	Lazio	02020
Pagazzano	45.5342770	9.6711570	BG	Lombardia	24040
Pagliara	37.9864756	15.3594261	ME	Sicilia	98020
Paglieta	42.1630390	14.4973180	CH	Abruzzo	66020
Pagnacco	46.1242801	13.1869752	UD	Friuli-Venezia Giulia	33010
Pagno	44.6117340	7.4257250	CN	Piemonte	12030
Pagnona	46.0597412	9.4028931	LC	Lombardia	23833
Pago del Vallo di Lauro	40.8972130	14.6076380	AV	Campania	83020
Pago Veiano	41.2479220	14.8713390	BN	Campania	82020
Paisco Loveno	46.0783048	10.2907333	BS	Lombardia	25050
Paitone	45.5530760	10.4012548	BS	Lombardia	25080
Paladina	45.7306737	9.6079944	BG	Lombardia	24030
Palagano	44.3209570	10.6461000	MO	Emilia-Romagna	41046
Palagianello	40.6118909	16.9751176	TA	Puglia	74018
Palagiano	40.5782240	17.0373950	TA	Puglia	74019
Palagonia	37.3282253	14.7462059	CT	Sicilia	95046
Palaia	43.6050410	10.7720140	PI	Toscana	56036
Palanzano	44.4374371	10.1944619	PR	Emilia-Romagna	43025
Palata	41.8905148	14.7853570	CB	Molise	86037
Palau	41.1810758	9.3820424	SS	Sardegna	07020
Palazzago	45.7521149	9.5350272	BG	Lombardia	24030
Palazzo Adriano	37.6812542	13.3792656	PA	Sicilia	90030
Palazzo Canavese	45.4592590	7.9789210	TO	Piemonte	10010
Palazzo Pignano	45.3900730	9.5695570	CR	Lombardia	26020
Palazzo San Gervasio	40.9313240	15.9807670	PZ	Basilicata	85026
Palazzolo Acreide	37.0618550	14.9041697	SR	Sicilia	96010
Palazzolo dello Stella	45.8048266	13.0795792	UD	Friuli-Venezia Giulia	33056
Palazzolo sull'Oglio	45.5990687	9.8849665	BS	Lombardia	25036
Palazzolo Vercellese	45.1862550	8.2326320	VC	Piemonte	13040
Palazzuolo sul Senio	44.1124753	11.5477477	FI	Toscana	50035
Palena	41.9833669	14.1379460	CH	Abruzzo	66017
Palermiti	38.7485342	16.4522163	CZ	Calabria	88050
Palermo	38.1112268	13.3524434	PA	Sicilia	90121,90122,90123,90124,90125,90126,90127,90128,90129,90130,90131,90132,90133,90134,90135,90136,90137,90138,90139,90140,90141,90142,90143,90144,90145,90146,90147,90148,90149,90150,90151
Palestrina	41.8389656	12.8912487	RM	Lazio	00036
Palestro	45.3017610	8.5334360	PV	Lombardia	27030
Paliano	41.8060233	13.0580683	FR	Lazio	03018
Palizzi	37.9666670	15.9867020	RC	Calabria	89038
Pallagorio	39.3076929	16.9109837	KR	Calabria	88818
Pallanzeno	46.0419760	8.2581160	VB	Piemonte	28884
Pallare	44.3272753	8.2754352	SV	Liguria	17043
Palma Campania	40.8674331	14.5499642	NA	Campania	80036
Palma di Montechiaro	37.1916637	13.7637141	AG	Sicilia	92020
Palmanova	45.9054635	13.3099318	UD	Friuli-Venezia Giulia	33057
Palmariggi	40.1313217	18.3811757	LE	Puglia	73020
Palmas Arborea	39.8768395	8.6424779	OR	Sardegna	09090
Palmi	38.3574488	15.8465649	RC	Calabria	89015
Palmiano	42.8993385	13.4583767	AP	Marche	63092
Palmoli	41.9394350	14.5814230	CH	Abruzzo	66050
Palo del Colle	41.0575320	16.7007820	BA	Puglia	70027
Palombara Sabina	42.0666330	12.7658115	RM	Lazio	00018
Palombaro	42.1248360	14.2306130	CH	Abruzzo	66010
Palomonte	40.6625130	15.2922503	SA	Campania	84020
Palosco	45.5875491	9.8356985	BG	Lombardia	24050
Palù	45.3258339	11.1551730	VR	Veneto	37050
Palù del Fersina	46.1307366	11.3664882	TN	Trentino-Alto Adige	38050
Paludi	39.5293945	16.6815689	CS	Calabria	87060
Paluzza	46.5308146	13.0182065	UD	Friuli-Venezia Giulia	33026
Pamparato	44.2770289	7.9137137	CN	Piemonte	12087
Pancalieri	44.8334410	7.5859240	TO	Piemonte	10060
Pancarana	45.0749275	9.0507905	PV	Lombardia	27050
Panchià	46.2856525	11.5425874	TN	Trentino-Alto Adige	38030
Pandino	45.4070730	9.5534560	CR	Lombardia	26025
Panettieri	39.0599900	16.4567000	CS	Calabria	87050
Panicale	43.0290588	12.0983637	PG	Umbria	06064
Pannarano	41.0102150	14.7033415	BN	Campania	82017
Panni	41.2220250	15.2746480	FG	Puglia	71020
Pantelleria	36.8314576	11.9450395	TP	Sicilia	91017
Pantigliate	45.4395480	9.3526310	MI	Lombardia	20090
Paola	39.3598930	16.0395880	CS	Calabria	87027
Paolisi	41.0370844	14.5781524	BN	Campania	82011
Papasidero	39.8719154	15.9055522	CS	Calabria	87020
Papozze	44.9882484	12.0318124	RO	Veneto	45010
Parabiago	45.5586385	8.9479761	MI	Lombardia	20015
Parabita	40.0519210	18.1295260	LE	Puglia	73052
Paratico	45.6598764	9.9550703	BS	Lombardia	25030
Parcines	46.6838481	11.0735201	BZ	Trentino-Alto Adige	39020
Parella	45.4306570	7.7932170	TO	Piemonte	10010
Parenti	39.1621920	16.4104980	CS	Calabria	87040
Parete	40.9589110	14.1619270	CE	Campania	81030
Pareto	44.5164015	8.3821606	AL	Piemonte	15010
Parghelia	38.6817358	15.9217985	VV	Calabria	89861
Parlasco	46.0178860	9.3449400	LC	Lombardia	23837
Parma	44.8013678	10.3280833	PR	Emilia-Romagna	43121,43122,43123,43124,43125,43126
Parodi Ligure	44.6697480	8.7586520	AL	Piemonte	15060
Paroldo	44.4320360	8.0724420	CN	Piemonte	12070
Parolise	40.9309405	14.8817697	AV	Campania	83050
Parona	45.2826019	8.7508446	PV	Lombardia	27020
Parrano	42.8639534	12.1066341	TR	Umbria	05010
Parre	45.8745870	9.8908550	BG	Lombardia	24020
Partanna	37.7278410	12.8885400	TP	Sicilia	91028
Partinico	38.0438957	13.1198211	PA	Sicilia	90047
Paruzzaro	45.7502412	8.5175987	NO	Piemonte	28040
Parzanica	45.7380261	10.0345150	BG	Lombardia	24060
Pasian di Prato	46.0485134	13.1875972	UD	Friuli-Venezia Giulia	33037
Pasiano di Pordenone	45.8497541	12.6265087	PN	Friuli-Venezia Giulia	33087
Paspardo	46.0309960	10.3709630	BS	Lombardia	25050
Passerano Marmorito	45.0558500	8.0187290	AT	Piemonte	14020
Passignano sul Trasimeno	43.1847425	12.1368380	PG	Umbria	06065
Passirano	45.5994870	10.0649179	BS	Lombardia	25050
Pastena	41.4682439	13.4917372	FR	Lazio	03020
Pastorano	41.1808160	14.1982250	CE	Campania	81050
Pastrengo	45.4924570	10.7997129	VR	Veneto	37010
Pasturana	44.7508500	8.7492510	AL	Piemonte	15060
Pasturo	45.9517834	9.4421694	LC	Lombardia	23818
Paterno	37.5670695	14.9053521	PZ	Basilicata	85050
Paterno Calabro	39.2284920	16.2648940	CS	Calabria	87040
Paternopoli	40.9726400	15.0343679	AV	Campania	83052
Patrica	41.5922170	13.2439980	FR	Lazio	03010
Pattada	40.5817630	9.1129260	SS	Sardegna	07016
Patti	38.1389007	14.9648163	ME	Sicilia	98066
Patù	39.8412180	18.3389330	LE	Puglia	73053
Pau	39.7915460	8.8023310	OR	Sardegna	09090
Paularo	46.5303455	13.1165605	UD	Friuli-Venezia Giulia	33027
Pauli Arbarei	39.6607440	8.9220350	SU	Sardegna	09020
Paulilatino	40.0840316	8.7639366	OR	Sardegna	09070
Paullo	45.4167873	9.3982408	MI	Lombardia	20067
Paupisi	41.1953200	14.6652350	BN	Campania	82030
Pavarolo	45.0724657	7.8346706	TO	Piemonte	10020
Pavia	45.1860043	9.1546375	PV	Lombardia	27100
Pavia di Udine	45.9963174	13.3041373	UD	Friuli-Venezia Giulia	33050
Pavone Canavese	45.4375586	7.8517154	TO	Piemonte	10018
Pavone del Mella	45.3012594	10.2084735	BS	Lombardia	25020
Pavullo nel Frignano	44.3396940	10.8341135	MO	Emilia-Romagna	41026
Pazzano	38.4757633	16.4525008	RC	Calabria	89040
Peccioli	43.5480274	10.7208485	PI	Toscana	56037
Pecetto di Valenza	44.9897550	8.6709450	AL	Piemonte	15040
Pecetto Torinese	45.0168826	7.7499491	TO	Piemonte	10020
Pedara	37.6168095	15.0602114	CT	Sicilia	95030
Pedaso	43.0991640	13.8407771	FM	Marche	63827
Pedavena	46.0396242	11.8804327	BL	Veneto	32034
Pedemonte	45.5032337	10.9187199	VI	Veneto	36040
Pederobba	45.8695205	11.9695508	TV	Veneto	31040
Pedesina	46.0823080	9.5496877	SO	Lombardia	23010
Pedivigliano	39.1094900	16.3028960	CS	Calabria	87050
Pedrengo	45.6959820	9.7349550	BG	Lombardia	24066
Peglio	46.1603890	9.2947360	PU	Marche	61049
Pegognaga	44.9959881	10.8587724	MN	Lombardia	46020
Peia	45.7997607	9.9003550	BG	Lombardia	24020
Peio	46.3628864	10.6732435	TN	Trentino-Alto Adige	38024
Pelago	43.7718235	11.5046302	FI	Toscana	50060
Pella	45.8016249	8.3847792	NO	Piemonte	28010
Pellegrino Parmense	44.7331681	9.9275557	PR	Emilia-Romagna	43047
Pellezzano	40.7252110	14.7574430	SA	Campania	84080
Pellizzano	46.3098240	10.7604512	TN	Trentino-Alto Adige	38020
Pelugo	46.0885000	10.7238700	TN	Trentino-Alto Adige	38079
Penango	45.0332014	8.2502533	AT	Piemonte	14030
Penna in Teverina	42.4929518	12.3556482	TR	Umbria	05028
Penna San Giovanni	43.0569146	13.4254525	MC	Marche	62020
Penna Sant'Andrea	42.5934430	13.7721960	TE	Abruzzo	64039
Pennabilli	43.8170539	12.2652760	RN	Emilia-Romagna	47864
Pennadomo	42.0048340	14.3243160	CH	Abruzzo	66040
Pennapiedimonte	42.1520551	14.1947600	CH	Abruzzo	66010
Penne	42.4582153	13.9273256	PE	Abruzzo	65017
Pentone	38.9857900	16.5825040	CZ	Calabria	88050
Perano	42.1031370	14.3940170	CH	Abruzzo	66040
Perarolo di Cadore	46.3970312	12.3555500	BL	Veneto	32010
Perca	46.7943067	11.9823830	BZ	Trentino-Alto Adige	39030
Percile	42.0947174	12.9093645	RM	Lazio	00020
Perdasdefogu	39.6792178	9.4400494	NU	Sardegna	08046
Perdaxius	39.1610330	8.6114360	SU	Sardegna	09010
Perdifumo	40.2659861	15.0154990	SA	Campania	84060
Pereto	42.0578148	13.1016250	AQ	Abruzzo	67064
Perfugas	40.8333660	8.8828180	SS	Sardegna	07034
Pergine Valsugana	46.0605291	11.2406747	TN	Trentino-Alto Adige	38057
Pergola	43.5632097	12.8363174	PU	Marche	61045
Perinaldo	43.8676804	7.6684569	IM	Liguria	18032
Perito	40.2977050	15.1476570	SA	Campania	84060
Perledo	46.0128352	9.2963201	LC	Lombardia	23828
Perletto	44.5993410	8.2130420	CN	Piemonte	12070
Perlo	44.3220196	8.0949444	CN	Piemonte	12070
Perloz	45.6138452	7.8084088	AO	Valle d'Aosta	11020
Pernumia	45.2589890	11.7872090	PD	Veneto	35020
Pero	45.5101617	9.0894415	MI	Lombardia	20016
Perosa Argentina	44.9574400	7.1909140	TO	Piemonte	10063
Perosa Canavese	45.3970570	7.8308190	TO	Piemonte	10010
Perrero	44.9182118	7.1291091	TO	Piemonte	10060
Persico Dosimo	45.1823484	10.0892489	CR	Lombardia	26043
Pertengo	45.2363944	8.4174010	VC	Piemonte	13030
Pertica Alta	45.7444018	10.3439356	BS	Lombardia	25070
Pertica Bassa	45.7544894	10.3746705	BS	Lombardia	25078
Pertosa	40.5428799	15.4489662	SA	Campania	84030
Pertusio	45.3567879	7.6385012	TO	Piemonte	10080
Perugia	43.1119613	12.3890104	PG	Umbria	06121,06122,06123,06124,06125,06126,06127,06128,06129,06130,06131,06132,06133,06134,06135
Pesaro	43.9098114	12.9131228	PU	Marche	61121,61122
Pescaglia	43.9662460	10.4111000	LU	Toscana	55064
Pescantina	45.4833716	10.8691009	VR	Veneto	37026
Pescara	42.4696130	14.2059269	PE	Abruzzo	65121,65122,65123,65124,65125,65126,65127,65128,65129
Pescarolo ed Uniti	45.1951477	10.1877173	CR	Lombardia	26033
Pescasseroli	41.8084010	13.7892820	AQ	Abruzzo	67032
Pescate	45.8334820	9.3939450	LC	Lombardia	23855
Pesche	41.6110680	14.2819506	IS	Molise	86090
Peschici	41.9487141	16.0130078	FG	Puglia	71010
Peschiera Borromeo	45.4425059	9.3045703	MI	Lombardia	20068
Peschiera del Garda	45.4389454	10.6920171	VR	Veneto	37019
Pescia	43.9017100	10.6897811	PT	Toscana	51017
Pescina	42.0254300	13.6579010	AQ	Abruzzo	67057
Pesco Sannita	41.2335942	14.8113333	BN	Campania	82020
Pescocostanzo	41.8863300	14.0656120	AQ	Abruzzo	67033
Pescolanciano	41.6784270	14.3372210	IS	Molise	86097
Pescopagano	40.8361203	15.3977737	PZ	Basilicata	85020
Pescopennataro	41.8789709	14.2933199	IS	Molise	86080
Pescorocchiano	42.2064300	13.1461880	RI	Lazio	02024
Pescosansonesco	42.2544596	13.8846932	PE	Abruzzo	65020
Pescosolido	41.7481240	13.6566050	FR	Lazio	03030
Pessano con Bornago	45.5518943	9.3840625	MI	Lombardia	20060
Pessina Cremonese	45.1854740	10.2486760	CR	Lombardia	26030
Pessinetto	45.2890930	7.4041615	TO	Piemonte	10070
Petacciato	42.0114390	14.8609280	CB	Molise	86038
Petilia Policastro	39.1094105	16.7886538	KR	Calabria	88837
Petina	40.5321110	15.3734590	SA	Campania	84020
Petralia Soprana	37.7963398	14.1084677	PA	Sicilia	90026
Petralia Sottana	37.8082253	14.0925134	PA	Sicilia	90027
Petrella Salto	42.2954310	13.0682850	RI	Lazio	02025
Petrella Tifernina	41.6917557	14.6954495	CB	Molise	86024
Petriano	43.7791620	12.7333550	PU	Marche	61020
Petriolo	43.2215210	13.4663061	MC	Marche	62014
Petritoli	43.0677414	13.6592144	FM	Marche	63848
Petrizzi	38.7013830	16.4730050	CZ	Calabria	88060
Petronà	39.0436920	16.7559070	CZ	Calabria	88050
Petrosino	37.7162399	12.4945468	TP	Sicilia	91020
Petruro Irpino	41.0319170	14.7975400	AV	Campania	83010
Pettenasco	45.8171622	8.4087011	NO	Piemonte	28028
Pettinengo	45.6130640	8.1042210	BI	Piemonte	13843
Pettineo	37.9668039	14.2916918	ME	Sicilia	98070
Pettoranello del Molise	41.5731250	14.2775210	IS	Molise	86090
Pettorano sul Gizio	41.9745310	13.9587090	AQ	Abruzzo	67034
Pettorazza Grimani	45.1360880	11.9868160	RO	Veneto	45010
Peveragno	44.3300150	7.6174682	CN	Piemonte	12016
Pezzana	45.2619592	8.4822794	VC	Piemonte	13010
Pezzaze	45.7741272	10.2373771	BS	Lombardia	25060
Pezzolo Valle Uzzone	44.5387400	8.1939430	CN	Piemonte	12070
Piacenza	45.0534751	9.6947461	PC	Emilia-Romagna	29121,29122
Piacenza d'Adige	45.1274620	11.5477012	PD	Veneto	35040
Piadena Drizzona	45.1357789	10.3580683	CR	Lombardia	26034
Piaggine	40.3448080	15.3786610	SA	Campania	84065
Pian Camuno	45.8437447	10.1579274	BS	Lombardia	25050
Piana Crixia	44.4861788	8.3061011	SV	Liguria	17058
Piana degli Albanesi	37.9948357	13.2826890	PA	Sicilia	90037
Piana di Monte Verna	41.1671170	14.3337280	CE	Campania	81013
Piancastagnaio	42.8489666	11.6928811	SI	Toscana	53025
Piancogno	45.9196920	10.2252620	BS	Lombardia	25052
Piandimeleto	43.7241580	12.4110480	PU	Marche	61026
Piane Crati	39.2340930	16.3254950	CS	Calabria	87050
Pianella	42.3960111	14.0462697	PE	Abruzzo	65019
Pianello del Lario	46.1027691	9.2766331	CO	Lombardia	22010
Pianello Val Tidone	44.9466600	9.4051610	PC	Emilia-Romagna	29010
Pianengo	45.4021740	9.6947590	CR	Lombardia	26010
Pianezza	45.1058470	7.5434180	TO	Piemonte	10044
Pianezze	45.7400334	11.6268174	VI	Veneto	36060
Pianfei	44.3720310	7.7114350	CN	Piemonte	12080
Pianico	45.8098870	10.0430600	BG	Lombardia	24060
Pianiga	45.4560955	12.0301727	VE	Veneto	30030
Piano di Sorrento	40.6329550	14.4113109	NA	Campania	80063
Pianopoli	38.9539171	16.3881254	CZ	Calabria	88040
Pianoro	44.3929640	11.3423140	BO	Emilia-Romagna	40065
Piansano	42.5179320	11.8282734	VT	Lazio	01010
Piantedo	46.1341900	9.4293400	SO	Lombardia	23010
Piario	45.8964880	9.9272550	BG	Lombardia	24020
Piasco	44.5680014	7.4577752	CN	Piemonte	12026
Piateda	46.1587767	9.9422848	SO	Lombardia	23020
Piatto	45.5898640	8.1353220	BI	Piemonte	13844
Piazza al Serchio	44.1834840	10.3009238	LU	Toscana	55035
Piazza Armerina	37.3859460	14.3671740	EN	Sicilia	94015
Piazza Brembana	45.9477858	9.6756230	BG	Lombardia	24014
Piazzatorre	45.9897167	9.6837979	BG	Lombardia	24010
Piazzola sul Brenta	45.5414960	11.7844040	PD	Veneto	35016
Piazzolo	45.9797880	9.6705480	BG	Lombardia	24010
Picciano	42.4756420	13.9893020	PE	Abruzzo	65010
Picerno	40.6384561	15.6358739	PZ	Basilicata	85055
Picinisco	41.6462629	13.8677827	FR	Lazio	03040
Pico	41.4508170	13.5596070	FR	Lazio	03020
Piea	45.0251126	8.0718267	AT	Piemonte	14020
Piedicavallo	45.6898031	7.9547902	BI	Piemonte	13812
Piedimonte Etneo	37.8067066	15.1781933	CT	Sicilia	95017
Piedimonte Matese	41.3508501	14.3679881	CE	Campania	81016
Piedimonte San Germano	41.4983190	13.7523110	FR	Lazio	03030
Piedimulera	46.0242382	8.2592630	VB	Piemonte	28885
Piegaro	42.9697720	12.0863466	PG	Umbria	06066
Pienza	43.0765459	11.6789076	SI	Toscana	53026
Pieranica	45.4257937	9.6103764	CR	Lombardia	26017
Pietra de' Giorgi	45.0206699	9.2305464	PV	Lombardia	27040
Pietra Ligure	44.1529310	8.2865520	SV	Liguria	17027
Pietra Marazzi	44.9437992	8.6701395	AL	Piemonte	15040
Pietrabbondante	41.7471290	14.3844210	IS	Molise	86085
Pietrabruna	43.8897220	7.9029480	IM	Liguria	18010
Pietracamela	42.5235400	13.5553920	TE	Abruzzo	64047
Pietracatella	41.5811599	14.8737322	CB	Molise	86040
Pietracupa	41.6825290	14.5193250	CB	Molise	86020
Pietradefusi	41.0441908	14.8834072	AV	Campania	83030
Pietraferrazzana	41.9687447	14.3753527	CH	Abruzzo	66040
Pietrafitta	39.2613930	16.3385950	CS	Calabria	87050
Pietragalla	40.7475222	15.8806483	PZ	Basilicata	85016
Pietralunga	43.4422051	12.4371945	PG	Umbria	06026
Pietramelara	41.2717278	14.1880047	CE	Campania	81051
Pietramontecorvino	41.5416310	15.1275410	FG	Puglia	71038
Pietranico	42.2764113	13.9108363	PE	Abruzzo	65020
Pietrapaola	39.4875010	16.8158030	CS	Calabria	87060
Pietrapertosa	40.5180167	16.0632073	PZ	Basilicata	85010
Pietraperzia	37.4215639	14.1370261	EN	Sicilia	94016
Pietraporzio	44.3437676	7.0334623	CN	Piemonte	12010
Pietraroja	41.3478220	14.5496300	BN	Campania	82030
Pietrarubbia	43.7977467	12.3826647	PU	Marche	61023
Pietrasanta	43.9589031	10.2332031	LU	Toscana	55045
Pietrastornina	40.9929878	14.7274745	AV	Campania	83015
Pietravairano	41.3252190	14.1659220	CE	Campania	81040
Pietrelcina	41.1994210	14.8441390	BN	Campania	82020
Pieve a Nievole	43.8791124	10.7961119	PT	Toscana	51018
Pieve Albignola	45.1131110	8.9587996	PV	Lombardia	27030
Pieve d'Olmi	45.0895700	10.1236750	CR	Lombardia	26040
Pieve del Cairo	45.0499570	8.8041460	PV	Lombardia	27037
Pieve del Grappa	45.8510943	11.8322421	TV	Veneto	31017
Pieve di Bono-Prezzo	45.9451999	10.6732010	TN	Trentino-Alto Adige	38085
Pieve di Cadore	46.4287086	12.3752967	BL	Veneto	32044
Pieve di Cento	44.7132091	11.3065981	BO	Emilia-Romagna	40066
Pieve di Soligo	45.8997613	12.1730811	TV	Veneto	31053
Pieve di Teco	44.0470260	7.9149460	IM	Liguria	18026
Pieve Emanuele	45.3559126	9.2020722	MI	Lombardia	20090
Pieve Fissiraga	45.2632680	9.4583570	LO	Lombardia	26854
Pieve Fosciana	44.1322698	10.4107974	LU	Toscana	55036
Pieve Ligure	44.3747502	9.0851139	GE	Liguria	16031
Pieve Porto Morone	45.1093640	9.4357590	PV	Lombardia	27017
Pieve San Giacomo	45.1302720	10.1862750	CR	Lombardia	26035
Pieve Santo Stefano	43.6693568	12.0415890	AR	Toscana	52036
Pieve Tesino	46.0693085	11.6080910	TN	Trentino-Alto Adige	38050
Pieve Torina	43.0432872	13.0489107	MC	Marche	62036
Pieve Vergonte	46.0129760	8.2608160	VB	Piemonte	28886
Pievepelago	44.2047540	10.6166010	MO	Emilia-Romagna	41027
Piglio	41.8308503	13.1463990	FR	Lazio	03010
Pigna	43.9327142	7.6633135	IM	Liguria	18037
Pignataro Interamna	41.4392180	13.7862120	FR	Lazio	03040
Pignataro Maggiore	41.1908160	14.1723240	CE	Campania	81052
Pignola	40.5736366	15.7835038	PZ	Basilicata	85010
Pignone	44.1781487	9.7234963	SP	Liguria	19020
Pigra	45.9575626	9.1276954	CO	Lombardia	22020
Pila	45.7699441	8.0810802	VC	Piemonte	13020
Pimentel	39.4855420	9.0655400	SU	Sardegna	09020
Pimonte	40.6736080	14.5098380	NA	Campania	80050
Pinarolo Po	45.0698610	9.1672540	PV	Lombardia	27040
Pinasca	44.9426400	7.2291150	TO	Piemonte	10060
Pincara	44.9913810	11.6088090	RO	Veneto	45020
Pinerolo	44.8873086	7.3319454	TO	Piemonte	10064
Pineto	42.6077714	14.0671028	TE	Abruzzo	64025
Pino d'Asti	45.0574500	7.9862290	AT	Piemonte	14020
Pino Torinese	45.0395470	7.7771250	TO	Piemonte	10025
Pinzano al Tagliamento	46.1831041	12.9454483	PN	Friuli-Venezia Giulia	33094
Pinzolo	46.1617322	10.7650043	TN	Trentino-Alto Adige	38086
Piobbico	43.5892717	12.5094295	PU	Marche	61046
Piobesi d'Alba	44.7350191	7.9796685	CN	Piemonte	12040
Piobesi Torinese	44.9329430	7.6101230	TO	Piemonte	10040
Piode	45.7707514	8.0510762	VC	Piemonte	13020
Pioltello	45.5010216	9.3263354	MI	Lombardia	20096
Piombino	42.9231662	10.5268192	LI	Toscana	57025
Piombino Dese	45.6075204	11.9994148	PD	Veneto	35017
Pioraco	43.1793592	12.9855458	MC	Marche	62025
Piossasco	44.9908960	7.4629349	TO	Piemonte	10045
Piovà Massaia	45.0545319	8.0492759	AT	Piemonte	14026
Piove di Sacco	45.2976920	12.0368140	PD	Veneto	35028
Piovene Rocchette	45.7588257	11.4301268	VI	Veneto	36013
Piozzano	44.9252705	9.4948473	PC	Emilia-Romagna	29010
Piozzo	44.5156548	7.8922570	CN	Piemonte	12060
Piraino	38.1612430	14.8619430	ME	Sicilia	98060
Pisa	43.7159395	10.4018624	PI	Toscana	56121,56122,56123,56124,56125,56126,56127,56128
Pisano	45.7922976	8.5089752	NO	Piemonte	28010
Piscina	44.9194418	7.4262115	TO	Piemonte	10060
Piscinas	39.0744310	8.6659380	SU	Sardegna	09010
Pisciotta	40.1089020	15.2345610	SA	Campania	84066
Pisogne	45.8057312	10.1081901	BS	Lombardia	25055
Pisoniano	41.9060525	12.9588880	RM	Lazio	00020
Pisticci	40.3905273	16.5567323	MT	Basilicata	75015
Pistoia	43.9336213	10.9174238	PT	Toscana	51100
Pitigliano	42.6348270	11.6735490	GR	Toscana	58017
Piubega	45.2273091	10.5345083	MN	Lombardia	46040
Piuro	46.3287564	9.4396645	SO	Lombardia	23020
Piverone	45.4462590	8.0057220	TO	Piemonte	10010
Pizzale	45.0365053	9.0482121	PV	Lombardia	27050
Pizzighettone	45.1890700	9.7898650	CR	Lombardia	26026
Pizzo	38.7354356	16.1620851	VV	Calabria	89812
Pizzoferrato	41.9214320	14.2357160	CH	Abruzzo	66040
Pizzoli	42.4360751	13.3012715	AQ	Abruzzo	67017
Pizzone	41.6669361	14.0355670	IS	Molise	86071
Pizzoni	38.6230810	16.2519010	VV	Calabria	89834
Placanica	38.4118780	16.4525070	RC	Calabria	89040
Plataci	39.9004060	16.4319900	CS	Calabria	87070
Platania	39.0053880	16.3200980	CZ	Calabria	88040
Platì	38.2199720	16.0465010	RC	Calabria	89039
Plaus	46.6565754	11.0414981	BZ	Trentino-Alto Adige	39025
Plesio	46.0463918	9.2302855	CO	Lombardia	22010
Ploaghe	40.6642620	8.7418170	SS	Sardegna	07017
Plodio	44.3511944	8.2564515	SV	Liguria	17043
Pocapaglia	44.7152410	7.8829330	CN	Piemonte	12060
Pocenia	45.8355150	13.1008290	UD	Friuli-Venezia Giulia	33050
Podenzana	44.2062480	9.9419860	MS	Toscana	54010
Podenzano	44.9563630	9.6849670	PC	Emilia-Romagna	29027
Pofi	41.5652745	13.4155324	FR	Lazio	03026
Poggiardo	40.0542230	18.3791320	LE	Puglia	73037
Poggibonsi	43.4650284	11.1483367	SI	Toscana	53036
Poggio a Caiano	43.8160891	11.0546502	PO	Toscana	59016
Poggio Bustone	42.5018340	12.8881780	RI	Lazio	02018
Poggio Catino	42.2949988	12.6919216	RI	Lazio	02040
Poggio Imperiale	41.8233236	15.3654175	FG	Puglia	71010
Poggio Mirteto	42.2655187	12.6873028	RI	Lazio	02047
Poggio Moiano	42.2026270	12.8793820	RI	Lazio	02037
Poggio Nativo	42.2154270	12.7965800	RI	Lazio	02030
Poggio Picenze	42.3206357	13.5410869	AQ	Abruzzo	67026
Poggio Renatico	44.7659740	11.4901110	FE	Emilia-Romagna	44028
Poggio Rusco	44.9755577	11.1146492	MN	Lombardia	46025
Poggio San Lorenzo	42.2524280	12.8441800	RI	Lazio	02030
Poggio San Marcello	43.5111580	13.0736670	AN	Marche	60030
Poggio San Vicino	43.3751550	13.0790690	MC	Marche	62021
Poggio Sannita	41.7788339	14.4141996	IS	Molise	86086
Poggio Torriana	43.9998476	12.3926599	RN	Emilia-Romagna	47824
Poggiodomo	42.7112390	12.9338760	PG	Umbria	06040
Poggiofiorito	42.2549400	14.3223130	CH	Abruzzo	66030
Poggiomarino	40.8031110	14.5390370	NA	Campania	80040
Poggioreale	37.7620964	13.0343176	TP	Sicilia	91020
Poggiorsini	40.9171260	16.2547740	BA	Puglia	70020
Poggiridenti	46.1756616	9.9262461	SO	Lombardia	23020
Pogliano Milanese	45.5373018	8.9916310	MI	Lombardia	20010
Pognana Lario	45.8819340	9.1645835	CO	Lombardia	22020
Pognano	45.5863780	9.6399550	BG	Lombardia	24040
Pogno	45.7590389	8.3834264	NO	Piemonte	28076
Poirino	44.9208450	7.8469280	TO	Piemonte	10046
Pojana Maggiore	45.2913812	11.5013468	VI	Veneto	36026
Polaveno	45.6614840	10.1239640	BS	Lombardia	25060
Polcenigo	46.0306995	12.5016263	PN	Friuli-Venezia Giulia	33070
Polesella	44.9640818	11.7501773	RO	Veneto	45038
Polesine Zibello	45.0108093	10.0987126	PR	Emilia-Romagna	43016
Poli	41.8873266	12.8931264	RM	Lazio	00010
Polia	38.7508396	16.3115087	VV	Calabria	89813
Policoro	40.2104595	16.6763759	MT	Basilicata	75025
Polignano a Mare	40.9961185	17.2195857	BA	Puglia	70044
Polinago	44.3447580	10.7235010	MO	Emilia-Romagna	41040
Polino	42.5848236	12.8428018	TR	Umbria	05030
Polistena	38.4065094	16.0774549	RC	Calabria	89024
Polizzi Generosa	37.8128186	13.9996828	PA	Sicilia	90028
Polla	40.5171120	15.4979620	SA	Campania	84035
Pollein	45.7279673	7.3522207	AO	Valle d'Aosta	11020
Pollena Trocchia	40.8548665	14.3793887	NA	Campania	80040
Pollenza	43.2677749	13.3477918	MC	Marche	62010
Pollica	40.1907020	15.0571560	SA	Campania	84068
Pollina	37.9928940	14.1457994	PA	Sicilia	90010
Pollone	45.5797630	8.0059190	BI	Piemonte	13814
Pollutri	42.1378390	14.5917210	CH	Abruzzo	66020
Polonghera	44.8023400	7.5957250	CN	Piemonte	12030
Polpenazze del Garda	45.5511850	10.5048750	BS	Lombardia	25080
Polverara	45.3093920	11.9560120	PD	Veneto	35020
Polverigi	43.5255610	13.3920730	AN	Marche	60020
Pomarance	43.2992367	10.8724009	PI	Toscana	56045
Pomaretto	44.9559831	7.1827794	TO	Piemonte	10063
Pomarico	40.5179442	16.5459445	MT	Basilicata	75016
Pomaro Monferrato	45.0629153	8.5947428	AL	Piemonte	15040
Pomarolo	45.9280990	11.0430800	TN	Trentino-Alto Adige	38060
Pombia	45.6508300	8.6322926	NO	Piemonte	28050
Pomezia	41.6675290	12.5047863	RM	Lazio	00071
Pomigliano d'Arco	40.9079120	14.3862330	NA	Campania	80038
Pompei	40.7491267	14.5006415	NA	Campania	80045
Pompeiana	43.8537210	7.8898480	IM	Liguria	18015
Pompiano	45.4319770	9.9892650	BS	Lombardia	25030
Pomponesco	44.9287557	10.5918790	MN	Lombardia	46030
Pompu	39.7245440	8.7954320	OR	Sardegna	09093
Poncarale	45.4606628	10.1739092	BS	Lombardia	25020
Ponderano	45.5384620	8.0559210	BI	Piemonte	13875
Ponna	45.9956541	9.1108426	CO	Lombardia	22020
Ponsacco	43.6207132	10.6308287	PI	Toscana	56038
Ponso	45.1950567	11.5882550	PD	Veneto	35040
Pont Canavese	45.4205265	7.5968553	TO	Piemonte	10085
Pont-Saint-Martin	45.5994401	7.7994375	AO	Valle d'Aosta	11026
Pontassieve	43.7738313	11.4346286	FI	Toscana	50065
Pontboset	45.6076138	7.6863790	AO	Valle d'Aosta	11020
Ponte	41.2147320	14.6963272	BN	Campania	82030
Ponte Buggianese	43.8409347	10.7475475	PT	Toscana	51019
Ponte dell'Olio	44.8673610	9.6422680	PC	Emilia-Romagna	29028
Ponte di Legno	46.2586030	10.5086620	BS	Lombardia	25056
Ponte di Piave	45.7161533	12.4652271	TV	Veneto	31047
Ponte Gardena	46.5982157	11.5325098	BZ	Trentino-Alto Adige	39040
Ponte in Valtellina	46.1749960	9.9778510	SO	Lombardia	23026
Ponte Lambro	45.8289015	9.2234418	CO	Lombardia	22037
Ponte nelle Alpi	46.1617797	12.2988054	BL	Veneto	32014
Ponte Nizza	44.8515480	9.0972428	PV	Lombardia	27050
Ponte Nossa	45.8660616	9.8829739	BG	Lombardia	24028
Ponte San Nicolò	45.3652389	11.9372704	PD	Veneto	35020
Ponte San Pietro	45.6977541	9.5872254	BG	Lombardia	24036
Pontebba	46.5065309	13.3064259	UD	Friuli-Venezia Giulia	33016
Pontecagnano Faiano	40.6409045	14.8818819	SA	Campania	84098
Pontecchio Polesine	45.0191111	11.8119258	RO	Veneto	45030
Pontechianale	44.6226455	7.0299804	CN	Piemonte	12020
Pontecorvo	41.4616180	13.6667090	FR	Lazio	03037
Pontecurone	44.9604747	8.9336093	AL	Piemonte	15055
Pontedassio	43.9403240	8.0138500	IM	Liguria	18027
Pontedera	43.6634536	10.6354851	PI	Toscana	56025
Pontelandolfo	41.2871143	14.6922875	BN	Campania	82027
Pontelatone	41.1935170	14.2517260	CE	Campania	81040
Pontelongo	45.2454887	12.0251829	PD	Veneto	35029
Pontenure	44.9992666	9.7884285	PC	Emilia-Romagna	29010
Ponteranica	45.7320767	9.6519870	BG	Lombardia	24010
Pontestura	45.1432839	8.3334246	AL	Piemonte	15027
Pontevico	45.2743740	10.0924710	BS	Lombardia	25026
Pontey	45.7388888	7.5851183	AO	Valle d'Aosta	11024
Ponti	44.6274764	8.3653896	AL	Piemonte	15010
Ponti sul Mincio	45.4125151	10.6872208	MN	Lombardia	46040
Pontida	45.7323112	9.4986417	BG	Lombardia	24030
Pontinia	41.4084557	13.0443366	LT	Lazio	04014
Pontinvrea	44.4446264	8.4344600	SV	Liguria	17042
Pontirolo Nuovo	45.5691748	9.5693448	BG	Lombardia	24040
Pontoglio	45.5693800	9.8534600	BS	Lombardia	25037
Pontremoli	44.3751510	9.8788820	MS	Toscana	54027
Ponza	40.8932368	12.9630622	LT	Lazio	04027
Ponzano di Fermo	43.1010773	13.6567808	FM	Marche	63845
Ponzano Monferrato	45.0848530	8.2655340	AL	Piemonte	15020
Ponzano Romano	42.2577967	12.5716266	RM	Lazio	00060
Ponzano Veneto	45.7238510	12.1942180	TV	Veneto	31050
Ponzone	44.5881853	8.4586540	AL	Piemonte	15010
Popoli	42.7519060	13.1041478	PE	Abruzzo	65026
Poppi	43.7227596	11.7660695	AR	Toscana	52014
Porano	42.6817096	12.1020615	TR	Umbria	05010
Porcari	43.8402554	10.6165432	LU	Toscana	55016
Porcia	45.9465550	12.6017809	PN	Friuli-Venezia Giulia	33080
Pordenone	45.9562503	12.6597197	PN	Friuli-Venezia Giulia	33170
Porlezza	46.0360715	9.1183915	CO	Lombardia	22018
Pornassio	44.0702439	7.8709333	IM	Liguria	18024
Porpetto	45.8581744	13.2178534	UD	Friuli-Venezia Giulia	33050
Portacomaro	44.9574054	8.2581450	AT	Piemonte	14037
Portalbera	45.0975630	9.3188570	PV	Lombardia	27040
Porte	44.8872933	7.2679711	TO	Piemonte	10060
Porte di Rendena	46.0732373	10.6730978	TN	Trentino-Alto Adige	38094
Portici	40.8189733	14.3387454	NA	Campania	80055
Portico di Caserta	41.0565140	14.2794280	CE	Campania	81050
Portico e San Benedetto	43.9968881	11.7150838	FC	Emilia-Romagna	47010
Portigliola	38.2276730	16.2022040	RC	Calabria	89040
Porto Azzurro	42.7662978	10.3957529	LI	Toscana	57036
Porto Ceresio	45.9027835	8.9042300	VA	Lombardia	21050
Porto Cesareo	40.2628240	17.8984180	LE	Puglia	73010
Porto Empedocle	37.2883127	13.5275500	AG	Sicilia	92014
Porto Mantovano	45.1925255	10.7552207	MN	Lombardia	46047
Porto Recanati	43.4350815	13.6630083	MC	Marche	62017
Porto San Giorgio	43.1826562	13.7933863	FM	Marche	63822
Porto Sant'Elpidio	43.2563365	13.7593646	FM	Marche	63821
Porto Tolle	44.9177128	12.4021857	RO	Veneto	45018
Porto Torres	40.8370333	8.4013292	SS	Sardegna	07046
Porto Valtravaglia	45.9613696	8.6818093	VA	Lombardia	21010
Porto Viro	45.0253113	12.2252372	RO	Veneto	45014
Portobuffolè	45.8538380	12.5383367	TV	Veneto	31040
Portocannone	41.9151406	15.0092678	CB	Molise	86045
Portoferraio	42.8136276	10.3191520	LI	Toscana	57037
Portofino	44.3032660	9.2095109	GE	Liguria	16034
Portogruaro	45.7755980	12.8374571	VE	Veneto	30026
Portomaggiore	44.6992584	11.8040780	FE	Emilia-Romagna	44015
Portopalo di Capo Passero	36.6838453	15.1332904	SR	Sicilia	96010
Portoscuso	39.2070310	8.3809310	SU	Sardegna	09010
Portovenere	44.0506605	9.8344585	SP	Liguria	19025
Portula	45.6752832	8.1793651	BI	Piemonte	13833
Posada	40.6319690	9.7164370	NU	Sardegna	08020
Posina	45.7910878	11.2625174	VI	Veneto	36010
Positano	40.6286581	14.4854955	SA	Campania	84017
Possagno	45.8548790	11.8815695	TV	Veneto	31054
Posta	42.5235514	13.0960137	RI	Lazio	02019
Posta Fibreno	41.6903230	13.6974070	FR	Lazio	03030
Postal	46.6075829	11.1933244	BZ	Trentino-Alto Adige	39014
Postalesio	46.1740940	9.7754470	SO	Lombardia	23010
Postiglione	40.5590110	15.2323560	SA	Campania	84026
Postua	45.7136037	8.2305899	VC	Piemonte	13010
Potenza	40.6384046	15.8022077	PZ	Basilicata	85100
Potenza Picena	43.3664090	13.6206950	MC	Marche	62018
Pove del Grappa	45.7991169	11.7291016	VI	Veneto	36020
Povegliano	45.7591925	12.2085003	TV	Veneto	31050
Povegliano Veronese	45.3483978	10.8824376	VR	Veneto	37064
Poviglio	44.8416698	10.5416150	RE	Emilia-Romagna	42028
Povoletto	46.1181791	13.2987971	UD	Friuli-Venezia Giulia	33040
Pozzaglia Sabina	42.1587709	12.9648326	RI	Lazio	02030
Pozzaglio ed Uniti	45.2110158	10.0462002	CR	Lombardia	26010
Pozzallo	36.7265294	14.8465811	RG	Sicilia	97016
Pozzilli	41.5114220	14.0625170	IS	Molise	86077
Pozzo d'Adda	45.5756656	9.5003771	MI	Lombardia	20060
Pozzol Groppo	44.8780550	9.0298540	AL	Piemonte	15050
Pozzolengo	45.4059696	10.6313729	BS	Lombardia	25010
Pozzoleone	45.6489562	11.6790903	VI	Veneto	36050
Pozzolo Formigaro	44.7951536	8.7848493	AL	Piemonte	15068
Pozzomaggiore	40.3987560	8.6602190	SS	Sardegna	07018
Pozzonovo	45.1965968	11.7926503	PD	Veneto	35020
Pozzuoli	40.8226430	14.1219109	NA	Campania	80078
Pozzuolo del Friuli	45.9860190	13.1950290	UD	Friuli-Venezia Giulia	33050
Pozzuolo Martesana	45.5139750	9.4562520	MI	Lombardia	20060
Pradalunga	45.7467328	9.7831294	BG	Lombardia	24020
Pradamano	46.0338220	13.3026300	UD	Friuli-Venezia Giulia	33040
Pradleves	44.4183463	7.2806993	CN	Piemonte	12027
Pragelato	45.0162171	6.9424531	TO	Piemonte	10060
Praia a Mare	39.9009020	15.7792760	CS	Calabria	87028
Praiano	40.6111070	14.5313400	SA	Campania	84010
Pralboino	45.2679989	10.2174131	BS	Lombardia	25020
Prali	44.8810735	7.0524391	TO	Piemonte	10060
Pralormo	44.8597440	7.9014310	TO	Piemonte	10040
Pralungo	45.5921482	8.0379244	BI	Piemonte	13899
Pramaggiore	45.8145654	12.7388127	VE	Veneto	30020
Pramollo	44.9044840	7.2114001	TO	Piemonte	10065
Prarolo	45.2822927	8.4781176	VC	Piemonte	13012
Prarostino	44.8657923	7.2682233	TO	Piemonte	10060
Prasco	44.6398290	8.5529994	AL	Piemonte	15010
Prascorsano	45.3677540	7.6169150	TO	Piemonte	10080
Prata Camportaccio	46.3071940	9.3952360	SO	Lombardia	23020
Prata d'Ansidonia	42.2778184	13.6089721	AQ	Abruzzo	67020
Prata di Pordenone	45.8933112	12.5962937	PN	Friuli-Venezia Giulia	33080
Prata di Principato Ultra	40.9859730	14.8375141	AV	Campania	83030
Prata Sannita	41.4328210	14.2027220	CE	Campania	81010
Pratella	41.4058248	14.1780969	CE	Campania	81010
Pratiglione	45.3527530	7.5960150	TO	Piemonte	10080
Prato	43.8805980	11.0969262	PO	Toscana	59100
Prato allo Stelvio	46.6037673	10.5819093	BZ	Trentino-Alto Adige	39026
Prato Carnico	46.5207050	12.8093611	UD	Friuli-Venezia Giulia	33020
Prato Sesia	45.6468486	8.3729394	NO	Piemonte	28077
Pratola Peligna	42.0983140	13.8739802	AQ	Abruzzo	67035
Pratola Serra	40.9870170	14.8526420	AV	Campania	83039
Pratovecchio Stia	43.8220391	11.6992912	AR	Toscana	52015
Pravisdomini	45.8189094	12.6944247	PN	Friuli-Venezia Giulia	33076
Pray	45.6761963	8.2087139	BI	Piemonte	13867
Prazzo	44.4828984	7.0553955	CN	Piemonte	12028
Pré-Saint-Didier	45.7639422	6.9853467	AO	Valle d'Aosta	11010
Precenicco	45.7889130	13.0774290	UD	Friuli-Venezia Giulia	33050
Preci	42.8792351	13.0387461	PG	Umbria	06047
Predaia	46.3352730	11.0897004	TN	Trentino-Alto Adige	38012
Predappio	44.1022154	11.9816196	FC	Emilia-Romagna	47016
Predazzo	46.3123614	11.6026938	TN	Trentino-Alto Adige	38037
Predoi	47.0407407	12.1058909	BZ	Trentino-Alto Adige	39030
Predore	45.6807840	10.0143610	BG	Lombardia	24060
Predosa	44.7526366	8.6583243	AL	Piemonte	15077
Preganziol	45.6025304	12.2353136	TV	Veneto	31022
Pregnana Milanese	45.5158489	9.0080123	MI	Lombardia	20010
Prelà	43.9263186	7.9364801	IM	Liguria	18020
Premana	46.0517300	9.4234630	LC	Lombardia	23834
Premariacco	46.0606866	13.3947783	UD	Friuli-Venezia Giulia	33040
Premeno	45.9780992	8.5960998	VB	Piemonte	28818
Premia	46.2681442	8.3390000	VB	Piemonte	28866
Premilcuore	43.9759077	11.7775267	FC	Emilia-Romagna	47010
Premolo	45.8701870	9.8746550	BG	Lombardia	24020
Premosello-Chiovenda	46.0039555	8.3275904	VB	Piemonte	28803
Preone	46.3936842	12.8662013	UD	Friuli-Venezia Giulia	33020
Prepotto	46.0457230	13.4794340	UD	Friuli-Venezia Giulia	33040
Preseglie	45.6682870	10.3967700	BS	Lombardia	25070
Presenzano	41.3766190	14.0764200	CE	Campania	81050
Presezzo	45.6920800	9.5703510	BG	Lombardia	24030
Presicce-Acquarica	39.8947583	18.2520315	LE	Puglia	73054
Pressana	45.2847491	11.4020905	VR	Veneto	37040
Pretoro	42.2172248	14.1415515	CH	Abruzzo	66010
Prevalle	45.5514816	10.4218570	BS	Lombardia	25080
Prezza	42.0581311	13.8344743	AQ	Abruzzo	67030
Priero	44.3760350	8.0933430	CN	Piemonte	12070
Prignano Cilento	40.3309050	15.0686550	SA	Campania	84060
Prignano sulla Secchia	44.4383600	10.6918990	MO	Emilia-Romagna	41048
Primaluna	45.9869713	9.4296082	LC	Lombardia	23819
Primiero San Martino di Castrozza	46.2437230	11.8360278	TN	Trentino-Alto Adige	38054
Priocca	44.7871846	8.0616451	CN	Piemonte	12040
Priola	44.2455751	8.0224224	CN	Piemonte	12070
Priolo Gargallo	37.1579298	15.1860285	SR	Sicilia	96010
Priverno	41.4726165	13.1798388	LT	Lazio	04015
Prizzi	37.7214535	13.4312651	PA	Sicilia	90038
Proceno	42.7571602	11.8302614	VT	Lazio	01020
Procida	40.7649991	14.0239063	NA	Campania	80079
Propata	44.5655702	9.1859403	GE	Liguria	16027
Proserpio	45.8278882	9.2487809	CO	Lombardia	22030
Prossedi	41.5162160	13.2607000	LT	Lazio	04010
Provaglio d'Iseo	45.6359819	10.0443096	BS	Lombardia	25050
Provaglio Val Sabbia	45.6848636	10.4366014	BS	Lombardia	25070
Proves	46.4774258	11.0224369	BZ	Trentino-Alto Adige	39040
Provvidenti	41.7187803	14.8223780	CB	Molise	86040
Prunetto	44.4884408	8.1437500	CN	Piemonte	12077
Puegnago del Garda	45.5684628	10.5110817	BS	Lombardia	25080
Puglianello	41.2233762	14.4507163	BN	Campania	82030
Pula	39.0074330	9.0016460	CA	Sardegna	09050
Pulfero	46.1792747	13.4779928	UD	Friuli-Venezia Giulia	33046
Pulsano	40.3846927	17.3556699	TA	Puglia	74026
Pumenengo	45.4799470	9.8701285	BG	Lombardia	24050
Pusiano	45.8137434	9.2811828	CO	Lombardia	22030
Putifigari	40.5622570	8.4611130	SS	Sardegna	07040
Putignano	40.8492021	17.1226371	BA	Puglia	70017
Quadrelle	40.9469957	14.6382602	AV	Campania	83020
Quadri	41.9249320	14.2882170	CH	Abruzzo	66040
Quagliuzzo	45.4267570	7.7816170	TO	Piemonte	10010
Qualiano	40.9188361	14.1536107	NA	Campania	80019
Quaranti	44.7509470	8.4491440	AT	Piemonte	14040
Quaregna Cerreto	45.5750175	8.1614002	BI	Piemonte	13854
Quargnento	44.9449657	8.4873857	AL	Piemonte	15044
Quarna Sopra	45.8713789	8.3747710	VB	Piemonte	28898
Quarna Sotto	45.8685380	8.3647814	VB	Piemonte	28896
Quarona	45.7578690	8.2657210	VC	Piemonte	13017
Quarrata	43.8475005	10.9777009	PT	Toscana	51039
Quart	45.7409575	7.4143619	AO	Valle d'Aosta	11020
Quarto	40.8771936	14.1401591	NA	Campania	80010
Quarto d'Altino	45.5804512	12.3705001	VE	Veneto	30020
Quartu Sant'Elena	39.2399728	9.1880967	CA	Sardegna	09045
Quartucciu	39.2541390	9.1788460	CA	Sardegna	09044
Quassolo	45.5245287	7.8331324	TO	Piemonte	10010
Quattordio	44.8963500	8.4049410	AL	Piemonte	15028
Quattro Castella	44.6356048	10.4724248	RE	Emilia-Romagna	42020
Quero Vas	45.9546153	11.9132058	BL	Veneto	32038
Quiliano	44.2925360	8.4126520	SV	Liguria	17047
Quincinetto	45.5629600	7.8073150	TO	Piemonte	10010
Quindici	40.8633130	14.6475390	AV	Campania	83020
Quingentole	45.0390770	11.0457960	MN	Lombardia	46020
Quintano	45.4204740	9.6185570	CR	Lombardia	26017
Quinto di Treviso	45.6420095	12.1498453	TV	Veneto	31055
Quinto Vercellese	45.3796610	8.3617310	VC	Piemonte	13030
Quinto Vicentino	45.5737979	11.6277193	VI	Veneto	36050
Quinzano d'Oglio	45.3108750	10.0085680	BS	Lombardia	25027
Quistello	45.3059964	10.7984387	MN	Lombardia	46026
Rabbi	46.4009006	10.8249483	TN	Trentino-Alto Adige	38020
Racale	39.9631190	18.0938260	LE	Puglia	73055
Racalmuto	37.4089397	13.7324019	AG	Sicilia	92020
Racconigi	44.7698189	7.6788874	CN	Piemonte	12035
Raccuja	38.0552610	14.9095780	ME	Sicilia	98067
Racines	46.8801284	11.3760555	BZ	Trentino-Alto Adige	39040
Radda in Chianti	43.4870518	11.3747003	SI	Toscana	53017
Raddusa	37.4725561	14.5325204	CT	Sicilia	95040
Radicofani	42.8965067	11.7697064	SI	Toscana	53040
Radicondoli	43.2612503	11.0420817	SI	Toscana	53030
Raffadali	37.4040529	13.5320758	AG	Sicilia	92015
Ragalna	37.6369577	14.9478757	CT	Sicilia	95030
Ragogna	46.1735220	12.9824200	UD	Friuli-Venezia Giulia	33030
Ragusa	36.9219828	14.7213455	RG	Sicilia	97100
Raiano	42.1025536	13.8143041	AQ	Abruzzo	67027
Ramacca	37.3880480	14.6926810	CT	Sicilia	95040
Rancio Valcuvia	45.9160064	8.7710285	VA	Lombardia	21030
Ranco	45.7975913	8.5711349	VA	Lombardia	21020
Randazzo	37.8779338	14.9462478	CT	Sicilia	95036
Ranica	45.7263379	9.7146629	BG	Lombardia	24020
Ranzanico	45.7892293	9.9357249	BG	Lombardia	24060
Ranzo	44.0596270	8.0149470	IM	Liguria	18020
Rapagnano	43.1612526	13.5929049	FM	Marche	63831
Rapallo	44.3493300	9.2315821	GE	Liguria	16035
Rapino	42.2107380	14.1839100	CH	Abruzzo	66010
Rapolano Terme	43.2864992	11.6041365	SI	Toscana	53040
Rapolla	40.9757230	15.6712600	PZ	Basilicata	85027
Rapone	40.8469209	15.5004593	PZ	Basilicata	85020
Rassa	45.7684731	8.0130682	VC	Piemonte	13020
Rasun-Anterselva	46.8390152	12.1116113	BZ	Trentino-Alto Adige	39030
Rasura	46.1006655	9.5529709	SO	Lombardia	23010
Ravanusa	37.2679139	13.9732545	AG	Sicilia	92029
Ravarino	44.7240342	11.0998110	MO	Emilia-Romagna	41017
Ravascletto	46.5229362	12.9221152	UD	Friuli-Venezia Giulia	33020
Ravello	40.6496643	14.6122753	SA	Campania	84010
Ravenna	44.4161414	12.2017617	RA	Emilia-Romagna	48121,48122,48123,48124,48125
Raveo	46.4344280	12.8711130	UD	Friuli-Venezia Giulia	33029
Raviscanina	41.3702200	14.2427230	CE	Campania	81017
Re	46.1298546	8.5441501	VB	Piemonte	28856
Rea	45.1133653	9.1546576	PV	Lombardia	27040
Realmonte	37.3083930	13.4615669	AG	Sicilia	92010
Reana del Rojale	46.1457361	13.2351201	UD	Friuli-Venezia Giulia	33010
Reano	45.0520564	7.4304032	TO	Piemonte	10090
Recale	41.0551140	14.3040290	CE	Campania	81020
Recanati	43.4035085	13.5486016	MC	Marche	62019
Recco	44.3615953	9.1438708	GE	Liguria	16036
Recetto	45.4603640	8.4357310	NO	Piemonte	28060
Recoaro Terme	45.7051709	11.2249347	VI	Veneto	36076
Redavalle	45.0374456	9.2039179	PV	Lombardia	27050
Redondesco	45.1663760	10.5122820	MN	Lombardia	46010
Refrancore	44.9362968	8.3436607	AT	Piemonte	14030
Refrontolo	45.9248578	12.2078305	TV	Veneto	31020
Regalbuto	37.6522747	14.6409744	EN	Sicilia	94017
Reggello	43.6830877	11.5368965	FI	Toscana	50066
Reggio di Calabria	38.1035389	15.6397556	RC	Calabria	89121,89122,89123,89124,89125,89126,89127,89128,89129,89130,89131,89132,89133,89134,89135
Reggio nell'Emilia	44.6978389	10.6304971	RE	Emilia-Romagna	42121,42122,42123,42124
Reggiolo	44.9185339	10.8042114	RE	Emilia-Romagna	42046
Reino	41.2919029	14.8238235	BN	Campania	82020
Reitano	37.9728592	14.3442707	ME	Sicilia	98070
Remanzacco	46.0855837	13.3243217	UD	Friuli-Venezia Giulia	33047
Remedello	45.2794982	10.3717426	BS	Lombardia	25010
Renate	45.7243780	9.2799440	MB	Lombardia	20838
Rende	39.3319934	16.1843828	CS	Calabria	87036
Renon	46.5629355	11.4414350	BZ	Trentino-Alto Adige	39054
Resana	45.6340237	11.9552929	TV	Veneto	31023
Rescaldina	45.6160954	8.9494431	MI	Lombardia	20027
Resia	46.3473735	13.3360663	UD	Friuli-Venezia Giulia	33010
Resiutta	46.3930860	13.2185780	UD	Friuli-Venezia Giulia	33010
Resuttano	37.6786480	14.0294640	CL	Sicilia	93010
Retorbido	44.9493005	9.0361743	PV	Lombardia	27050
Revello	44.6549482	7.3899141	CN	Piemonte	12036
Revigliasco d'Asti	44.8585400	8.1582222	AT	Piemonte	14010
Revine Lago	46.0010328	12.2255490	TV	Veneto	31020
Rezzago	45.8667810	9.2497410	CO	Lombardia	22030
Rezzato	45.5141491	10.3168520	BS	Lombardia	25086
Rezzo	44.0221878	7.8741648	IM	Liguria	18026
Rezzoaglio	44.5259967	9.3872670	GE	Liguria	16048
Rhêmes-Notre-Dame	45.5688827	7.1181711	AO	Valle d'Aosta	11010
Rhêmes-Saint-Georges	45.6549012	7.1554121	AO	Valle d'Aosta	11010
Rho	45.5288780	9.0415600	MI	Lombardia	20017
Riace	38.4182951	16.4811886	RC	Calabria	89040
Rialto	44.2258176	8.2631084	SV	Liguria	17020
Riano	42.1001220	12.5056750	RM	Lazio	00060
Riardo	41.2627170	14.1519230	CE	Campania	81053
Ribera	37.5027873	13.2661885	AG	Sicilia	92016
Ribordone	45.4320395	7.5019500	TO	Piemonte	10080
Ricadi	38.6254828	15.8664301	VV	Calabria	89866
Ricaldone	44.7319354	8.4677749	AL	Piemonte	15010
Riccia	41.4839760	14.8350835	CB	Molise	86016
Riccione	44.0018608	12.6590602	RN	Emilia-Romagna	47838
Riccò del Golfo di Spezia	44.1537194	9.7638623	SP	Liguria	19020
Ricengo	45.4056740	9.7239600	CR	Lombardia	26010
Ricigliano	40.6682153	15.4815351	SA	Campania	84020
Riese Pio X	45.7292223	11.9170050	TV	Veneto	31039
Riesi	37.2819611	14.0824138	CL	Sicilia	93016
Rieti	42.4025143	12.8604386	RI	Lazio	02100
Rifiano	46.7036399	11.1814431	BZ	Trentino-Alto Adige	39010
Rifreddo	44.6507340	7.3464230	CN	Piemonte	12030
Rignano Flaminio	42.2100141	12.4811223	RM	Lazio	00068
Rignano Garganico	41.6770126	15.5875171	FG	Puglia	71010
Rignano sull'Arno	43.7210500	11.4514270	FI	Toscana	50067
Rigolato	46.5528310	12.8521100	UD	Friuli-Venezia Giulia	33020
Rimella	45.9075478	8.1813547	VC	Piemonte	13020
Rimini	44.0593886	12.5684371	RN	Emilia-Romagna	47921,47922,47923,47924
Rio	42.8325485	10.4117773	LI	Toscana	57038
Rio di Pusteria	46.7959461	11.6668266	BZ	Trentino-Alto Adige	39037
Rio Saliceto	44.8100097	10.8030993	RE	Emilia-Romagna	42010
Riofreddo	42.0605168	13.0003344	RM	Lazio	00020
Riola Sardo	39.9941018	8.5386732	OR	Sardegna	09070
Riolo Terme	44.2770835	11.7245200	RA	Emilia-Romagna	48025
Riolunato	44.2299738	10.6515646	MO	Emilia-Romagna	41020
Riomaggiore	44.0989747	9.7386704	SP	Liguria	19017
Rionero in Vulture	40.9261881	15.6694407	PZ	Basilicata	85028
Rionero Sannitico	41.7119270	14.1386160	IS	Molise	86087
Ripa Teatina	42.3586410	14.2341090	CH	Abruzzo	66010
Ripabottoni	41.6892310	14.8083310	CB	Molise	86040
Ripacandida	40.9117813	15.7247832	PZ	Basilicata	85020
Ripalimosani	41.6110290	14.6627290	CB	Molise	86025
Ripalta Arpina	45.3018720	9.7289620	CR	Lombardia	26010
Ripalta Cremasca	45.3285601	9.6792438	CR	Lombardia	26010
Ripalta Guerina	45.3060082	9.7051398	CR	Lombardia	26010
Riparbella	43.3646248	10.5995286	PI	Toscana	56046
Ripatransone	42.9961784	13.7617959	AP	Marche	63065
Ripe San Ginesio	43.1429828	13.3673291	MC	Marche	62020
Ripi	41.6122559	13.4247486	FR	Lazio	03027
Riposto	37.7318901	15.2042214	CT	Sicilia	95018
Rittana	44.3510280	7.3984290	CN	Piemonte	12010
Riva del Garda	45.8847708	10.8396942	TN	Trentino-Alto Adige	38066
Riva del Po	44.9604698	11.8943944	FE	Emilia-Romagna	44033
Riva di Solto	45.7735702	10.0393427	BG	Lombardia	24060
Riva Ligure	43.8383252	7.8826679	IM	Liguria	18015
Riva presso Chieri	44.9864437	7.8694708	TO	Piemonte	10020
Rivalba	45.1183500	7.8881250	TO	Piemonte	10090
Rivalta Bormida	44.7113749	8.5500679	AL	Piemonte	15010
Rivalta di Torino	45.0340450	7.5184190	TO	Piemonte	10040
Rivamonte Agordino	46.2518872	12.0236077	BL	Veneto	32020
Rivanazzano Terme	44.9307667	9.0141590	PV	Lombardia	27055
Rivara	45.3325530	7.6329160	TO	Piemonte	10080
Rivarolo Canavese	45.3312162	7.7171342	TO	Piemonte	10086
Rivarolo del Re ed Uniti	45.0279720	10.4697830	CR	Lombardia	26036
Rivarolo Mantovano	45.0703092	10.4321040	MN	Lombardia	46017
Rivarone	44.9768550	8.7156460	AL	Piemonte	15040
Rivarossa	45.2504966	7.7177272	TO	Piemonte	10040
Rive	45.2129062	8.4177041	VC	Piemonte	13030
Rive d'Arcano	46.1260654	13.0315790	UD	Friuli-Venezia Giulia	33030
Rivello	40.0780050	15.7560730	PZ	Basilicata	85040
Rivergaro	44.9102508	9.5965212	PC	Emilia-Romagna	29029
Rivignano Teor	45.8613003	13.0475691	UD	Friuli-Venezia Giulia	33061
Rivisondoli	41.8708957	14.0674295	AQ	Abruzzo	67036
Rivodutri	42.5164340	12.8549770	RI	Lazio	02010
Rivoli	45.0697151	7.5176764	TO	Piemonte	10098
Rivoli Veronese	45.5719818	10.8117614	VR	Veneto	37010
Rivolta d'Adda	45.4706593	9.5125510	CR	Lombardia	26027
Rizziconi	38.4119961	15.9592404	RC	Calabria	89016
Roana	45.8756190	11.4626871	VI	Veneto	36010
Roaschia	44.2701049	7.4559758	CN	Piemonte	12010
Roascio	44.4171378	8.0223427	CN	Piemonte	12073
Roasio	45.6080186	8.2880115	VC	Piemonte	13060
Roatto	44.9516086	8.0270155	AT	Piemonte	14018
Robassomero	45.2000490	7.5689170	TO	Piemonte	10070
Robbiate	45.6909581	9.4404824	LC	Lombardia	23899
Robbio	45.2899709	8.5932785	PV	Lombardia	27038
Robecchetto con Induno	45.5201113	8.7692822	MI	Lombardia	20020
Robecco d'Oglio	45.2593740	10.0765710	CR	Lombardia	26010
Robecco Pavese	45.0483636	9.1501600	PV	Lombardia	27042
Robecco sul Naviglio	45.4365073	8.8872790	MI	Lombardia	20087
Robella	45.1016520	8.1019300	AT	Piemonte	14020
Robilante	44.2941824	7.5111781	CN	Piemonte	12017
Roburent	44.3063310	7.8922400	CN	Piemonte	12080
Rocca Canavese	45.3088539	7.5758632	TO	Piemonte	10070
Rocca Canterano	41.9565230	13.0217880	RM	Lazio	00020
Rocca Cigliè	44.4452350	7.9509390	CN	Piemonte	12060
Rocca d'Arazzo	44.8732125	8.2858062	AT	Piemonte	14030
Rocca d'Arce	41.5871200	13.5851060	FR	Lazio	03030
Rocca d'Evandro	41.3890180	13.9081160	CE	Campania	81040
Rocca de' Baldi	44.4236330	7.7611360	CN	Piemonte	12047
Rocca de' Giorgi	44.9713600	9.2531580	PV	Lombardia	27040
Rocca di Botte	42.0262250	13.0676880	AQ	Abruzzo	67066
Rocca di Cambio	42.2350354	13.4899630	AQ	Abruzzo	67047
Rocca di Cave	41.8464200	12.9454880	RM	Lazio	00030
Rocca di Mezzo	42.2051312	13.5192689	AQ	Abruzzo	67048
Rocca di Neto	39.1854706	17.0096170	KR	Calabria	88821
Rocca di Papa	41.7607608	12.7096141	RM	Lazio	00040
Rocca Grimalda	44.6714470	8.6484500	AL	Piemonte	15078
Rocca Imperiale	40.1097110	16.5801910	CS	Calabria	87074
Rocca Massima	41.6794147	12.9194152	LT	Lazio	04010
Rocca Pia	41.9334300	13.9770100	AQ	Abruzzo	67030
Rocca Pietore	46.4338679	11.9771622	BL	Veneto	32023
Rocca Priora	41.7910890	12.7619930	RM	Lazio	00079
Rocca San Casciano	44.0590962	11.8420614	FC	Emilia-Romagna	47017
Rocca San Felice	40.9514604	15.1643943	AV	Campania	83050
Rocca San Giovanni	42.2507698	14.4648413	CH	Abruzzo	66020
Rocca Santa Maria	42.6863128	13.5281707	TE	Abruzzo	64010
Rocca Santo Stefano	41.9105220	13.0237890	RM	Lazio	00030
Rocca Sinibalda	42.2744290	12.9255820	RI	Lazio	02026
Rocca Susella	44.9191532	9.0941308	PV	Lombardia	27052
Roccabascerana	41.0184431	14.7163176	AV	Campania	83016
Roccabernarda	39.1340896	16.8696568	KR	Calabria	88835
Roccabianca	45.0093690	10.2193780	PR	Emilia-Romagna	43010
Roccabruna	44.4745300	7.3437260	CN	Piemonte	12020
Roccacasale	42.1229340	13.8881050	AQ	Abruzzo	67030
Roccadaspide	40.4253639	15.1917851	SA	Campania	84069
Roccafiorita	37.9301966	15.2680955	ME	Sicilia	98030
Roccafluvione	42.8599470	13.4767850	AP	Marche	63093
Roccaforte del Greco	38.0472680	15.8946990	RC	Calabria	89060
Roccaforte Ligure	44.6774862	9.0286948	AL	Piemonte	15060
Roccaforte Mondovì	44.3179402	7.7447418	CN	Piemonte	12088
Roccaforzata	40.4374240	17.3896050	TA	Puglia	74020
Roccafranca	45.4642998	9.9140564	BS	Lombardia	25030
Roccagiovine	42.0498018	12.9002574	RM	Lazio	00020
Roccagloriosa	40.1086620	15.4333486	SA	Campania	84060
Roccagorga	41.5253154	13.1559249	LT	Lazio	04010
Roccalbegna	42.7859754	11.5076818	GR	Toscana	58053
Roccalumera	37.9762630	15.3951890	ME	Sicilia	98027
Roccamandolfi	41.4971240	14.3538240	IS	Molise	86092
Roccamena	37.8360280	13.1538583	PA	Sicilia	90040
Roccamonfina	41.2884039	13.9828383	CE	Campania	81035
Roccamontepiano	42.2447175	14.1268959	CH	Abruzzo	66010
Roccamorice	42.2134993	14.0245894	PE	Abruzzo	65020
Roccanova	40.2120110	16.2031810	PZ	Basilicata	85036
Roccantica	42.3207280	12.6939760	RI	Lazio	02040
Roccapalumba	37.8059480	13.6384550	PA	Sicilia	90020
Roccapiemonte	40.7624650	14.6923748	SA	Campania	84086
Roccarainola	40.9712550	14.5610262	NA	Campania	80030
Roccaraso	41.8502606	14.0782574	AQ	Abruzzo	67037
Roccaromana	41.2739626	14.2222886	CE	Campania	81051
Roccascalegna	42.0625360	14.3068150	CH	Abruzzo	66040
Roccasecca	41.5523208	13.6672577	FR	Lazio	03038
Roccasecca dei Volsci	41.4798719	13.2123626	LT	Lazio	04010
Roccasicura	41.6968199	14.2335322	IS	Molise	86080
Roccasparvera	44.3415832	7.4407908	CN	Piemonte	12010
Roccaspinalveti	41.9371780	14.4699593	CH	Abruzzo	66050
Roccastrada	43.0099310	11.1665320	GR	Toscana	58036
Roccavaldina	38.1814845	15.3725556	ME	Sicilia	98040
Roccaverano	44.5921761	8.2718982	AT	Piemonte	14050
Roccavignale	44.3471720	8.1646818	SV	Liguria	17017
Roccavione	44.3146280	7.4824320	CN	Piemonte	12018
Roccavivara	41.8342330	14.5999250	CB	Molise	86020
Roccella Ionica	38.3219760	16.4009070	RC	Calabria	89047
Roccella Valdemone	37.9329830	15.0084546	ME	Sicilia	98030
Rocchetta a Volturno	41.6246263	14.0862606	IS	Molise	86070
Rocchetta Belbo	44.6360420	8.1753400	CN	Piemonte	12050
Rocchetta di Vara	44.2512730	9.7572844	SP	Liguria	19020
Rocchetta e Croce	41.2333057	14.1698956	CE	Campania	81042
Rocchetta Ligure	44.7065510	9.0504580	AL	Piemonte	15060
Rocchetta Nervina	43.8906190	7.5996420	IM	Liguria	18030
Rocchetta Palafea	44.7067227	8.3460034	AT	Piemonte	14042
Rocchetta Sant'Antonio	41.1035240	15.4617540	FG	Puglia	71020
Rocchetta Tanaro	44.8586714	8.3457064	AT	Piemonte	14030
Rodano	45.4751079	9.3549881	MI	Lombardia	20090
Roddi	44.6796410	7.9754350	CN	Piemonte	12060
Roddino	44.5738489	8.0191191	CN	Piemonte	12050
Rodello	44.6285400	8.0568380	CN	Piemonte	12050
Rodengo	46.7807747	11.6897571	BZ	Trentino-Alto Adige	39037
Rodengo Saiano	45.5976458	10.1094679	BS	Lombardia	25050
Rodero	45.8239770	8.9152340	CO	Lombardia	22070
Rodi Garganico	41.9287487	15.8837691	FG	Puglia	71012
Rodì Milici	38.0689654	15.1747811	ME	Sicilia	98059
Rodigo	45.1995770	10.6249840	MN	Lombardia	46040
Roè Volciano	45.6167638	10.4958703	BS	Lombardia	25077
Rofrano	40.2114050	15.4278640	SA	Campania	84070
Rogeno	45.7823791	9.2740431	LC	Lombardia	23849
Roggiano Gravina	39.6181990	16.1596870	CS	Calabria	87017
Roghudi	37.9275650	15.7659980	RC	Calabria	89060
Rogliano	39.1787640	16.3234092	CS	Calabria	87054
Rognano	45.2884660	9.0902480	PV	Lombardia	27010
Rogno	45.8576650	10.1335450	BG	Lombardia	24060
Rogolo	46.1357463	9.4873167	SO	Lombardia	23010
Roiate	41.8723220	13.0672910	RM	Lazio	00030
Roio del Sangro	41.9115330	14.3738190	CH	Abruzzo	66040
Roisan	45.7845707	7.3112829	AO	Valle d'Aosta	11010
Roletto	44.9246915	7.3313239	TO	Piemonte	10060
Rolo	44.8866561	10.8582083	RE	Emilia-Romagna	42047
Roma	41.8933203	12.4829321	RM	Lazio	00118,00119,00120,00121,00122,00123,00124,00125,00126,00127,00128,00129,00130,00131,00132,00133,00134,00135,00136,00137,00138,00139,00140,00141,00142,00143,00144,00145,00146,00147,00148,00149,00150,00151,00152,00153,00154,00155,00156,00157,00158,00159,00160,00161,00162,00163,00164,00165,00166,00167,00168,00169,00170,00171,00172,00173,00174,00175,00176,00177,00178,00179,00180,00181,00182,00183,00184,00185,00186,00187,00188,00189,00190,00191,00192,00193,00194,00195,00196,00197,00198,00199
Romagnano al Monte	40.6271882	15.4359594	SA	Campania	84020
Romagnano Sesia	45.6310670	8.3886270	NO	Piemonte	28078
Romagnese	44.8394798	9.3300680	PV	Lombardia	27050
Romana	40.4840570	8.5874170	SS	Sardegna	07010
Romanengo	45.3771765	9.7849850	CR	Lombardia	26014
Romano Canavese	45.3886570	7.8665200	TO	Piemonte	10090
Romano d'Ezzelino	45.7962374	11.7583907	VI	Veneto	36060
Romano di Lombardia	45.5183761	9.7550869	BG	Lombardia	24058
Romans d'Isonzo	45.8906065	13.4382187	GO	Friuli-Venezia Giulia	34076
Rombiolo	38.5917780	16.0016960	VV	Calabria	89841
Romeno	46.3939973	11.1202732	TN	Trentino-Alto Adige	38010
Romentino	45.4625532	8.7207768	NO	Piemonte	28068
Rometta	38.1711151	15.4145499	ME	Sicilia	98043
Ronago	45.8322780	8.9836360	CO	Lombardia	22027
Roncà	45.4788919	11.2889177	VR	Veneto	37030
Roncade	45.6279075	12.3747797	TV	Veneto	31056
Roncadelle	45.5276081	10.1497012	BS	Lombardia	25030
Roncaro	45.2281660	9.2754530	PV	Lombardia	27010
Roncegno Terme	46.0516232	11.4103025	TN	Trentino-Alto Adige	38050
Roncello	45.6024427	9.4576108	MB	Lombardia	20877
Ronchi dei Legionari	45.8278081	13.5018454	GO	Friuli-Venezia Giulia	34077
Ronchi Valsugana	46.0684060	11.4351860	TN	Trentino-Alto Adige	38050
Ronchis	45.8066102	12.9978253	UD	Friuli-Venezia Giulia	33050
Ronciglione	42.2902415	12.2138064	VT	Lazio	01037
Ronco all'Adige	45.3377659	11.2424521	VR	Veneto	37055
Ronco Biellese	45.5813541	8.0987784	BI	Piemonte	13845
Ronco Briantino	45.6675633	9.4006983	MB	Lombardia	20885
Ronco Canavese	45.4997374	7.5468552	TO	Piemonte	10080
Ronco Scrivia	44.6132988	8.9523681	GE	Liguria	16019
Roncobello	45.9556880	9.7523500	BG	Lombardia	24010
Roncoferraro	45.1359287	10.9513541	MN	Lombardia	46037
Roncofreddo	44.0422403	12.3182595	FC	Emilia-Romagna	47020
Roncola	45.7680066	9.5612978	BG	Lombardia	24030
Rondanina	44.5632450	9.2180710	GE	Liguria	16025
Rondissone	45.2467747	7.9654263	TO	Piemonte	10030
Ronsecco	45.2531260	8.2778097	VC	Piemonte	13036
Ronzo-Chienis	45.8895970	10.9500790	TN	Trentino-Alto Adige	38060
Ronzone	46.4230730	11.1488994	TN	Trentino-Alto Adige	38010
Roppolo	45.4205590	8.0697240	BI	Piemonte	13883
Rorà	44.7921360	7.1990170	TO	Piemonte	10060
Rosà	45.7244163	11.7626859	VI	Veneto	36027
Rosarno	38.4872833	15.9764948	RC	Calabria	89025
Rosasco	45.2510600	8.5789380	PV	Lombardia	27030
Rosate	45.3519922	9.0174784	MI	Lombardia	20088
Rosazza	45.6757650	7.9771170	BI	Piemonte	13815
Rosciano	42.3206925	14.0429310	PE	Abruzzo	65020
Roscigno	40.3990295	15.3459261	SA	Campania	84020
Rose	39.3984950	16.2871930	CS	Calabria	87040
Rosello	41.9008320	14.3498180	CH	Abruzzo	66040
Roseto Capo Spulico	39.9870090	16.6016930	CS	Calabria	87070
Roseto degli Abruzzi	42.6775770	14.0144636	TE	Abruzzo	64026
Roseto Valfortore	41.3724270	15.0961420	FG	Puglia	71039
Rosignano Marittimo	43.4067860	10.4733663	LI	Toscana	57016
Rosignano Monferrato	45.0798785	8.3984776	AL	Piemonte	15030
Rosolina	45.0755718	12.2460842	RO	Veneto	45010
Rosolini	36.8203141	14.9535979	SR	Sicilia	96019
Rosora	43.4832580	13.0688670	AN	Marche	60030
Rossa	45.8335006	8.1255287	VC	Piemonte	13020
Rossana	44.5433330	7.4338260	CN	Piemonte	12020
Rossano Veneto	45.7052727	11.7997866	VI	Veneto	36028
Rossiglione	44.5639606	8.6685132	GE	Liguria	16010
Rosta	45.0679450	7.4651170	TO	Piemonte	10090
Rota d'Imagna	45.8308542	9.5127920	BG	Lombardia	24037
Rota Greca	39.4684960	16.1125880	CS	Calabria	87010
Rotella	42.9541727	13.5593592	AP	Marche	63071
Rotello	41.7468728	15.0063901	CB	Molise	86040
Rotonda	39.9527864	16.0390877	PZ	Basilicata	85048
Rotondella	40.1713120	16.5255890	MT	Basilicata	75026
Rotondi	41.0311909	14.5967236	AV	Campania	83017
Rottofreno	45.0576876	9.5502149	PC	Emilia-Romagna	29010
Rotzo	45.8634667	11.3993824	VI	Veneto	36010
Roure	45.0014133	7.1294323	TO	Piemonte	10060
Rovasenda	45.5387650	8.3175270	VC	Piemonte	13040
Rovato	45.5670385	9.9986008	BS	Lombardia	25038
Rovegno	44.5767478	9.2791616	GE	Liguria	16028
Rovellasca	45.6669014	9.0543579	CO	Lombardia	22069
Rovello Porro	45.6512477	9.0403365	CO	Lombardia	22070
Roverbella	45.2657803	10.7675270	MN	Lombardia	46048
Roverchiara	45.2723159	11.2477997	VR	Veneto	37050
Roverè della Luna	46.2499881	11.1693479	TN	Trentino-Alto Adige	38030
Roverè Veronese	45.5934145	11.0658080	VR	Veneto	37028
Roveredo di Guà	45.2737512	11.4449884	VR	Veneto	37040
Roveredo in Piano	46.0110584	12.6202908	PN	Friuli-Venezia Giulia	33080
Rovereto	45.8865480	11.0452369	TN	Trentino-Alto Adige	38068
Rovescala	45.0114213	9.3487527	PV	Lombardia	27040
Rovetta	45.8929890	9.9834570	BG	Lombardia	24020
Roviano	42.0258996	12.9943840	RM	Lazio	00027
Rovigo	45.0698166	11.7888200	RO	Veneto	45100
Rovito	39.3079940	16.3210940	CS	Calabria	87050
Rovolon	45.3780267	11.6444028	PD	Veneto	35030
Rozzano	45.3832366	9.1541309	MI	Lombardia	20089
Rubano	45.4287288	11.7882736	PD	Veneto	35030
Rubiana	45.1379458	7.3848302	TO	Piemonte	10040
Rubiera	44.6532007	10.7810810	RE	Emilia-Romagna	42048
Ruda	45.8382313	13.4019302	UD	Friuli-Venezia Giulia	33050
Rudiano	45.4885780	9.8870620	BS	Lombardia	25030
Rueglio	45.4682580	7.7546160	TO	Piemonte	10010
Ruffano	39.9840916	18.2474756	LE	Puglia	73049
Ruffia	44.7066380	7.6040270	CN	Piemonte	12030
Ruffrè-Mendola	46.4246300	11.1941000	TN	Trentino-Alto Adige	38010
Rufina	43.8266681	11.4900777	FI	Toscana	50068
Ruinas	39.9071480	8.8976310	OR	Sardegna	09085
Rumo	46.4529597	10.9867109	TN	Trentino-Alto Adige	38020
Ruoti	40.7178788	15.6790066	PZ	Basilicata	85056
Russi	44.3700540	12.0304172	RA	Emilia-Romagna	48026
Rutigliano	41.0111589	17.0054792	BA	Puglia	70018
Rutino	40.2997040	15.0727550	SA	Campania	84070
Ruviano	41.1999000	14.4426418	CE	Campania	81010
Ruvo del Monte	40.8488190	15.5413590	PZ	Basilicata	85020
Ruvo di Puglia	41.1171985	16.4845354	BA	Puglia	70037
Sabaudia	41.3015672	13.0258726	LT	Lazio	04016
Sabbio Chiese	45.6585870	10.4205710	BS	Lombardia	25070
Sabbioneta	44.9984358	10.4885871	MN	Lombardia	46018
Sacco	40.3781080	15.3779610	SA	Campania	84070
Saccolongo	45.4031054	11.7475532	PD	Veneto	35030
Sacile	45.9538600	12.5033680	PN	Friuli-Venezia Giulia	33077
Sacrofano	42.1049460	12.4454599	RM	Lazio	00060
Sadali	39.8132500	9.2719400	SU	Sardegna	09062
Sagama	40.2615520	8.5775200	OR	Sardegna	09090
Sagliano Micca	45.6257640	8.0433190	BI	Piemonte	13816
Sagrado	45.8758434	13.4855230	GO	Friuli-Venezia Giulia	34078
Sagron Mis	46.1913955	11.9335607	TN	Trentino-Alto Adige	38050
Saint-Christophe	45.7474199	7.3561685	AO	Valle d'Aosta	11020
Saint-Denis	45.7647139	7.5713309	AO	Valle d'Aosta	11023
Saint-Marcel	45.7345596	7.4461962	AO	Valle d'Aosta	11020
Saint-Nicolas	45.7160778	7.1679820	AO	Valle d'Aosta	11010
Saint-Oyen	45.8246437	7.2131752	AO	Valle d'Aosta	11014
Saint-Pierre	45.7094813	7.2291423	AO	Valle d'Aosta	11010
Saint-Rhémy-en-Bosses	45.8237439	7.1821889	AO	Valle d'Aosta	11010
Saint-Vincent	45.7503861	7.6478840	AO	Valle d'Aosta	11027
Sala Baganza	44.7139495	10.2263338	PR	Emilia-Romagna	43038
Sala Biellese	45.5081600	7.9584200	BI	Piemonte	13884
Sala Bolognese	44.6296030	11.2727477	BO	Emilia-Romagna	40010
Sala Comacina	45.9656908	9.1682856	CO	Lombardia	22010
Sala Consilina	40.3982208	15.5963693	SA	Campania	84036
Sala Monferrato	45.0751540	8.3587360	AL	Piemonte	15030
Salandra	40.5275180	16.3191800	MT	Basilicata	75017
Salaparuta	37.7579420	13.0097420	TP	Sicilia	91020
Salara	44.9825370	11.4271493	RO	Veneto	45030
Salasco	45.3255590	8.2642300	VC	Piemonte	13040
Salassa	45.3585264	7.6892385	TO	Piemonte	10080
Salbertrand	45.0720400	6.8832050	TO	Piemonte	10050
Salcedo	45.7587799	11.5649783	VI	Veneto	36040
Salcito	41.7475300	14.5101240	CB	Molise	86026
Sale	44.9806560	8.8093480	AL	Piemonte	15045
Sale delle Langhe	44.3952350	8.0801430	CN	Piemonte	12070
Sale Marasino	45.7154530	10.1111391	BS	Lombardia	25057
Sale San Giovanni	44.3999025	8.0788914	CN	Piemonte	12070
Salemi	37.8173706	12.8009450	TP	Sicilia	91018
Salento	40.2486040	15.1900580	SA	Campania	84070
Salerano Canavese	45.4580580	7.8511180	TO	Piemonte	10010
Salerano sul Lambro	45.2965690	9.3851550	LO	Lombardia	26857
Salerno	40.6803601	14.7594542	SA	Campania	84121,84122,84123,84124,84125,84126,84127,84128,84129,84130,84131,84132,84133,84134,84135
Salgareda	45.7041230	12.4925871	TV	Veneto	31040
Sali Vercellese	45.3098590	8.3289310	VC	Piemonte	13040
Salice Salentino	40.3856618	17.9637483	LE	Puglia	73015
Saliceto	44.4133360	8.1686440	CN	Piemonte	12079
Salisano	42.2572508	12.7455181	RI	Lazio	02040
Salizzole	45.2427902	11.0844436	VR	Veneto	37056
Salle	42.1769350	13.9612060	PE	Abruzzo	65020
Salmour	44.5780370	7.7918330	CN	Piemonte	12040
Salò	45.6056775	10.5200690	BS	Lombardia	25087
Salorno sulla strada del vino	46.2396083	11.2110749	BZ	Trentino-Alto Adige	39040
Salsomaggiore Terme	44.8147620	9.9795760	PR	Emilia-Romagna	43039
Saltrio	45.8739084	8.9216680	VA	Lombardia	21050
Saludecio	43.8726846	12.6685074	RN	Emilia-Romagna	47835
Saluggia	45.2354962	8.0117019	VC	Piemonte	13040
Salussola	45.4493235	8.1091566	BI	Piemonte	13885
Saluzzo	44.6446052	7.4926009	CN	Piemonte	12037
Salve	39.8613180	18.2933320	LE	Puglia	73050
Salvirola	45.3555434	9.7802426	CR	Lombardia	26010
Salvitelle	40.5909130	15.4587600	SA	Campania	84020
Salza di Pinerolo	44.9346349	7.0344668	TO	Piemonte	10060
Salza Irpina	40.9200633	14.8893502	AV	Campania	83050
Salzano	45.5213440	12.1063704	VE	Veneto	30030
Samarate	45.6281817	8.7843049	VA	Lombardia	21017
Samassi	39.4813410	8.9076370	SU	Sardegna	09030
Samatzai	39.4832420	9.0346400	SU	Sardegna	09020
Sambuca di Sicilia	37.6477395	13.1110313	AG	Sicilia	92017
Sambuca Pistoiese	44.0548733	11.0025084	PT	Toscana	51020
Sambuci	41.9861230	12.9379860	RM	Lazio	00020
Sambuco	44.3362918	7.0793377	CN	Piemonte	12010
Sammichele di Bari	40.8879866	16.9494555	BA	Puglia	70010
Samo	38.0737690	16.0583020	RC	Calabria	89030
Samolaco	46.2463209	9.3949044	SO	Lombardia	23027
Samone	45.4505543	7.8452430	TN	Trentino-Alto Adige	38059
Sampeyre	44.5796844	7.1888889	CN	Piemonte	12020
Samugheo	39.9461500	8.9405320	OR	Sardegna	09086
San Bartolomeo al Mare	43.9229240	8.1011520	IM	Liguria	18016
San Bartolomeo in Galdo	41.4098544	15.0153973	BN	Campania	82028
San Bartolomeo Val Cavargna	46.0834861	9.1491275	CO	Lombardia	22010
San Basile	39.8096030	16.1632850	CS	Calabria	87010
San Basilio	39.5371440	9.1982420	SU	Sardegna	09040
San Bassano	45.2435457	9.8078755	CR	Lombardia	26020
San Bellino	45.0295522	11.5898119	RO	Veneto	45020
San Benedetto Belbo	44.4901370	8.0578410	CN	Piemonte	12050
San Benedetto dei Marsi	42.0082290	13.6227010	AQ	Abruzzo	67058
San Benedetto del Tronto	42.9525328	13.8807144	AP	Marche	63074
San Benedetto in Perillis	42.1839431	13.7705324	AQ	Abruzzo	67020
San Benedetto Po	45.0419243	10.9282948	MN	Lombardia	46027
San Benedetto Ullano	39.4270950	16.1237890	CS	Calabria	87040
San Benedetto Val di Sambro	44.2152590	11.2329140	BO	Emilia-Romagna	40048
San Benigno Canavese	45.2270520	7.7850210	TO	Piemonte	10080
San Bernardino Verbano	45.9952224	8.4561461	VB	Piemonte	28804
San Biagio della Cima	43.8182416	7.6488198	IM	Liguria	18036
San Biagio di Callalta	45.6848725	12.3773466	TV	Veneto	31048
San Biagio Platani	37.5090143	13.5242820	AG	Sicilia	92020
San Biagio Saracinisco	41.6132723	13.9278768	FR	Lazio	03040
San Biase	41.7155110	14.5887760	CB	Molise	86020
San Bonifacio	45.3956425	11.2700817	VR	Veneto	37047
San Buono	41.9808360	14.5699220	CH	Abruzzo	66050
San Calogero	38.5755780	16.0202960	VV	Calabria	89842
San Candido	46.7328719	12.2791673	BZ	Trentino-Alto Adige	39038
San Canzian d'Isonzo	45.7986170	13.4661380	GO	Friuli-Venezia Giulia	34075
San Carlo Canavese	45.2478256	7.6108432	TO	Piemonte	10070
San Casciano dei Bagni	42.8717035	11.8749117	SI	Toscana	53040
San Casciano in Val di Pesa	43.6569596	11.1856679	FI	Toscana	50026
San Cassiano	43.3866601	11.9807887	LE	Puglia	73020
San Cataldo	37.4914458	13.9935156	CL	Sicilia	93017
San Cesareo	41.8191960	12.8003335	RM	Lazio	00030
San Cesario di Lecce	40.3029611	18.1598650	LE	Puglia	73016
San Cesario sul Panaro	44.5611362	11.0332180	MO	Emilia-Romagna	41018
San Chirico Nuovo	40.6767472	16.0785338	PZ	Basilicata	85010
San Chirico Raparo	40.1907152	16.0763475	PZ	Basilicata	85030
San Cipirello	37.9629600	13.1753795	PA	Sicilia	90040
San Cipriano d'Aversa	40.9988120	14.1317260	CE	Campania	81036
San Cipriano Picentino	40.7200033	14.8700132	SA	Campania	84099
San Cipriano Po	45.1086791	9.2829052	PV	Lombardia	27043
San Clemente	43.9322054	12.6256931	RN	Emilia-Romagna	47832
San Colombano al Lambro	45.1817156	9.4885780	MI	Lombardia	20078
San Colombano Belmonte	45.3822540	7.6210150	TO	Piemonte	10080
San Colombano Certenoli	44.3992532	9.3288048	GE	Liguria	16040
San Cono	37.2901188	14.3659918	CT	Sicilia	95040
San Cosmo Albanese	39.5831000	16.4201930	CS	Calabria	87060
San Costantino Albanese	40.0358080	16.3046860	PZ	Basilicata	85030
San Costantino Calabro	38.6322790	16.0738970	VV	Calabria	89851
San Costanzo	43.7661640	13.0727630	PU	Marche	61039
San Cristoforo	44.6922480	8.7501520	AL	Piemonte	15060
San Damiano al Colle	45.0248620	9.3465590	PV	Lombardia	27040
San Damiano d'Asti	44.8334450	8.0635340	AT	Piemonte	14015
San Damiano Macra	44.4887300	7.2584240	CN	Piemonte	12029
San Daniele del Friuli	46.1532406	13.0090339	UD	Friuli-Venezia Giulia	33038
San Daniele Po	45.0637700	10.1822760	CR	Lombardia	26046
San Demetrio Corone	39.5698990	16.3614920	CS	Calabria	87069
San Demetrio ne' Vestini	42.2883771	13.5586410	AQ	Abruzzo	67028
San Didero	45.1354440	7.2130110	TO	Piemonte	10050
San Donà di Piave	45.6294811	12.5641057	VE	Veneto	30027
San Donaci	40.4493805	17.9226065	BR	Puglia	72025
San Donato di Lecce	40.2681260	18.1842250	LE	Puglia	73010
San Donato di Ninea	39.7116002	16.0484912	CS	Calabria	87010
San Donato Milanese	45.4180700	9.2716500	MI	Lombardia	20097
San Donato Val di Comino	41.7081240	13.8126090	FR	Lazio	03046
San Dorligo della Valle	45.6126020	13.8535061	TS	Friuli-Venezia Giulia	34018
San Fele	40.8193255	15.5384276	PZ	Basilicata	85020
San Felice a Cancello	41.0123935	14.4829931	CE	Campania	81027
San Felice Circeo	41.2326171	13.0893977	LT	Lazio	04017
San Felice del Benaco	45.5895461	10.5517327	BS	Lombardia	25010
San Felice del Molise	41.8910350	14.7005260	CB	Molise	86030
San Felice sul Panaro	44.8394154	11.1431653	MO	Emilia-Romagna	41038
San Ferdinando	38.4831702	15.9162707	RC	Calabria	89026
San Ferdinando di Puglia	41.3026320	16.0704650	BT	Puglia	76017
San Fermo della Battaglia	45.8084245	9.0485510	CO	Lombardia	22042
San Fili	39.3388930	16.1434900	CS	Calabria	87037
San Filippo del Mela	38.1697270	15.2725271	ME	Sicilia	98044
San Fior	45.9207530	12.3581506	TV	Veneto	31020
San Fiorano	45.1363680	9.7221650	LO	Lombardia	26848
San Floriano del Collio	45.9831085	13.5870828	GO	Friuli-Venezia Giulia	34070
San Floro	38.8379860	16.5187040	CZ	Calabria	88021
San Francesco al Campo	45.2264672	7.6571645	TO	Piemonte	10070
San Fratello	38.0134424	14.5973915	ME	Sicilia	98075
San Gavino Monreale	39.5509410	8.7919340	SU	Sardegna	09037
San Gemini	42.6127014	12.5465047	TR	Umbria	05029
San Genesio Atesino	46.5350348	11.3313839	BZ	Trentino-Alto Adige	39050
San Genesio ed Uniti	45.2347650	9.1785510	PV	Lombardia	27010
San Gennaro Vesuviano	40.8604005	14.5291676	NA	Campania	80040
San Germano Chisone	44.8985500	7.2411746	TO	Piemonte	10065
San Germano Vercellese	45.3500306	8.2487792	VC	Piemonte	13047
San Gervasio Bresciano	45.3073760	10.1486710	BS	Lombardia	25020
San Giacomo degli Schiavoni	41.9632380	14.9464310	CB	Molise	86030
San Giacomo delle Segnate	44.9725750	11.0330970	MN	Lombardia	46020
San Giacomo Filippo	46.3374131	9.3706850	SO	Lombardia	23020
San Giacomo Vercellese	45.4978594	8.3261393	VC	Piemonte	13030
San Gillio	45.1427480	7.5358170	TO	Piemonte	10040
San Gimignano	43.4677993	11.0432115	SI	Toscana	53037
San Ginesio	43.5304077	12.9608054	MC	Marche	62026
San Giorgio a Cremano	40.8292962	14.3341677	NA	Campania	80046
San Giorgio a Liri	41.4041170	13.7613120	FR	Lazio	03047
San Giorgio Albanese	39.5818179	16.4541868	CS	Calabria	87060
San Giorgio Bigarello	45.1805304	10.8717887	MN	Lombardia	46051
San Giorgio Canavese	45.3341550	7.7968190	TO	Piemonte	10090
San Giorgio del Sannio	41.0619659	14.8538405	BN	Campania	82018
San Giorgio della Richinvelda	46.0453055	12.8679995	PN	Friuli-Venezia Giulia	33095
San Giorgio delle Pertiche	45.5416702	11.9112369	PD	Veneto	35010
San Giorgio di Lomellina	45.1744127	8.7900980	PV	Lombardia	27020
San Giorgio di Nogaro	45.8320236	13.2111453	UD	Friuli-Venezia Giulia	33058
San Giorgio di Piano	44.6467934	11.3754491	BO	Emilia-Romagna	40016
San Giorgio in Bosco	45.5918514	11.8059588	PD	Veneto	35010
San Giorgio Ionico	40.4566240	17.3787040	TA	Puglia	74027
San Giorgio La Molara	41.2709083	14.9200832	BN	Campania	82020
San Giorgio Lucano	40.1119100	16.3879860	MT	Basilicata	75027
San Giorgio Monferrato	45.1076846	8.4130547	AL	Piemonte	15020
San Giorgio Morgeto	38.3869584	16.1081645	RC	Calabria	89017
San Giorgio Piacentino	44.9541630	9.7368690	PC	Emilia-Romagna	29019
San Giorgio Scarampi	44.6113288	8.2424253	AT	Piemonte	14059
San Giorgio su Legnano	45.5737710	8.9137390	MI	Lombardia	20010
San Giorio di Susa	45.1279823	7.1779846	TO	Piemonte	10050
San Giovanni a Piro	40.0503020	15.4509670	SA	Campania	84070
San Giovanni al Natisone	45.9779201	13.4010809	UD	Friuli-Venezia Giulia	33048
San Giovanni Bianco	45.8740752	9.6530220	BG	Lombardia	24015
San Giovanni del Dosso	44.9668926	11.0816168	MN	Lombardia	46020
San Giovanni di Fassa	46.4228762	11.7207601	TN	Trentino-Alto Adige	38036
San Giovanni di Gerace	38.3650760	16.2777040	RC	Calabria	89040
San Giovanni Gemini	37.6299364	13.6413747	AG	Sicilia	92020
San Giovanni Ilarione	45.5240542	11.2348944	VR	Veneto	37035
San Giovanni in Croce	45.0788720	10.3751800	CR	Lombardia	26037
San Giovanni in Fiore	39.2536724	16.6978044	CS	Calabria	87055
San Giovanni in Galdo	41.5900290	14.7503320	CB	Molise	86010
San Giovanni in Marignano	43.9386683	12.7124941	RN	Emilia-Romagna	47842
San Giovanni in Persiceto	44.6386593	11.1874019	BO	Emilia-Romagna	40017
San Giovanni Incarico	41.5017180	13.5579060	FR	Lazio	03028
San Giovanni la Punta	37.5774071	15.0942150	CT	Sicilia	95037
San Giovanni Lipioni	41.8428544	14.5617344	CH	Abruzzo	66050
San Giovanni Lupatoto	45.3819685	11.0448862	VR	Veneto	37057
San Giovanni Rotondo	41.7069106	15.7288455	FG	Puglia	71013
San Giovanni Suergiu	39.1104039	8.5219989	SU	Sardegna	09010
San Giovanni Teatino	42.4105412	14.2010296	CH	Abruzzo	66020
San Giovanni Valdarno	43.5649304	11.5305954	AR	Toscana	52027
San Giuliano del Sannio	41.4564092	14.6411943	CB	Molise	86010
San Giuliano di Puglia	41.6845241	14.9644057	CB	Molise	86040
San Giuliano Milanese	45.3942700	9.2918510	MI	Lombardia	20098
San Giuliano Terme	43.7629956	10.4410399	PI	Toscana	56017
San Giuseppe Jato	37.9704862	13.1824889	PA	Sicilia	90048
San Giuseppe Vesuviano	40.8298110	14.5044360	NA	Campania	80047
San Giustino	43.5489804	12.1758298	PG	Umbria	06016
San Giusto Canavese	45.3151540	7.8091200	TO	Piemonte	10090
San Godenzo	43.9255560	11.6184280	FI	Toscana	50060
San Gregorio d'Ippona	38.6423342	16.1019759	VV	Calabria	89853
San Gregorio da Sassola	41.9177118	12.8720735	RM	Lazio	00010
San Gregorio di Catania	37.5652540	15.1117880	CT	Sicilia	95027
San Gregorio Magno	40.6570401	15.4031584	SA	Campania	84020
San Gregorio Matese	41.3852284	14.3750496	CE	Campania	81010
San Gregorio nelle Alpi	46.1030653	12.0255839	BL	Veneto	32030
San Lazzaro di Savena	44.4715668	11.4048591	BO	Emilia-Romagna	40068
San Leo	43.8969610	12.3436440	RN	Emilia-Romagna	47865
San Leonardo	46.1274593	13.5383743	UD	Friuli-Venezia Giulia	33040
San Leonardo in Passiria	46.8118934	11.2471364	BZ	Trentino-Alto Adige	39015
San Leucio del Sannio	41.0748002	14.7573133	BN	Campania	82010
San Lorenzello	41.2773665	14.5428321	BN	Campania	82030
San Lorenzo	38.0109670	15.8343980	RC	Calabria	89069
San Lorenzo al Mare	43.8547109	7.9637075	IM	Liguria	18017
San Lorenzo Bellizzi	39.8892050	16.3302880	CS	Calabria	87070
San Lorenzo del Vallo	39.6682010	16.2973900	CS	Calabria	87040
San Lorenzo di Sebato	46.7834543	11.9030709	BZ	Trentino-Alto Adige	39030
San Lorenzo Dorsino	46.1121294	10.9000784	TN	Trentino-Alto Adige	38078
San Lorenzo in Campo	43.6041173	12.9457244	PU	Marche	61047
San Lorenzo Isontino	45.9312174	13.5285489	GO	Friuli-Venezia Giulia	34070
San Lorenzo Maggiore	41.2512272	14.6269436	BN	Campania	82034
San Lorenzo Nuovo	42.6867300	11.9066530	VT	Lazio	01020
San Luca	38.1483710	16.0660020	RC	Calabria	89030
San Lucido	39.3088920	16.0507880	CS	Calabria	87038
San Lupo	41.2601054	14.6356287	BN	Campania	82034
San Mango d'Aquino	39.0591104	16.1901244	CZ	Calabria	88040
San Mango Piemonte	40.7026349	14.8328223	SA	Campania	84090
San Mango sul Calore	40.9610797	14.9745906	AV	Campania	83050
San Marcellino	40.9864545	14.1753318	CE	Campania	81030
San Marcello	43.5760610	13.2060680	AN	Marche	60030
San Marcello Piteglio	44.0676734	10.8120025	PT	Toscana	51028
San Marco Argentano	39.5574078	16.1190892	CS	Calabria	87018
San Marco d'Alunzio	38.0735143	14.6993545	ME	Sicilia	98070
San Marco dei Cavoti	41.3106030	14.8789523	BN	Campania	82029
San Marco Evangelista	41.0370179	14.3362944	CE	Campania	81020
San Marco in Lamis	41.7131380	15.6398500	FG	Puglia	71014
San Marco la Catola	41.5248290	15.0059380	FG	Puglia	71030
San Martino al Tagliamento	46.0208288	12.8637610	PN	Friuli-Venezia Giulia	33098
San Martino Alfieri	44.8186266	8.1091847	AT	Piemonte	14010
San Martino Buon Albergo	45.4216870	11.0968900	VR	Veneto	37036
San Martino Canavese	45.3943495	7.8165588	TO	Piemonte	10010
San Martino d'Agri	40.2397458	16.0530431	PZ	Basilicata	85030
San Martino dall'Argine	45.0990557	10.5183482	MN	Lombardia	46010
San Martino del Lago	45.0732478	10.3168597	CR	Lombardia	26040
San Martino di Finita	39.4905960	16.1097880	CS	Calabria	87010
San Martino di Lupari	45.6486593	11.8569804	PD	Veneto	35018
San Martino di Venezze	45.1312032	11.8685228	RO	Veneto	45030
San Martino in Badia	46.6509279	11.8416768	BZ	Trentino-Alto Adige	39030
San Martino in Passiria	46.7839388	11.2267986	BZ	Trentino-Alto Adige	39010
San Martino in Pensilis	41.8704370	15.0111506	CB	Molise	86046
San Martino in Rio	44.7328018	10.7839876	RE	Emilia-Romagna	42018
San Martino in Strada	45.2715321	9.5280318	LO	Lombardia	26817
San Martino Sannita	41.0662180	14.8358400	BN	Campania	82010
San Martino Siccomario	45.1609630	9.1359520	PV	Lombardia	27028
San Martino sulla Marrucina	42.2233727	14.2148103	CH	Abruzzo	66010
San Martino Valle Caudina	41.0232051	14.6630041	AV	Campania	83018
San Marzano di San Giuseppe	40.4544250	17.5056070	TA	Puglia	74020
San Marzano Oliveto	44.7540212	8.2957567	AT	Piemonte	14050
San Marzano sul Sarno	40.7752148	14.5873622	SA	Campania	84010
San Massimo	41.4929240	14.4102250	CB	Molise	86027
San Maurizio Canavese	45.2166755	7.6312409	TO	Piemonte	10077
San Maurizio d'Opaglio	45.7734531	8.3903949	NO	Piemonte	28017
San Mauro Castelverde	37.9146277	14.1903782	PA	Sicilia	90010
San Mauro Cilento	40.2263548	15.0440771	SA	Campania	84070
San Mauro di Saline	45.5657959	11.1143764	VR	Veneto	37030
San Mauro Forte	40.4872765	16.2482488	MT	Basilicata	75010
San Mauro la Bruca	40.1229374	15.2897501	SA	Campania	84070
San Mauro Marchesato	39.1044055	16.9244389	KR	Calabria	88831
San Mauro Pascoli	44.1064626	12.4148977	FC	Emilia-Romagna	47030
San Mauro Torinese	45.1044124	7.7619962	TO	Piemonte	10099
San Michele al Tagliamento	45.7651506	12.9952302	VE	Veneto	30028
San Michele all'Adige	46.1929070	11.1335770	TN	Trentino-Alto Adige	38010
San Michele di Ganzaria	37.2795627	14.4260202	CT	Sicilia	95040
San Michele di Serino	40.8772963	14.8563089	AV	Campania	83020
San Michele Mondovì	44.3770311	7.9110360	CN	Piemonte	12080
San Michele Salentino	40.6303856	17.6335762	BR	Puglia	72018
San Miniato	43.6797502	10.8500949	PI	Toscana	56028
San Nazzaro	41.0523895	14.8563559	BN	Campania	82018
San Nazzaro Sesia	45.4382730	8.4240728	NO	Piemonte	28060
San Nazzaro Val Cavargna	46.0893860	9.1274340	CO	Lombardia	22010
San Nicandro Garganico	41.8343321	15.5655666	FG	Puglia	71015
San Nicola Arcella	39.8481737	15.7949706	CS	Calabria	87020
San Nicola Baronia	41.0585210	15.1991480	AV	Campania	83050
San Nicola da Crissa	38.6637292	16.2848847	VV	Calabria	89821
San Nicola dell'Alto	39.2913484	16.9722440	KR	Calabria	88817
San Nicola la Strada	41.0518140	14.3313290	CE	Campania	81020
San Nicola Manfredi	41.0717684	14.8245336	BN	Campania	82010
San Nicolò d'Arcidano	39.6833916	8.6468751	OR	Sardegna	09097
San Nicolò di Comelico	46.5825290	12.5273020	BL	Veneto	32040
San Nicolò Gerrei	39.4974440	9.3071450	SU	Sardegna	09040
San Pancrazio	43.4064796	11.6531287	BZ	Trentino-Alto Adige	39010
San Pancrazio Salentino	40.4191334	17.8393854	BR	Puglia	72026
San Paolo	45.3705760	10.0267670	BS	Lombardia	25020
San Paolo Albanese	40.0367080	16.3345860	PZ	Basilicata	85030
San Paolo Bel Sito	40.9148130	14.5467360	NA	Campania	80030
San Paolo d'Argon	45.6885572	9.8040661	BG	Lombardia	24060
San Paolo di Civitate	41.7383360	15.2602410	FG	Puglia	71010
San Paolo di Jesi	43.4545580	13.1727700	AN	Marche	60038
San Paolo Solbrito	44.9505646	7.9705821	AT	Piemonte	14010
San Pellegrino Terme	45.8386307	9.6647313	BG	Lombardia	24016
San Pier d'Isonzo	45.8469180	13.4601370	GO	Friuli-Venezia Giulia	34070
San Pier Niceto	38.1589177	15.3518740	ME	Sicilia	98045
San Piero Patti	38.0521503	14.9670687	ME	Sicilia	98068
San Pietro a Maida	38.8468043	16.3434539	CZ	Calabria	88025
San Pietro al Natisone	46.1267250	13.4852330	UD	Friuli-Venezia Giulia	33049
San Pietro al Tanagro	40.4568110	15.4806620	SA	Campania	84030
San Pietro Apostolo	39.0043890	16.4684010	CZ	Calabria	88040
San Pietro Avellana	41.7906290	14.1822160	IS	Molise	86088
San Pietro Clarenza	37.5688530	15.0228860	CT	Sicilia	95030
San Pietro di Cadore	46.5707195	12.5860013	BL	Veneto	32040
San Pietro di Caridà	38.5236780	16.1352990	RC	Calabria	89020
San Pietro di Feletto	45.9088888	12.2405948	TV	Veneto	31020
San Pietro di Morubio	45.2429863	11.2281869	VR	Veneto	37050
San Pietro in Amantea	39.1363890	16.1115920	CS	Calabria	87030
San Pietro in Cariano	45.5209134	10.8863774	VR	Veneto	37029
San Pietro in Casale	44.6990515	11.4029261	BO	Emilia-Romagna	40018
San Pietro in Cerro	45.0214997	9.9484880	PC	Emilia-Romagna	29010
San Pietro in Gu	45.6140864	11.6693937	PD	Veneto	35010
San Pietro in Guarano	39.3420944	16.3112472	CS	Calabria	87047
San Pietro in Lama	40.3084260	18.1286230	LE	Puglia	73010
San Pietro Infine	41.4459200	13.9615160	CE	Campania	81049
San Pietro Mosezzo	45.4558807	8.5441897	NO	Piemonte	28060
San Pietro Mussolino	45.5863045	11.2560774	VI	Veneto	36070
San Pietro Val Lemina	44.9065400	7.3109170	TO	Piemonte	10060
San Pietro Vernotico	40.4915290	17.9989180	BR	Puglia	72027
San Pietro Viminario	45.2452436	11.8186411	PD	Veneto	35020
San Pio delle Camere	42.2861723	13.6579716	AQ	Abruzzo	67020
San Polo d'Enza	44.6258624	10.4222874	RE	Emilia-Romagna	42020
San Polo dei Cavalieri	42.0095334	12.8384043	RM	Lazio	00010
San Polo di Piave	45.7901075	12.3947754	TV	Veneto	31020
San Polo Matese	41.4593240	14.4934280	CB	Molise	86020
San Ponso	45.3507540	7.6698739	TO	Piemonte	10080
San Possidonio	44.8920894	10.9961365	MO	Emilia-Romagna	41039
San Potito Sannitico	41.3377360	14.3929016	CE	Campania	81016
San Potito Ultra	40.9281157	14.8730510	AV	Campania	83050
San Prisco	41.0871150	14.2782280	CE	Campania	81054
San Procopio	38.2811720	15.8903970	RC	Calabria	89020
San Prospero	44.7896710	11.0221000	MO	Emilia-Romagna	41030
San Quirico d'Orcia	43.0604124	11.6036511	SI	Toscana	53027
San Quirino	46.4975578	11.3442560	PN	Friuli-Venezia Giulia	33080
San Raffaele Cimena	45.1533098	7.8532020	TO	Piemonte	10090
San Roberto	38.2112690	15.7365940	RC	Calabria	89050
San Rocco al Porto	45.0819660	9.6971650	LO	Lombardia	26865
San Romano in Garfagnana	44.1696692	10.3470507	LU	Toscana	55038
San Rufo	40.4345100	15.4636620	SA	Campania	84030
San Salvatore di Fitalia	38.0717132	14.7776159	ME	Sicilia	98070
San Salvatore Monferrato	44.9941540	8.5659420	AL	Piemonte	15046
San Salvatore Telesino	41.2360190	14.4991310	BN	Campania	82030
San Salvo	42.0433265	14.7272302	CH	Abruzzo	66050
San Sebastiano al Vesuvio	40.8435649	14.3699499	NA	Campania	80040
San Sebastiano Curone	44.7858161	9.0646537	AL	Piemonte	15056
San Sebastiano da Po	45.1675520	7.9572260	TO	Piemonte	10020
San Secondo di Pinerolo	44.8672222	7.2981670	TO	Piemonte	10060
San Secondo Parmense	44.9201605	10.2295580	PR	Emilia-Romagna	43017
San Severino Lucano	40.0206070	16.1378820	PZ	Basilicata	85030
San Severino Marche	43.2290211	13.1779663	MC	Marche	62027
San Severo	41.6897761	15.3776211	FG	Puglia	71016
San Siro	46.0469018	9.2615182	CO	Lombardia	22010
San Sossio Baronia	41.0712210	15.2005480	AV	Campania	83050
San Sostene	38.6378282	16.4871289	CZ	Calabria	88060
San Sosti	39.6609483	16.0282277	CS	Calabria	87010
San Sperate	39.3587390	9.0067410	SU	Sardegna	09026
San Stino di Livenza	45.7310782	12.6800084	VE	Veneto	30029
San Tammaro	41.0759018	14.2316709	CE	Campania	81050
San Teodoro	37.8459539	14.7020201	SS	Sardegna	07052
San Tomaso Agordino	46.3884812	11.9728065	BL	Veneto	32020
San Valentino in Abruzzo Citeriore	42.2330370	13.9856060	PE	Abruzzo	65020
San Valentino Torio	40.7930110	14.5980390	SA	Campania	84010
San Venanzo	42.8693370	12.2698590	TR	Umbria	05010
San Vendemiano	45.8907463	12.3338437	TV	Veneto	31020
San Vero Milis	40.0145480	8.5982240	OR	Sardegna	09070
San Vincenzo	43.1006951	10.5387914	LI	Toscana	57027
San Vincenzo La Costa	39.3651940	16.1516900	CS	Calabria	87030
San Vincenzo Valle Roveto	41.8451813	13.5359209	AQ	Abruzzo	67050
San Vitaliano	40.9272130	14.4801340	NA	Campania	80030
San Vito	39.4432450	9.5407510	SU	Sardegna	09040
San Vito al Tagliamento	45.9145042	12.8565956	PN	Friuli-Venezia Giulia	33078
San Vito al Torre	45.8957977	13.3705873	UD	Friuli-Venezia Giulia	33050
San Vito Chietino	42.2960420	14.4445150	CH	Abruzzo	66038
San Vito dei Normanni	40.6562478	17.7037516	BR	Puglia	72019
San Vito di Cadore	46.4589660	12.2057415	BL	Veneto	32046
San Vito di Fagagna	46.0906210	13.0670240	UD	Friuli-Venezia Giulia	33030
San Vito di Leguzzano	45.6815519	11.3762900	VI	Veneto	36030
San Vito Lo Capo	38.1723470	12.7349320	TP	Sicilia	91010
San Vito Romano	41.8798210	12.9793890	RM	Lazio	00030
San Vito sullo Ionio	38.7117830	16.4097030	CZ	Calabria	88067
San Vittore del Lazio	41.4611485	13.9314012	FR	Lazio	03040
San Vittore Olona	45.5860911	8.9426962	MI	Lombardia	20028
San Zeno di Montagna	45.6314451	10.7254491	VR	Veneto	37010
San Zeno Naviglio	45.4915723	10.2170575	BS	Lombardia	25010
San Zenone al Lambro	45.3272690	9.3552530	MI	Lombardia	20070
San Zenone al Po	45.1085640	9.3617580	PV	Lombardia	27010
San Zenone degli Ezzelini	45.7789443	11.8405126	TV	Veneto	31020
Sanarica	40.0891230	18.3487310	LE	Puglia	73030
Sandigliano	45.5185620	8.0775220	BI	Piemonte	13876
Sandrigo	45.6606078	11.6029276	VI	Veneto	36066
Sanfrè	44.7493842	7.8033741	CN	Piemonte	12040
Sanfront	44.6470340	7.3210220	CN	Piemonte	12030
Sangano	45.0261440	7.4481180	TO	Piemonte	10090
Sangiano	45.8750760	8.6333270	VA	Lombardia	21038
Sangineto	39.6047970	15.9148820	CS	Calabria	87020
Sanguinetto	45.1845007	11.1511359	VR	Veneto	37058
Sanluri	39.5626420	8.8986360	SU	Sardegna	09025
Sannazzaro de' Burgondi	45.1022590	8.9063480	PV	Lombardia	27039
Sannicandro di Bari	41.0005205	16.7976967	BA	Puglia	70028
Sannicola	40.0943258	18.0637476	LE	Puglia	73017
Sanremo	43.8198253	7.7748827	IM	Liguria	18038
Sansepolcro	43.5700776	12.1403766	AR	Toscana	52037
Sant'Agapito	41.5445971	14.2229443	IS	Molise	86070
Sant'Agata Bolognese	44.6641690	11.1340040	BO	Emilia-Romagna	40019
Sant'Agata de' Goti	41.0885378	14.5037928	BN	Campania	82019
Sant'Agata del Bianco	38.0927875	16.0830881	RC	Calabria	89030
Sant'Agata di Esaro	39.6227980	15.9837830	CS	Calabria	87010
Sant'Agata di Militello	38.0680617	14.6333345	ME	Sicilia	98076
Sant'Agata di Puglia	41.1518240	15.3802510	FG	Puglia	71028
Sant'Agata Feltria	43.8643024	12.2079994	RN	Emilia-Romagna	47866
Sant'Agata Fossili	44.7847520	8.9211540	AL	Piemonte	15050
Sant'Agata li Battiati	37.5582730	15.0808128	CT	Sicilia	95030
Sant'Agata sul Santerno	44.4421700	11.8601240	RA	Emilia-Romagna	48020
Sant'Agnello	40.6300060	14.3971360	NA	Campania	80065
Sant'Albano Stura	44.5089340	7.7223330	CN	Piemonte	12040
Sant'Alessio con Vialone	45.2246868	9.2298553	PV	Lombardia	27016
Sant'Alessio in Aspromonte	38.1725690	15.7577950	RC	Calabria	89050
Sant'Alessio Siculo	37.9244943	15.3492875	ME	Sicilia	98030
Sant'Alfio	37.7415805	15.1429052	CT	Sicilia	95010
Sant'Ambrogio di Torino	45.0994450	7.3623150	TO	Piemonte	10057
Sant'Ambrogio di Valpolicella	45.5221126	10.8344426	VR	Veneto	37015
Sant'Ambrogio sul Garigliano	41.3890180	13.8715150	FR	Lazio	03040
Sant'Anastasia	40.8669110	14.4048330	NA	Campania	80048
Sant'Anatolia di Narco	42.7337577	12.8355862	PG	Umbria	06040
Sant'Andrea Apostolo dello Ionio	38.6225820	16.5283070	CZ	Calabria	88060
Sant'Andrea del Garigliano	41.3672170	13.8409150	FR	Lazio	03040
Sant'Andrea di Conza	40.8445989	15.3698320	AV	Campania	83053
Sant'Andrea Frius	39.4778583	9.1702544	SU	Sardegna	09040
Sant'Angelo a Cupolo	41.0691180	14.8037400	BN	Campania	82010
Sant'Angelo a Fasanella	40.4568100	15.3414590	SA	Campania	84027
Sant'Angelo a Scala	40.9745752	14.7401863	AV	Campania	83010
Sant'Angelo all'Esca	41.0066180	14.9930450	AV	Campania	83050
Sant'Angelo d'Alife	41.3592004	14.2635865	CE	Campania	81017
Sant'Angelo dei Lombardi	40.9270301	15.1775240	AV	Campania	83054
Sant'Angelo del Pesco	41.8826310	14.2549170	IS	Molise	86080
Sant'Angelo di Brolo	38.1138413	14.8822553	ME	Sicilia	98060
Sant'Angelo di Piove di Sacco	45.3453153	12.0070217	PD	Veneto	35020
Sant'Angelo in Pontano	43.0986445	13.3967561	MC	Marche	62020
Sant'Angelo in Vado	43.6631608	12.4053612	PU	Marche	61048
Sant'Angelo Le Fratte	40.5459130	15.5589630	PZ	Basilicata	85050
Sant'Angelo Limosano	41.6933300	14.6034270	CB	Molise	86020
Sant'Angelo Lodigiano	45.2380670	9.4086560	LO	Lombardia	26866
Sant'Angelo Lomellina	45.2470610	8.6444390	PV	Lombardia	27030
Sant'Angelo Muxaro	37.4790152	13.5443155	AG	Sicilia	92020
Sant'Angelo Romano	42.0351220	12.7126810	RM	Lazio	00010
Sant'Anna Arresi	39.0018300	8.6463390	SU	Sardegna	09010
Sant'Anna d'Alfaedo	45.6274569	10.9515505	VR	Veneto	37020
Sant'Antimo	40.9457110	14.2314290	NA	Campania	80029
Sant'Antioco	39.0648291	8.4562962	SU	Sardegna	09017
Sant'Antonino di Susa	45.1070440	7.2736130	TO	Piemonte	10050
Sant'Antonio Abate	40.7237090	14.5465380	NA	Campania	80057
Sant'Antonio di Gallura	40.9916247	9.3011094	SS	Sardegna	07030
Sant'Apollinare	41.4027180	13.8316140	FR	Lazio	03048
Sant'Arcangelo	40.2466257	16.2746186	PZ	Basilicata	85037
Sant'Arcangelo Trimonte	41.1655125	14.9390381	BN	Campania	82021
Sant'Arpino	40.9595120	14.2489290	CE	Campania	81030
Sant'Arsenio	40.4729110	15.4845620	SA	Campania	84037
Sant'Egidio alla Vibrata	42.8210480	13.7178910	TE	Abruzzo	64016
Sant'Egidio del Monte Albino	40.7338419	14.5970440	SA	Campania	84010
Sant'Elena	45.1873407	11.7120501	PD	Veneto	35040
Sant'Elena Sannita	41.5758421	14.4695934	IS	Molise	86095
Sant'Elia a Pianisi	41.6204300	14.8752340	CB	Molise	86048
Sant'Elia Fiumerapido	41.5391070	13.8661470	FR	Lazio	03049
Sant'Elpidio a Mare	43.2347405	13.6878517	FM	Marche	63811
Sant'Eufemia a Maiella	42.1261350	14.0265080	PE	Abruzzo	65020
Sant'Eufemia d'Aspromonte	38.2634710	15.8547960	RC	Calabria	89027
Sant'Eusanio del Sangro	42.1689380	14.3271140	CH	Abruzzo	66037
Sant'Eusanio Forconese	42.2882175	13.5244165	AQ	Abruzzo	67020
Sant'Ilario d'Enza	44.7605046	10.4498922	RE	Emilia-Romagna	42049
Sant'Ilario dello Ionio	38.2187730	16.1956040	RC	Calabria	89040
Sant'Ippolito	43.6857149	12.8716888	PU	Marche	61040
Sant'Olcese	44.4908639	8.9705395	GE	Liguria	16010
Sant'Omero	42.7866721	13.8017638	TE	Abruzzo	64027
Sant'Omobono Terme	45.8116872	9.5359629	BG	Lombardia	24038
Sant'Onofrio	38.6949810	16.1440970	VV	Calabria	89843
Sant'Oreste	42.2347915	12.5189050	RM	Lazio	00060
Sant'Orsola Terme	46.1081377	11.3027058	TN	Trentino-Alto Adige	38050
Sant'Urbano	45.1330499	11.6359565	PD	Veneto	35040
Santa Brigida	45.9845470	9.6217915	BG	Lombardia	24010
Santa Caterina Albanese	39.5861189	16.0704791	CS	Calabria	87010
Santa Caterina dello Ionio	38.5326810	16.5220070	CZ	Calabria	88060
Santa Caterina Villarmosa	37.5911470	14.0362650	CL	Sicilia	93018
Santa Cesarea Terme	40.0377704	18.4631814	LE	Puglia	73020
Santa Cristina d'Aspromonte	38.2553720	15.9704990	RC	Calabria	89056
Santa Cristina e Bissone	45.1543919	9.4189961	PV	Lombardia	27010
Santa Cristina Gela	37.9849315	13.3280957	PA	Sicilia	90030
Santa Cristina Valgardena	46.5590697	11.7154906	BZ	Trentino-Alto Adige	39047
Santa Croce Camerina	36.8278970	14.5255384	RG	Sicilia	97017
Santa Croce del Sannio	41.3874559	14.7322030	BN	Campania	82020
Santa Croce di Magliano	41.7124096	14.9933783	CB	Molise	86047
Santa Croce sull'Arno	43.7101077	10.7819415	PI	Toscana	56029
Santa Domenica Talao	39.8195010	15.8545780	CS	Calabria	87020
Santa Domenica Vittoria	37.9167440	14.9625921	ME	Sicilia	98030
Santa Elisabetta	37.4324601	13.5562347	AG	Sicilia	92020
Santa Fiora	42.8315810	11.5858657	GR	Toscana	58037
Santa Flavia	38.0813306	13.5254399	PA	Sicilia	90017
Santa Giuletta	45.0338362	9.1815028	PV	Lombardia	27046
Santa Giusta	39.8781783	8.6099732	OR	Sardegna	09096
Santa Giustina	44.0683524	12.4838248	BL	Veneto	32035
Santa Giustina in Colle	45.5636980	11.9064060	PD	Veneto	35010
Santa Luce	43.4723360	10.5635120	PI	Toscana	56040
Santa Lucia del Mela	38.1434611	15.2806757	ME	Sicilia	98046
Santa Lucia di Piave	45.8491855	12.2842640	TV	Veneto	31025
Santa Lucia di Serino	40.8704150	14.8759440	AV	Campania	83020
Santa Margherita di Belice	37.6920516	13.0201940	AG	Sicilia	92018
Santa Margherita di Staffora	44.7648395	9.2546166	PV	Lombardia	27050
Santa Margherita Ligure	44.3339761	9.2111267	GE	Liguria	16038
Santa Maria a Monte	43.6980639	10.6929976	PI	Toscana	56020
Santa Maria a Vico	41.0268566	14.4651862	CE	Campania	81028
Santa Maria Capua Vetere	41.0799225	14.2563971	CE	Campania	81055
Santa Maria Coghinas	40.9042670	8.8686160	SS	Sardegna	07030
Santa Maria del Cedro	39.7461990	15.8363790	CS	Calabria	87020
Santa Maria del Molise	41.5527250	14.3682240	IS	Molise	86096
Santa Maria della Versa	44.9861766	9.3001984	PV	Lombardia	27047
Santa Maria di Licodia	37.6164202	14.8874929	CT	Sicilia	95038
Santa Maria di Sala	45.5050934	12.0339862	VE	Veneto	30036
Santa Maria Hoè	45.7443892	9.3750111	LC	Lombardia	23889
Santa Maria Imbaro	42.2177400	14.4492160	CH	Abruzzo	66030
Santa Maria la Carità	40.7210029	14.5128197	NA	Campania	80050
Santa Maria la Fossa	41.0917140	14.1282240	CE	Campania	81050
Santa Maria la Longa	45.9330523	13.2880233	UD	Friuli-Venezia Giulia	33050
Santa Maria Maggiore	46.1349546	8.4672779	VB	Piemonte	28857
Santa Maria Nuova	43.4940600	13.3116720	AN	Marche	60030
Santa Marina	40.1043040	15.5404680	SA	Campania	84067
Santa Marina Salina	38.5611700	14.8707720	ME	Sicilia	98050
Santa Marinella	42.0354641	11.8679380	RM	Lazio	00058
Santa Ninfa	37.7713420	12.8776390	TP	Sicilia	91029
Santa Paolina	41.0217180	14.8472410	AV	Campania	83030
Santa Severina	39.1479012	16.9127762	KR	Calabria	88832
Santa Sofia	43.9472672	11.9084513	FC	Emilia-Romagna	47018
Santa Sofia d'Epiro	39.5470904	16.3291171	CS	Calabria	87048
Santa Teresa di Riva	37.9469620	15.3676890	ME	Sicilia	98028
Santa Teresa Gallura	41.2413770	9.1885180	SS	Sardegna	07028
Santa Venerina	37.6889713	15.1426605	CT	Sicilia	95010
Santa Vittoria d'Alba	44.6986410	7.9373340	CN	Piemonte	12069
Santa Vittoria in Matenano	43.0193790	13.4960348	FM	Marche	63854
Santadi	39.0918320	8.7164390	SU	Sardegna	09010
Santarcangelo di Romagna	44.0633818	12.4467025	RN	Emilia-Romagna	47822
Sante Marie	42.1022783	13.2047742	AQ	Abruzzo	67067
Santena	44.9491112	7.7718109	TO	Piemonte	10026
Santeramo in Colle	40.7930270	16.7552860	BA	Puglia	70029
Santhià	45.3666566	8.1742175	VC	Piemonte	13048
Santi Cosma e Damiano	41.3001731	13.8139274	LT	Lazio	04020
Santo Stefano al Mare	43.8377772	7.8982074	IM	Liguria	18010
Santo Stefano Belbo	44.7077401	8.2307306	CN	Piemonte	12058
Santo Stefano d'Aveto	44.5472974	9.4502082	GE	Liguria	16049
Santo Stefano del Sole	40.8939150	14.8685430	AV	Campania	83050
Santo Stefano di Cadore	46.5579382	12.5491422	BL	Veneto	32045
Santo Stefano di Camastra	38.0154435	14.3490272	ME	Sicilia	98077
Santo Stefano di Magra	44.1650993	9.9173304	SP	Liguria	19037
Santo Stefano di Rogliano	39.1924920	16.3181960	CS	Calabria	87056
Santo Stefano di Sessanio	42.3438761	13.6441771	AQ	Abruzzo	67020
Santo Stefano in Aspromonte	38.1691690	15.7891960	RC	Calabria	89057
Santo Stefano Lodigiano	45.1200659	9.7356142	LO	Lombardia	26849
Santo Stefano Quisquina	37.6250274	13.4907602	AG	Sicilia	92020
Santo Stefano Roero	44.7884430	7.9409330	CN	Piemonte	12040
Santo Stefano Ticino	45.4872627	8.9186265	MI	Lombardia	20010
Santomenna	40.8080287	15.3215479	SA	Campania	84020
Santopadre	41.6030659	13.6349603	FR	Lazio	03030
Santorso	45.7372986	11.3903211	VI	Veneto	36014
Santu Lussurgiu	40.1416861	8.6510380	OR	Sardegna	09075
Sanza	40.2446070	15.5526660	SA	Campania	84030
Sanzeno	46.3792333	11.0715113	TN	Trentino-Alto Adige	38010
Saonara	45.3702210	11.9840665	PD	Veneto	35020
Saponara	38.1938202	15.4344585	ME	Sicilia	98047
Sappada	46.5655394	12.6802584	UD	Friuli-Venezia Giulia	33012
Sapri	40.0750785	15.6297747	SA	Campania	84073
Saracena	39.7768368	16.1564716	CS	Calabria	87010
Saracinesco	42.0038627	12.9528696	RM	Lazio	00020
Sarcedo	45.7078513	11.5260472	VI	Veneto	36030
Sarconi	40.2471338	15.8887046	PZ	Basilicata	85050
Sardara	39.6164420	8.8206340	SU	Sardegna	09030
Sardigliano	44.7528851	8.8963250	AL	Piemonte	15060
Sarego	45.4081213	11.4055589	VI	Veneto	36040
Sarentino	46.6953567	11.3873925	BZ	Trentino-Alto Adige	39058
Sarezzano	44.8676119	8.9126635	AL	Piemonte	15050
Sarezzo	45.6618702	10.1958762	BS	Lombardia	25068
Sarmato	45.0598143	9.4913978	PC	Emilia-Romagna	29010
Sarmede	45.9788785	12.3860885	TV	Veneto	31026
Sarnano	43.0353798	13.2983099	MC	Marche	62028
Sarnico	45.6701431	9.9635127	BG	Lombardia	24067
Sarno	40.8108110	14.6198390	SA	Campania	84087
Sarnonico	46.4187281	11.1407924	TN	Trentino-Alto Adige	38011
Saronno	45.6256764	9.0373283	VA	Lombardia	21047
Sarre	45.7167983	7.2591539	AO	Valle d'Aosta	11010
Sarroch	39.0672340	9.0094450	CA	Sardegna	09018
Sarsina	43.9187582	12.1432584	FC	Emilia-Romagna	47027
Sarteano	42.9899110	11.8687316	SI	Toscana	53047
Sartirana Lomellina	45.1153855	8.6639538	PV	Lombardia	27020
Sarule	40.2291198	9.1673423	NU	Sardegna	08020
Sarzana	44.1131762	9.9599823	SP	Liguria	19038
Sassano	40.3377090	15.5630660	SA	Campania	84038
Sassari	40.7232643	8.5610074	SS	Sardegna	07100
Sassello	44.4789695	8.4901712	SV	Liguria	17046
Sassetta	43.1289914	10.6439077	LI	Toscana	57020
Sassinoro	41.3742777	14.6640222	BN	Campania	82026
Sasso di Castalda	40.4882660	15.6779633	PZ	Basilicata	85050
Sasso Marconi	44.3996319	11.2475540	BO	Emilia-Romagna	40037
Sassocorvaro Auditore	43.8102625	12.5401752	PU	Marche	61028
Sassofeltrio	43.8919617	12.5101834	PU	Marche	61013
Sassoferrato	43.4326550	12.8572630	AN	Marche	60041
Sassuolo	44.5409769	10.7829023	MO	Emilia-Romagna	41049
Satriano	38.6668830	16.4812050	CZ	Calabria	88060
Satriano di Lucania	40.5439140	15.6382650	PZ	Basilicata	85050
Sauris	46.4653657	12.7087174	UD	Friuli-Venezia Giulia	33020
Sauze d'Oulx	45.0270271	6.8583464	TO	Piemonte	10050
Sauze di Cesana	44.9404829	6.8589750	TO	Piemonte	10054
Sava	40.4034240	17.5584090	TA	Puglia	74028
Savelli	42.7264537	13.1266875	KR	Calabria	88825
Saviano	40.9056130	14.5050350	NA	Campania	80039
Savigliano	44.6440370	7.6559290	CN	Piemonte	12038
Savignano Irpino	41.2285240	15.1792460	AV	Campania	83030
Savignano sul Panaro	44.4805382	11.0351093	MO	Emilia-Romagna	41056
Savignano sul Rubicone	44.0925118	12.3991309	FC	Emilia-Romagna	47039
Savignone	44.5641434	8.9895956	GE	Liguria	16010
Saviore dell'Adamello	46.0804970	10.3996630	BS	Lombardia	25040
Savoca	37.9558591	15.3393223	ME	Sicilia	98038
Savogna	46.1802228	13.5521632	UD	Friuli-Venezia Giulia	33040
Savogna d'Isonzo	45.9058822	13.5748641	GO	Friuli-Venezia Giulia	34070
Savoia di Lucania	40.5698130	15.5525620	PZ	Basilicata	85050
Savona	44.3080251	8.4810315	SV	Liguria	17100
Scafa	42.2671380	13.9998060	PE	Abruzzo	65027
Scafati	40.7499887	14.5269491	SA	Campania	84018
Scagnello	44.3333330	7.9864420	CN	Piemonte	12070
Scala	40.6536142	14.6077924	SA	Campania	84010
Scala Coeli	39.4498010	16.8854050	CS	Calabria	87060
Scaldasole	45.1249845	8.9096530	PV	Lombardia	27020
Scalea	39.8166598	15.7905473	CS	Calabria	87029
Scalenghe	44.8917410	7.4925210	TO	Piemonte	10060
Scaletta Zanclea	38.0455908	15.4629156	ME	Sicilia	98029
Scampitella	41.0925220	15.2999500	AV	Campania	83050
Scandale	39.1222128	16.9641231	KR	Calabria	88831
Scandiano	44.5993449	10.6878385	RE	Emilia-Romagna	42019
Scandicci	43.7567104	11.1847619	FI	Toscana	50018
Scandolara Ravara	45.0531197	10.3016995	CR	Lombardia	26040
Scandolara Ripa d'Oglio	45.2210740	10.1597730	CR	Lombardia	26047
Scandriglia	42.1655328	12.8419253	RI	Lazio	02038
Scanno	41.9038608	13.8802130	AQ	Abruzzo	67038
Scano di Montiferro	40.2163299	8.5840920	OR	Sardegna	09078
Scansano	42.6883687	11.3354530	GR	Toscana	58054
Scanzano Jonico	40.2502425	16.6909586	MT	Basilicata	75020
Scanzorosciate	45.7107820	9.7350550	BG	Lombardia	24020
Scapoli	41.6155240	14.0587160	IS	Molise	86070
Scarlino	42.9074021	10.8519749	GR	Toscana	58020
Scarmagno	45.3844560	7.8411190	TO	Piemonte	10010
Scarnafigi	44.6788103	7.5659496	CN	Piemonte	12030
Scarperia e San Piero	44.0109647	11.3313495	FI	Toscana	50038
Scena	46.6900462	11.1865628	BZ	Trentino-Alto Adige	39017
Scerni	42.1117980	14.5700946	CH	Abruzzo	66020
Scheggia e Pascelupo	43.4182657	12.7126783	PG	Umbria	06027
Scheggino	42.7125563	12.8313663	PG	Umbria	06040
Schiavi di Abruzzo	41.8151320	14.4858230	CH	Abruzzo	66045
Schiavon	45.6977089	11.6442826	VI	Veneto	36060
Schignano	45.9200468	9.1001154	CO	Lombardia	22020
Schilpario	46.0089271	10.1565735	BG	Lombardia	24020
Schio	45.7113511	11.3553593	VI	Veneto	36015
Schivenoglia	44.9950936	11.0729809	MN	Lombardia	46020
Sciacca	37.5064786	13.0823323	AG	Sicilia	92019
Sciara	37.9148918	13.7623432	PA	Sicilia	90020
Scicli	36.7935701	14.7069644	RG	Sicilia	97018
Scido	38.2435710	15.9326980	RC	Calabria	89010
Scigliano	39.1286884	16.3082134	CS	Calabria	87057
Scilla	38.2506700	15.7189930	RC	Calabria	89058
Scillato	37.8567237	13.9068535	PA	Sicilia	90020
Sciolze	45.0947913	7.8784734	TO	Piemonte	10090
Scisciano	40.9160130	14.4857350	NA	Campania	80030
Sclafani Bagni	37.8215890	13.8547805	PA	Sicilia	90020
Scontrone	41.7460783	14.0386844	AQ	Abruzzo	67030
Scopa	45.7926779	8.1133666	VC	Piemonte	13027
Scopello	45.7727562	8.0940582	VC	Piemonte	13028
Scoppito	42.3726123	13.2553594	AQ	Abruzzo	67019
Scordia	37.2964289	14.8462387	CT	Sicilia	95048
Scorrano	40.0916230	18.2996290	LE	Puglia	73020
Scorzè	45.5713541	12.1083830	VE	Veneto	30037
Scurcola Marsicana	42.0631280	13.3391940	AQ	Abruzzo	67068
Scurelle	46.0644655	11.5059309	TN	Trentino-Alto Adige	38050
Scurzolengo	44.9657993	8.2784987	AT	Piemonte	14030
Seborga	43.8264190	7.6945450	IM	Liguria	18012
Secinaro	42.1529330	13.6807000	AQ	Abruzzo	67029
Seclì	40.1301258	18.1005072	LE	Puglia	73050
Secugnago	45.2328690	9.5934600	LO	Lombardia	26826
Sedegliano	46.0143714	12.9774296	UD	Friuli-Venezia Giulia	33039
Sedico	46.1109800	12.0971545	BL	Veneto	32036
Sedilo	40.1731514	8.9191225	OR	Sardegna	09076
Sedini	40.8522660	8.8157160	SS	Sardegna	07035
Sedriano	45.4883326	8.9687313	MI	Lombardia	20018
Sedrina	45.7817830	9.6240510	BG	Lombardia	24010
Sefro	43.1472457	12.9486299	MC	Marche	62025
Segariu	39.5644430	8.9816380	SU	Sardegna	09040
Seggiano	42.9288320	11.5582420	GR	Toscana	58038
Segni	41.6920247	13.0233488	RM	Lazio	00037
Segonzano	46.1926368	11.2818727	TN	Trentino-Alto Adige	38047
Segrate	45.4907352	9.2948204	MI	Lombardia	20090
Segusino	45.9166776	11.9538948	TV	Veneto	31040
Selargius	39.2569504	9.1675535	CA	Sardegna	09047
Selci	42.3206768	12.6211875	RI	Lazio	02040
Selegas	39.5678440	9.1041400	SU	Sardegna	09040
Sella Giudicarie	46.0226760	10.6337041	TN	Trentino-Alto Adige	38087
Sellano	42.8884087	12.9263286	PG	Umbria	06030
Sellero	46.0559889	10.3439901	BS	Lombardia	25050
Sellia	38.9822836	16.6296843	CZ	Calabria	88050
Sellia Marina	38.8996253	16.7443298	CZ	Calabria	88050
Selva dei Molini	46.8907465	11.8566601	BZ	Trentino-Alto Adige	39030
Selva di Cadore	46.4513856	12.0345247	BL	Veneto	32020
Selva di Progno	45.6113899	11.1386034	VR	Veneto	37030
Selva di Val Gardena	46.5530897	11.7663052	BZ	Trentino-Alto Adige	39048
Selvazzano Dentro	45.3897901	11.7858919	PD	Veneto	35030
Selvino	45.7811435	9.7516751	BG	Lombardia	24020
Semestene	40.3984560	8.7254210	SS	Sardegna	07010
Semiana	45.1374750	8.7292673	PV	Lombardia	27020
Seminara	38.3350926	15.8712547	RC	Calabria	89028
Semproniano	42.7306583	11.5403457	GR	Toscana	58055
Senago	45.5761376	9.1244464	MI	Lombardia	20030
Senale-San Felice	46.5095314	11.1374225	BZ	Trentino-Alto Adige	39010
Senales	46.7277242	10.8627565	BZ	Trentino-Alto Adige	39020
Seneghe	40.0822490	8.6157230	OR	Sardegna	09070
Senerchia	40.7402630	15.2031500	AV	Campania	83050
Seniga	45.2426740	10.1779730	BS	Lombardia	25020
Senigallia	43.7149517	13.2179488	AN	Marche	60019
Senis	39.8241470	8.9400330	OR	Sardegna	09080
Senise	40.1471578	16.2895010	PZ	Basilicata	85038
Senna Comasco	45.7629770	9.1110400	CO	Lombardia	22070
Senna Lodigiana	45.1516670	9.5938620	LO	Lombardia	26856
Sennariolo	40.2126731	8.5551782	OR	Sardegna	09078
Sennori	40.7894457	8.5916589	SS	Sardegna	07036
Senorbì	39.5350440	9.1301410	SU	Sardegna	09040
Sepino	41.4080240	14.6183310	CB	Molise	86017
Sequals	46.1655224	12.8287759	PN	Friuli-Venezia Giulia	33090
Seravezza	43.9947210	10.2257715	LU	Toscana	55047
Serdiana	39.3742410	9.1589440	SU	Sardegna	09040
Seregno	45.6497230	9.2053999	MB	Lombardia	20831
Seren del Grappa	45.9897551	11.8448999	BL	Veneto	32030
Sergnano	45.4288750	9.7016590	CR	Lombardia	26010
Seriate	45.6843709	9.7179982	BG	Lombardia	24068
Serina	45.8719407	9.7293364	BG	Lombardia	24017
Serino	40.8567145	14.8705656	AV	Campania	83028
Serle	45.5702840	10.3660710	BS	Lombardia	25080
Sermide e Felonica	44.9783301	11.2904305	MN	Lombardia	46028
Sermoneta	41.5493140	12.9848930	LT	Lazio	04013
Sernaglia della Battaglia	45.8747312	12.1331619	TV	Veneto	31020
Sernio	46.2236680	10.2037765	SO	Lombardia	23030
Serole	44.5538867	8.2595548	AT	Piemonte	14050
Serra d'Aiello	39.0902880	16.1274930	CS	Calabria	87030
Serra de' Conti	43.5433100	13.0371913	AN	Marche	60030
Serra Riccò	44.5187134	8.9516232	GE	Liguria	16010
Serra San Bruno	38.5745701	16.3262669	VV	Calabria	89822
Serra San Quirico	43.4476829	13.0138605	AN	Marche	60048
Serra Sant'Abbondio	43.4913868	12.7721968	PU	Marche	61040
Serracapriola	41.8119370	15.1602380	FG	Puglia	71010
Serradifalco	37.4538430	13.8804630	CL	Sicilia	93010
Serralunga d'Alba	44.6106859	8.0005562	CN	Piemonte	12050
Serralunga di Crea	45.1002540	8.2820340	AL	Piemonte	15020
Serramanna	39.4240400	8.9231380	SU	Sardegna	09038
Serramazzoni	44.4224625	10.7891470	MO	Emilia-Romagna	41028
Serramezzana	40.2439478	15.0320589	SA	Campania	84070
Serramonacesca	42.2479944	14.0934448	PE	Abruzzo	65025
Serrapetrona	43.1774304	13.1897524	MC	Marche	62020
Serrara Fontana	40.7179446	13.8935262	NA	Campania	80081
Serrastretta	39.0131890	16.4163000	CZ	Calabria	88040
Serrata	38.5128770	16.1006990	RC	Calabria	89020
Serravalle a Po	45.0728848	11.1005350	MN	Lombardia	46030
Serravalle di Chienti	43.0716751	12.9523861	MC	Marche	62038
Serravalle Langhe	44.5592390	8.0586390	CN	Piemonte	12050
Serravalle Pistoiese	43.9058503	10.8330195	PT	Toscana	51034
Serravalle Scrivia	44.7255798	8.8547001	AL	Piemonte	15069
Serravalle Sesia	45.6855680	8.3109240	VC	Piemonte	13037
Serre	40.5825110	15.1855540	SA	Campania	84028
Serrenti	39.4927706	8.9752276	SU	Sardegna	09027
Serri	39.7017470	9.1441390	SU	Sardegna	09063
Serrone	41.8421210	13.0951920	FR	Lazio	03010
Sersale	39.0108910	16.7269070	CZ	Calabria	88054
Servigliano	43.0816214	13.4937644	FM	Marche	63839
Sessa Aurunca	41.2369344	13.9347304	CE	Campania	81037
Sessa Cilento	40.2592040	15.0757560	SA	Campania	84074
Sessame	44.6695002	8.3372650	AT	Piemonte	14058
Sessano del Molise	41.6381618	14.3315648	IS	Molise	86097
Sesta Godano	44.2939663	9.6757160	SP	Liguria	19020
Sestino	43.7083496	12.2965336	AR	Toscana	52038
Sesto	46.7027433	12.3505440	BZ	Trentino-Alto Adige	39030
Sesto al Reghena	45.8476416	12.8155309	PN	Friuli-Venezia Giulia	33079
Sesto Calende	45.7239553	8.6343618	VA	Lombardia	21018
Sesto Campano	41.4204200	14.0778190	IS	Molise	86078
Sesto ed Uniti	45.1864365	9.9351282	CR	Lombardia	26028
Sesto Fiorentino	43.8317210	11.1992239	FI	Toscana	50019
Sesto San Giovanni	45.5357218	9.2376549	MI	Lombardia	20099
Sestola	44.2304550	10.7714040	MO	Emilia-Romagna	41029
Sestri Levante	44.2714526	9.3958627	GE	Liguria	16039
Sestriere	44.9584528	6.8786855	TO	Piemonte	10058
Sestu	39.2942475	9.0929717	CA	Sardegna	09028
Settala	45.4544127	9.3867659	MI	Lombardia	20090
Settefrati	41.6696240	13.8500110	FR	Lazio	03040
Settime	44.9624663	8.1139701	AT	Piemonte	14020
Settimo Milanese	45.4794715	9.0546807	MI	Lombardia	20019
Settimo Rottaro	45.4077580	7.9935220	TO	Piemonte	10010
Settimo San Pietro	39.2917400	9.1851450	CA	Sardegna	09060
Settimo Torinese	45.1373354	7.7710152	TO	Piemonte	10036
Settimo Vittone	45.5497600	7.8322160	TO	Piemonte	10010
Settingiano	38.9113880	16.5139030	CZ	Calabria	88040
Setzu	39.7229450	8.9392350	SU	Sardegna	09029
Seui	39.8405640	9.3212295	SU	Sardegna	09064
Seulo	39.8704122	9.2357358	SU	Sardegna	09065
Seveso	45.6434655	9.1373787	MB	Lombardia	20822
Sezzadio	44.7848490	8.5725460	AL	Piemonte	15079
Sezze	41.4984145	13.0592171	LT	Lazio	04018
Sfruz	46.3371552	11.1157568	TN	Trentino-Alto Adige	38010
Sgonico	45.7360238	13.7482449	TS	Friuli-Venezia Giulia	34010
Sgurgola	41.6709477	13.1489087	FR	Lazio	03010
Siamaggiore	39.9501470	8.6360250	OR	Sardegna	09070
Siamanna	39.9207820	8.7610449	OR	Sardegna	09080
Siano	40.8040262	14.6884317	SA	Campania	84088
Siapiccia	39.9279480	8.7621280	OR	Sardegna	09080
Sicignano degli Alburni	40.5603110	15.3039570	SA	Campania	84029
Siculiana	37.3380858	13.4219962	AG	Sicilia	92010
Siddi	39.6721984	8.8883714	SU	Sardegna	09020
Siderno	38.2761626	16.2981599	RC	Calabria	89048
Siena	43.3185536	11.3316533	SI	Toscana	53100
Sigillo	43.3313496	12.7422841	PG	Umbria	06028
Signa	43.7806931	11.0964527	FI	Toscana	50058
Silandro	46.6280688	10.7734765	BZ	Trentino-Alto Adige	39028
Silanus	40.2888641	8.8904930	NU	Sardegna	08017
Silea	45.6533500	12.2960979	TV	Veneto	31057
Siligo	40.5764803	8.7272730	SS	Sardegna	07040
Siliqua	39.3002370	8.8087380	SU	Sardegna	09010
Silius	39.5167450	9.2935450	SU	Sardegna	09040
Sillano Giuncugnano	44.2545057	10.3157169	LU	Toscana	55039
Sillavengo	45.5206650	8.4410300	NO	Piemonte	28064
Silvano d'Orba	44.6869148	8.6749599	AL	Piemonte	15060
Silvano Pietra	45.0403699	8.9476057	PV	Lombardia	27050
Silvi	42.5487923	14.1187686	TE	Abruzzo	64028
Simala	39.7216440	8.8267320	OR	Sardegna	09090
Simaxis	39.9303470	8.6921270	OR	Sardegna	09088
Simbario	38.6121086	16.3349191	VV	Calabria	89822
Simeri Crichi	38.9549890	16.6411050	CZ	Calabria	88050
Sinagra	38.0830509	14.8493379	ME	Sicilia	98069
Sinalunga	43.2121236	11.7364829	SI	Toscana	53048
Sindia	40.2962162	8.6562562	NU	Sardegna	08018
Sini	39.7541460	8.9043340	OR	Sardegna	09090
Sinio	44.6003390	8.0199380	CN	Piemonte	12050
Siniscola	40.5731874	9.6939750	NU	Sardegna	08029
Sinnai	39.3042403	9.2035381	CA	Sardegna	09048
Sinopoli	38.2637710	15.8784970	RC	Calabria	89020
Siracusa	37.0646139	15.2907196	SR	Sicilia	96100
Sirignano	40.9510139	14.6315945	AV	Campania	83020
Siris	39.7126440	8.7748320	OR	Sardegna	09090
Sirmione	45.4688494	10.6078237	BS	Lombardia	25019
Sirolo	43.5246892	13.6178462	AN	Marche	60020
Sirone	45.7726800	9.3221440	LC	Lombardia	23844
Sirtori	45.7365790	9.3308450	LC	Lombardia	23896
Sissa Trecasali	44.9455937	10.2799467	PR	Emilia-Romagna	43018
Siurgus Donigala	39.6003450	9.1890410	SU	Sardegna	09040
Siziano	45.3174678	9.2011222	PV	Lombardia	27010
Sizzano	45.5774670	8.4373290	NO	Piemonte	28070
Sluderno	46.6645383	10.5848173	BZ	Trentino-Alto Adige	39020
Smerillo	43.0051500	13.4449820	FM	Marche	63856
Soave	45.4202303	11.2477220	VR	Veneto	37038
Socchieve	46.3970697	12.8480544	UD	Friuli-Venezia Giulia	33020
Soddì	40.1304530	8.8784280	OR	Sardegna	09080
Sogliano al Rubicone	44.0046630	12.3005410	FC	Emilia-Romagna	47030
Sogliano Cavour	40.1488230	18.1952260	LE	Puglia	73010
Soglio	44.9962983	8.0785144	AT	Piemonte	14020
Soiano del Lago	45.5277840	10.5126750	BS	Lombardia	25080
Solagna	45.8167214	11.7181699	VI	Veneto	36020
Solarino	37.1009166	15.1192778	SR	Sicilia	96010
Solaro	45.6175264	9.0810206	MI	Lombardia	20020
Solarolo	45.5501278	10.5513093	RA	Emilia-Romagna	48027
Solarolo Rainerio	45.0815720	10.3562800	CR	Lombardia	26030
Solarussa	39.9557470	8.6715260	OR	Sardegna	09077
Solbiate Arno	45.7190562	8.8143443	VA	Lombardia	21048
Solbiate con Cagno	45.8004421	8.9154054	CO	Lombardia	22043
Solbiate Olona	45.6513793	8.8877510	VA	Lombardia	21058
Soldano	43.8283447	7.6542098	IM	Liguria	18036
Soleminis	39.3479629	9.1817083	SU	Sardegna	09040
Solero	44.9184984	8.5119024	AL	Piemonte	15029
Solesino	45.1773324	11.7433722	PD	Veneto	35047
Soleto	40.1877075	18.2073718	LE	Puglia	73010
Solferino	45.3685810	10.5666790	MN	Lombardia	46040
Soliera	44.7383497	10.9247932	MO	Emilia-Romagna	41019
Solignano	44.6130570	9.9754800	PR	Emilia-Romagna	43046
Solofra	40.8291308	14.8456516	AV	Campania	83029
Solonghello	45.1290540	8.2832340	AL	Piemonte	15020
Solopaca	41.1945665	14.5533628	BN	Campania	82036
Solto Collina	45.7817845	10.0252033	BG	Lombardia	24060
Solza	45.6771433	9.4889369	BG	Lombardia	24030
Somaglia	45.1467201	9.6379307	LO	Lombardia	26867
Somano	44.5353380	8.0078390	CN	Piemonte	12060
Somma Lombardo	45.6836207	8.7070874	VA	Lombardia	21019
Somma Vesuviana	40.8716147	14.4361417	NA	Campania	80049
Sommacampagna	45.4077839	10.8408526	VR	Veneto	37066
Sommariva del Bosco	44.7687410	7.7853300	CN	Piemonte	12048
Sommariva Perno	44.7456420	7.9006330	CN	Piemonte	12040
Sommatino	37.3342349	13.9911109	CL	Sicilia	93019
Sommo	45.1306498	9.0833839	PV	Lombardia	27048
Sona	45.4334380	10.8327372	VR	Veneto	37060
Soncino	45.3989753	9.8744242	CR	Lombardia	26029
Sondalo	46.3313920	10.3248633	SO	Lombardia	23035
Sondrio	46.1713553	9.8734274	SO	Lombardia	23100
Songavazzo	45.8801495	9.9897924	BG	Lombardia	24020
Sonico	46.1654990	10.3528600	BS	Lombardia	25048
Sonnino	41.4142717	13.2415295	LT	Lazio	04010
Sora	41.7203358	13.6139576	FR	Lazio	03039
Soraga di Fassa	46.3940592	11.6717683	TN	Trentino-Alto Adige	38030
Soragna	44.9281878	10.1235973	PR	Emilia-Romagna	43019
Sorano	42.6814665	11.7135722	GR	Toscana	58010
Sorbo San Basile	39.0193900	16.5691030	CZ	Calabria	88050
Sorbo Serpico	40.9169278	14.8870973	AV	Campania	83050
Sorbolo Mezzani	44.9000966	10.4421595	PR	Emilia-Romagna	43058
Sordevolo	45.5736385	7.9742451	BI	Piemonte	13817
Sordio	45.3411434	9.3656930	LO	Lombardia	26858
Soresina	45.2864730	9.8569650	CR	Lombardia	26015
Sorgà	45.2134004	10.9793623	VR	Veneto	37060
Sorgono	40.0259520	9.1020340	NU	Sardegna	08038
Sori	44.3716671	9.1027489	GE	Liguria	16031
Sorianello	38.5932800	16.2319010	VV	Calabria	89831
Soriano Calabro	38.5969341	16.2303554	VV	Calabria	89831
Soriano nel Cimino	42.4187606	12.2343075	VT	Lazio	01038
Sorico	46.1722601	9.3799475	CO	Lombardia	22010
Soriso	45.7417373	8.4097034	NO	Piemonte	28010
Sorisole	45.7445793	9.6611952	BG	Lombardia	24010
Sormano	45.8777820	9.2487410	CO	Lombardia	22030
Sorradile	40.1064530	8.9330290	OR	Sardegna	09080
Sorrento	40.6249060	14.3748360	NA	Campania	80067
Sorso	40.7965949	8.5778501	SS	Sardegna	07037
Sortino	37.1568537	15.0277160	SR	Sicilia	96010
Sospiro	45.1085710	10.1576750	CR	Lombardia	26048
Sospirolo	46.1427254	12.0749943	BL	Veneto	32037
Sossano	45.3587770	11.5100293	VI	Veneto	36040
Sostegno	45.6528539	8.2697006	BI	Piemonte	13868
Sotto il Monte Giovanni XXIII	45.7057753	9.4996718	BG	Lombardia	24039
Sover	46.2217090	11.3156810	TN	Trentino-Alto Adige	38048
Soverato	38.6877170	16.5500442	CZ	Calabria	88068
Sovere	45.8207236	10.0230979	BG	Lombardia	24060
Soveria Mannelli	39.0828900	16.3718980	CZ	Calabria	88049
Soveria Simeri	38.9465890	16.6801060	CZ	Calabria	88050
Soverzene	46.2035747	12.3030549	BL	Veneto	32010
Sovicille	43.2806018	11.2281756	SI	Toscana	53018
Sovico	45.6485558	9.2648372	MB	Lombardia	20845
Sovizzo	45.5280283	11.4456338	VI	Veneto	36050
Sovramonte	46.0568239	11.7881622	BL	Veneto	32030
Sozzago	45.3985650	8.7203380	NO	Piemonte	28060
Spadafora	38.2237670	15.3792860	ME	Sicilia	98048
Spadola	38.6038025	16.3370750	VV	Calabria	89822
Sparanise	41.1868150	14.0937220	CE	Campania	81056
Sparone	45.4138540	7.5434120	TO	Piemonte	10080
Specchia	39.9371200	18.2976310	LE	Puglia	73040
Spello	42.9909451	12.6717751	PG	Umbria	06038
Sperlinga	37.7655191	14.3516256	EN	Sicilia	94010
Sperlonga	41.2602120	13.4331070	LT	Lazio	04029
Sperone	40.9523593	14.6032798	AV	Campania	83020
Spessa	45.1127279	9.3494300	PV	Lombardia	27010
Spezzano Albanese	39.6688010	16.3104900	CS	Calabria	87019
Spezzano della Sila	39.2994106	16.3394496	CS	Calabria	87058
Spiazzo	46.1036010	10.7393700	TN	Trentino-Alto Adige	38088
Spigno Monferrato	44.5431410	8.3339460	AL	Piemonte	15018
Spigno Saturnia	41.3115150	13.7357130	LT	Lazio	04020
Spilamberto	44.5334130	11.0240826	MO	Emilia-Romagna	41057
Spilimbergo	46.1113355	12.9016287	PN	Friuli-Venezia Giulia	33097
Spilinga	38.6284125	15.9061776	VV	Calabria	89864
Spinadesco	45.1487508	9.9296724	CR	Lombardia	26020
Spinazzola	40.9691675	16.0880070	BT	Puglia	76014
Spinea	45.4911604	12.1650180	VE	Veneto	30038
Spineda	45.0603009	10.5133806	CR	Lombardia	26030
Spinete	41.5449260	14.4862260	CB	Molise	86020
Spineto Scrivia	44.8373530	8.8737520	AL	Piemonte	15050
Spinetoli	42.8891265	13.7729827	AP	Marche	63078
Spino d'Adda	45.3930268	9.4855954	CR	Lombardia	26016
Spinone al Lago	45.7674850	9.9241580	BG	Lombardia	24060
Spinoso	40.2696937	15.9667687	PZ	Basilicata	85039
Spirano	45.5820780	9.6688560	BG	Lombardia	24050
Spoleto	42.7342971	12.7382035	PG	Umbria	06049
Spoltore	42.4552037	14.1406198	PE	Abruzzo	65010
Spongano	40.0178220	18.3656320	LE	Puglia	73038
Spormaggiore	46.2177519	11.0482682	TN	Trentino-Alto Adige	38010
Sporminore	46.2368070	11.0302740	TN	Trentino-Alto Adige	38010
Spotorno	44.2272571	8.4191772	SV	Liguria	17028
Spresiano	45.7803913	12.2593456	TV	Veneto	31027
Spriana	46.2203043	9.8642208	SO	Lombardia	23020
Squillace	38.7794850	16.5122050	CZ	Calabria	88069
Squinzano	40.4365280	18.0418200	LE	Puglia	73018
Staffolo	43.4330744	13.1861996	AN	Marche	60039
Stagno Lombardo	45.0731571	10.0892046	CR	Lombardia	26049
Staiti	38.0000680	16.0328030	RC	Calabria	89030
Stalettì	38.7654850	16.5376050	CZ	Calabria	88069
Stanghella	45.1346243	11.7560481	PD	Veneto	35048
Staranzano	45.8058213	13.5002599	GO	Friuli-Venezia Giulia	34079
Statte	40.5632250	17.2097990	TA	Puglia	74010
Stazzano	44.7273945	8.8677285	AL	Piemonte	15060
Stazzema	44.0115548	10.3135342	LU	Toscana	55040
Stazzona	46.1384847	9.2746824	CO	Lombardia	22010
Stefanaconi	38.6778810	16.1241970	VV	Calabria	89843
Stella	44.4047212	8.5015651	SV	Liguria	17044
Stella Cilento	40.2318030	15.0928570	SA	Campania	84070
Stellanello	44.0004199	8.0580389	SV	Liguria	17020
Stelvio	46.5424387	10.5578294	BZ	Trentino-Alto Adige	39029
Stenico	46.0521680	10.8540886	TN	Trentino-Alto Adige	38070
Sternatia	40.2221250	18.2252260	LE	Puglia	73010
Stezzano	45.6513805	9.6535097	BG	Lombardia	24040
Stienta	44.9378374	11.5444126	RO	Veneto	45039
Stigliano	40.4012383	16.2315939	MT	Basilicata	75018
Stignano	38.4160780	16.4703080	RC	Calabria	89040
Stilo	38.4766124	16.4672633	RC	Calabria	89049
Stimigliano	42.2993298	12.5657272	RI	Lazio	02048
Stintino	40.9391620	8.2255030	SS	Sardegna	07040
Stio	40.3100055	15.2526788	SA	Campania	84075
Stornara	41.2886250	15.7680575	FG	Puglia	71047
Stornarella	41.2563799	15.7297876	FG	Puglia	71048
Storo	45.8490749	10.5799139	TN	Trentino-Alto Adige	38089
Stra	45.4168454	12.0023037	VE	Veneto	30039
Stradella	45.0773563	9.2950171	PV	Lombardia	27049
Strambinello	45.4226958	7.7684364	TO	Piemonte	10010
Strambino	45.3814570	7.8857200	TO	Piemonte	10019
Strangolagalli	41.6010682	13.4919694	FR	Lazio	03020
Stregna	46.1315490	13.6035977	UD	Friuli-Venezia Giulia	33040
Strembo	46.1199120	10.7514518	TN	Trentino-Alto Adige	38080
Stresa	45.8837277	8.5390268	VB	Piemonte	28838
Strevi	44.6981460	8.5218470	AL	Piemonte	15019
Striano	40.8158549	14.5764685	NA	Campania	80040
Strona	45.6165650	8.1691220	BI	Piemonte	13823
Stroncone	42.5023320	12.6599730	TR	Umbria	05039
Strongoli	39.2639586	17.0520257	KR	Calabria	88816
Stroppiana	45.2302456	8.4537321	VC	Piemonte	13010
Stroppo	44.5068575	7.1258282	CN	Piemonte	12020
Strozza	45.7730820	9.5774500	BG	Lombardia	24030
Sturno	41.0198267	15.1113184	AV	Campania	83055
Suardi	45.0346560	8.7429450	PV	Lombardia	27030
Subbiano	43.5748479	11.8703692	AR	Toscana	52010
Subiaco	41.9267153	13.0944317	RM	Lazio	00028
Succivo	40.9680120	14.2556290	CE	Campania	81030
Sueglio	46.0860608	9.3323598	LC	Lombardia	23835
Suelli	39.5627440	9.1321410	SU	Sardegna	09040
Suello	45.8167810	9.3115430	LC	Lombardia	23867
Suisio	45.6559017	9.5001537	BG	Lombardia	24040
Sulbiate	45.6339993	9.4206842	MB	Lombardia	20884
Sulmona	42.0474231	13.9270110	AQ	Abruzzo	67039
Sulzano	45.6903850	10.1009630	BS	Lombardia	25058
Sumirago	45.7392252	8.7810037	VA	Lombardia	21040
Summonte	40.9494876	14.7448045	AV	Campania	83010
Suni	40.2808530	8.5494190	OR	Sardegna	09090
Suno	45.6333690	8.5428300	NO	Piemonte	28019
Supersano	40.0177210	18.2432290	LE	Puglia	73040
Supino	41.6102092	13.2247310	FR	Lazio	03019
Surano	40.0283220	18.3451310	LE	Puglia	73030
Surbo	40.3960280	18.1334220	LE	Puglia	73010
Susa	45.1372115	7.0539789	TO	Piemonte	10059
Susegana	45.8509126	12.2500126	TV	Veneto	31058
Sustinente	45.0692724	11.0196043	MN	Lombardia	46030
Sutera	37.5252277	13.7313165	CL	Sicilia	93010
Sutri	42.2470230	12.2150670	VT	Lazio	01015
Sutrio	46.5120020	12.9907568	UD	Friuli-Venezia Giulia	33020
Suvereto	43.0790150	10.6786806	LI	Toscana	57028
Suzzara	44.9918730	10.7430900	MN	Lombardia	46029
Taceno	46.0244860	9.3639400	LC	Lombardia	23837
Tadasuni	40.1104579	8.8837442	OR	Sardegna	09080
Taggia	43.8614402	7.8522764	IM	Liguria	18018
Tagliacozzo	42.0693270	13.2546920	AQ	Abruzzo	67069
Taglio di Po	45.0057769	12.2107983	RO	Veneto	45019
Tagliolo Monferrato	44.6383460	8.6658510	AL	Piemonte	15070
Taibon Agordino	46.2987816	12.0126535	BL	Veneto	32027
Taino	45.7643442	8.6150606	VA	Lombardia	21020
Taipana	46.2586826	13.3459157	UD	Friuli-Venezia Giulia	33040
Talamello	43.9049899	12.2858982	RN	Emilia-Romagna	47867
Talamona	46.1360901	9.6105308	SO	Lombardia	23018
Talana	40.0420560	9.4965410	NU	Sardegna	08040
Taleggio	45.9183442	9.5702913	BG	Lombardia	24010
Talla	43.6015412	11.7880200	AR	Toscana	52010
Talmassons	45.9295576	13.1170643	UD	Friuli-Venezia Giulia	33030
Tambre	46.1294730	12.4227127	BL	Veneto	32010
Taormina	37.8517921	15.2856523	ME	Sicilia	98039
Tarano	42.3559280	12.5949730	RI	Lazio	02040
Taranta Peligna	42.0208340	14.1705130	CH	Abruzzo	66018
Tarantasca	44.4936793	7.5436775	CN	Piemonte	12020
Taranto	40.4712427	17.2432278	TA	Puglia	74121,74122,74123
Tarcento	46.2156457	13.2221061	UD	Friuli-Venezia Giulia	33017
Tarquinia	42.2532394	11.7591747	VT	Lazio	01016
Tarsia	39.6209000	16.2716900	CS	Calabria	87040
Tartano	46.1032281	9.6869328	SO	Lombardia	23010
Tarvisio	46.5052624	13.5783734	UD	Friuli-Venezia Giulia	33018
Tarzo	45.9735216	12.2316099	TV	Veneto	31020
Tassarolo	44.7285490	8.7715520	AL	Piemonte	15060
Taurano	40.8840691	14.6340056	AV	Campania	83020
Taurasi	41.0083503	14.9574387	AV	Campania	83030
Taurianova	38.3550541	16.0147781	RC	Calabria	89029
Taurisano	39.9566190	18.2141290	LE	Puglia	73056
Tavagnacco	46.1273936	13.2140999	UD	Friuli-Venezia Giulia	33010
Tavagnasco	45.5439654	7.8220415	TO	Piemonte	10010
Tavazzano con Villavesco	45.3340916	9.4036520	LO	Lombardia	26838
Tavenna	41.9086360	14.7625270	CB	Molise	86030
Taverna	39.0217900	16.5818030	CZ	Calabria	88055
Tavernerio	45.8024262	9.1464359	CO	Lombardia	22038
Tavernola Bergamasca	45.7093850	10.0462620	BG	Lombardia	24060
Tavernole sul Mella	45.7469870	10.2405650	BS	Lombardia	25060
Taviano	39.9835190	18.0868260	LE	Puglia	73057
Tavigliano	45.6232581	8.0528811	BI	Piemonte	13811
Tavoleto	43.8438497	12.5939243	PU	Marche	61020
Tavullia	43.8977564	12.7547897	PU	Marche	61010
Teana	40.1248090	16.1517810	PZ	Basilicata	85032
Teano	41.2510841	14.0671513	CE	Campania	81057
Teggiano	40.3792090	15.5404650	SA	Campania	84039
Teglio	46.1726750	10.0641264	SO	Lombardia	23036
Teglio Veneto	45.8175120	12.8850240	VE	Veneto	30025
Telese Terme	41.2164141	14.5270004	BN	Campania	82037
Telgate	45.6288810	9.8516590	BG	Lombardia	24060
Telti	40.8763710	9.3528270	SS	Sardegna	07020
Telve	46.0713276	11.4795917	TN	Trentino-Alto Adige	38050
Telve di Sopra	46.0713520	11.4716722	TN	Trentino-Alto Adige	38050
Tempio Pausania	40.8973821	9.1035159	SS	Sardegna	07029
Temù	46.2492143	10.4680500	BS	Lombardia	25050
Tenna	46.0157030	11.2642830	TN	Trentino-Alto Adige	38050
Tenno	45.9187970	10.8327750	TN	Trentino-Alto Adige	38060
Teolo	45.3654210	11.6886055	PD	Veneto	35037
Teora	40.8526324	15.2526788	AV	Campania	83056
Teramo	42.6612893	13.6983524	TE	Abruzzo	64100
Terdobbiate	45.3765640	8.6952380	NO	Piemonte	28070
Terelle	41.5521210	13.7784110	FR	Lazio	03040
Terento	46.8288003	11.7760163	BZ	Trentino-Alto Adige	39030
Terenzo	44.6099580	10.0896820	PR	Emilia-Romagna	43040
Tergu	40.8674650	8.7167140	SS	Sardegna	07030
Terlano	46.5293011	11.2486777	BZ	Trentino-Alto Adige	39018
Terlizzi	41.1302336	16.5424713	BA	Puglia	70038
Terme Vigliatore	38.1367636	15.1626753	ME	Sicilia	98050
Termeno sulla strada del vino	46.3415121	11.2422716	BZ	Trentino-Alto Adige	39040
Termini Imerese	37.9836510	13.6955540	PA	Sicilia	90018
Termoli	41.9983273	14.9939366	CB	Molise	86039
Ternate	45.7822863	8.6903182	VA	Lombardia	21020
Ternengo	45.5897478	8.1160279	BI	Piemonte	13844
Terni	42.5641417	12.6405466	TR	Umbria	05100
Terno d'Isola	45.6854790	9.5309510	BG	Lombardia	24030
Terracina	41.2871196	13.2492009	LT	Lazio	04019
Terragnolo	45.8652491	11.1774221	TN	Trentino-Alto Adige	38060
Terralba	39.7203011	8.6361253	OR	Sardegna	09098
Terranova da Sibari	39.6569010	16.3394910	CS	Calabria	87010
Terranova dei Passerini	45.1983201	9.6771207	LO	Lombardia	26827
Terranova di Pollino	39.9781070	16.2962860	PZ	Basilicata	85030
Terranova Sappo Minulio	38.3226730	16.0074990	RC	Calabria	89010
Terranuova Bracciolini	43.5512080	11.5858271	AR	Toscana	52028
Terrasini	38.1528221	13.0821216	PA	Sicilia	90049
Terrassa Padovana	45.2452683	11.9033814	PD	Veneto	35020
Terravecchia	39.4649010	16.9460060	CS	Calabria	87060
Terrazzo	45.1733088	11.3986130	VR	Veneto	37040
Terre d'Adige	46.1639013	11.0692404	TN	Trentino-Alto Adige	38097
Terre del Reno	44.8121549	11.4043878	FE	Emilia-Romagna	44047
Terre Roveresche	43.7005870	12.9577078	PU	Marche	61038
Terricciola	43.5247380	10.6801140	PI	Toscana	56030
Terruggia	45.0822550	8.4432380	AL	Piemonte	15030
Tertenia	39.6967569	9.5776838	NU	Sardegna	08047
Terzigno	40.8124424	14.4964843	NA	Campania	80040
Terzo	44.6704450	8.4216450	AL	Piemonte	15010
Terzo d'Aquileia	45.8008548	13.3457543	UD	Friuli-Venezia Giulia	33050
Terzolas	46.3616048	10.9260882	TN	Trentino-Alto Adige	38027
Terzorio	43.8523210	7.8983490	IM	Liguria	18010
Tesero	46.2904160	11.5119770	TN	Trentino-Alto Adige	38038
Tesimo	46.5638983	11.1694971	BZ	Trentino-Alto Adige	39010
Tessennano	42.4782061	11.7904865	VT	Lazio	01010
Testico	44.0056260	8.0292490	SV	Liguria	17020
Teti	40.0957540	9.1181330	NU	Sardegna	08030
Teulada	38.9674300	8.7722420	SU	Sardegna	09019
Teverola	40.9955725	14.2073729	CE	Campania	81030
Tezze sul Brenta	45.6861778	11.7041837	VI	Veneto	36056
Thiene	45.7057667	11.4802561	VI	Veneto	36016
Thiesi	40.5248590	8.7164190	SS	Sardegna	07047
Tiana	40.0684540	9.1473340	NU	Sardegna	08020
Ticengo	45.3692740	9.8276630	CR	Lombardia	26020
Ticineto	45.0980265	8.5556585	AL	Piemonte	15040
Tiggiano	39.9058190	18.3644330	LE	Puglia	73030
Tiglieto	44.5245575	8.6192573	GE	Liguria	16010
Tigliole	44.8869520	8.0753546	AT	Piemonte	14016
Tignale	45.7397806	10.7217649	BS	Lombardia	25080
Tinnura	40.2690518	8.5482204	OR	Sardegna	09090
Tione degli Abruzzi	42.2040660	13.6353963	AQ	Abruzzo	67020
Tione di Trento	46.0363045	10.7269092	TN	Trentino-Alto Adige	38079
Tirano	46.2156719	10.1731777	SO	Lombardia	23037
Tires	46.4673482	11.5274800	BZ	Trentino-Alto Adige	39050
Tiriolo	38.9472804	16.5085552	CZ	Calabria	88056
Tirolo	46.6911008	11.1542233	BZ	Trentino-Alto Adige	39019
Tissi	40.6776730	8.5626999	SS	Sardegna	07040
Tito	40.5836150	15.6754650	PZ	Basilicata	85050
Tivoli	41.9609220	12.7988840	RM	Lazio	00019
Tizzano Val Parma	44.5205442	10.1991991	PR	Emilia-Romagna	43028
Toano	44.3763570	10.5611970	RE	Emilia-Romagna	42010
Tocco Caudio	41.1251593	14.6342676	BN	Campania	82030
Tocco da Casauria	42.2142923	13.9135727	PE	Abruzzo	65028
Toceno	46.1440971	8.4684425	VB	Piemonte	28858
Todi	42.7824434	12.4062554	PG	Umbria	06059
Toffia	42.2124043	12.7514740	RI	Lazio	02039
Toirano	44.1275300	8.2048500	SV	Liguria	17055
Tolentino	43.2087546	13.2844096	MC	Marche	62029
Tolfa	42.1496129	11.9381951	RM	Lazio	00059
Tollegno	45.5930492	8.0516761	BI	Piemonte	13818
Tollo	42.3479974	14.3180840	CH	Abruzzo	66010
Tolmezzo	46.4295026	13.0561666	UD	Friuli-Venezia Giulia	33028
Tolve	40.6942190	16.0162710	PZ	Basilicata	85017
Tombolo	45.6470275	11.8304219	PD	Veneto	35019
Ton	46.2591565	11.1016547	TN	Trentino-Alto Adige	38010
Tonara	40.0251345	9.1731440	NU	Sardegna	08039
Tonco	45.0244508	8.1900358	AT	Piemonte	14039
Tonezza del Cimone	45.8571903	11.3460379	VI	Veneto	36040
Tora e Piccilli	41.3386094	14.0224981	CE	Campania	81044
Torano Castello	39.5062960	16.1455880	CS	Calabria	87010
Torano Nuovo	42.8230480	13.7772930	TE	Abruzzo	64010
Torbole Casaglia	45.5053097	10.1024645	BS	Lombardia	25030
Torcegno	46.0743070	11.4497870	TN	Trentino-Alto Adige	38050
Torchiara	40.3229668	15.0523949	SA	Campania	84076
Torchiarolo	40.4840290	18.0516190	BR	Puglia	72020
Torella dei Lombardi	40.9405254	15.1153565	AV	Campania	83057
Torella del Sannio	41.6398280	14.5195260	CB	Molise	86028
Torgiano	43.0285420	12.4413600	PG	Umbria	06089
Torgnon	45.8239597	7.5657282	AO	Valle d'Aosta	11020
Torino	45.0677551	7.6824892	TO	Piemonte	10121,10122,10123,10124,10125,10126,10127,10128,10129,10130,10131,10132,10133,10134,10135,10136,10137,10138,10139,10140,10141,10142,10143,10144,10145,10146,10147,10148,10149,10150,10151,10152,10153,10154,10155,10156
Torino di Sangro	42.1881400	14.5408190	CH	Abruzzo	66020
Toritto	40.9982301	16.6797789	BA	Puglia	70020
Torlino Vimercati	45.4179618	9.5947015	CR	Lombardia	26017
Tornaco	45.3575640	8.7159390	NO	Piemonte	28070
Tornareccio	42.0381360	14.4161180	CH	Abruzzo	66046
Tornata	45.1043730	10.4307810	CR	Lombardia	26030
Tornimparte	42.2905404	13.2666188	AQ	Abruzzo	67049
Torno	45.8575910	9.1162943	CO	Lombardia	22020
Tornolo	44.4852510	9.6252740	PR	Emilia-Romagna	43059
Toro	41.5724280	14.7649320	CB	Molise	86018
Torpè	40.6279690	9.6773370	NU	Sardegna	08020
Torraca	40.1125325	15.6352367	SA	Campania	84030
Torralba	40.5129590	8.7653200	SS	Sardegna	07048
Torrazza Coste	44.9759482	9.0878226	PV	Lombardia	27050
Torrazza Piemonte	45.2154216	7.9745034	TO	Piemonte	10037
Torrazzo	45.4983802	7.9536482	BI	Piemonte	13884
Torre Annunziata	40.7525236	14.4550044	NA	Campania	80058
Torre Beretti e Castellaro	45.0756143	8.6905276	PV	Lombardia	27030
Torre Boldone	45.7162722	9.7081894	BG	Lombardia	24020
Torre Bormida	44.5627400	8.1544410	CN	Piemonte	12050
Torre Cajetani	41.7877197	13.2672973	FR	Lazio	03010
Torre Canavese	45.3920560	7.7598180	TO	Piemonte	10010
Torre d'Arese	45.2426037	9.3172552	PV	Lombardia	27010
Torre d'Isola	45.2183509	9.0764193	PV	Lombardia	27020
Torre de' Busi	45.7745656	9.4803770	BG	Lombardia	23806
Torre de' Negri	45.1496650	9.3345560	PV	Lombardia	27011
Torre de' Passeri	42.2418907	13.9309668	PE	Abruzzo	65029
Torre de' Picenardi	45.1435730	10.2868770	CR	Lombardia	26038
Torre de' Roveri	45.7008221	9.7735143	BG	Lombardia	24060
Torre del Greco	40.7879211	14.3682813	NA	Campania	80059
Torre di Mosto	45.6905428	12.7104204	VE	Veneto	30020
Torre di Ruggiero	38.6533820	16.3728030	CZ	Calabria	88060
Torre di Santa Maria	46.2335291	9.8516040	SO	Lombardia	23020
Torre Le Nocelle	41.0231180	14.9093430	AV	Campania	83030
Torre Mondovì	44.3528320	7.8996400	CN	Piemonte	12080
Torre Orsaia	40.1333040	15.4732660	SA	Campania	84077
Torre Pallavicina	45.4470628	9.8692461	BG	Lombardia	24050
Torre Pellice	44.8207682	7.2237145	TO	Piemonte	10066
Torre San Giorgio	44.7357389	7.5281276	CN	Piemonte	12030
Torre San Patrizio	43.1828550	13.6127840	FM	Marche	63814
Torre Santa Susanna	40.4656270	17.7356120	BR	Puglia	72028
Torreano	46.1285250	13.4311320	UD	Friuli-Venezia Giulia	33040
Torrebelvicino	45.7189390	11.3088339	VI	Veneto	36036
Torrebruna	41.8681330	14.5408230	CH	Abruzzo	66050
Torrecuso	41.1897400	14.6800554	BN	Campania	82030
Torreglia	45.3356668	11.7336397	PD	Veneto	35038
Torregrotta	38.1916373	15.3524394	ME	Sicilia	98040
Torremaggiore	41.6876620	15.2895719	FG	Puglia	71017
Torrenova	38.0898459	14.6788787	ME	Sicilia	98070
Torresina	44.4336390	8.0367451	CN	Piemonte	12070
Torretta	38.1300612	13.2335013	PA	Sicilia	90040
Torrevecchia Pia	45.2832419	9.2966505	PV	Lombardia	27010
Torrevecchia Teatina	42.3817643	14.2092674	CH	Abruzzo	66010
Torri del Benaco	45.6094493	10.6873869	VR	Veneto	37010
Torri di Quartesolo	45.5192662	11.6171199	VI	Veneto	36040
Torri in Sabina	42.3530290	12.6385740	RI	Lazio	02049
Torrice	41.6297190	13.3984010	FR	Lazio	03020
Torricella	40.3540623	17.4993924	TA	Puglia	74020
Torricella del Pizzo	45.0196019	10.2926531	CR	Lombardia	26040
Torricella in Sabina	42.2633290	12.8700810	RI	Lazio	02030
Torricella Peligna	42.0245340	14.2591150	CH	Abruzzo	66019
Torricella Sicura	42.6575672	13.6555197	TE	Abruzzo	64010
Torricella Verzate	45.0179256	9.1755821	PV	Lombardia	27050
Torriglia	44.5193954	9.1583522	GE	Liguria	16029
Torrile	44.8988504	10.3394973	PR	Emilia-Romagna	43056
Torrioni	41.0334531	14.8130228	AV	Campania	83010
Torrita di Siena	43.1667601	11.7716466	SI	Toscana	53049
Torrita Tiberina	42.2359097	12.6189770	RM	Lazio	00060
Tortolì	39.9266045	9.6591551	NU	Sardegna	08048
Tortona	44.8971787	8.8655632	AL	Piemonte	15057
Tortora	39.9413030	15.8051760	CS	Calabria	87020
Tortorella	40.1422050	15.6056690	SA	Campania	84030
Tortoreto	42.8039836	13.9124050	TE	Abruzzo	64018
Tortorici	38.0301033	14.8241901	ME	Sicilia	98078
Torviscosa	45.8222160	13.2769330	UD	Friuli-Venezia Giulia	33050
Toscolano-Maderno	45.6345303	10.6095208	BS	Lombardia	25088
Tossicia	42.5449410	13.6474940	TE	Abruzzo	64049
Tovo di Sant'Agata	46.2447793	10.2464531	SO	Lombardia	23030
Tovo San Giacomo	44.1766002	8.2685484	SV	Liguria	17020
Trabia	37.9943863	13.6565095	PA	Sicilia	90019
Tradate	45.7142931	8.9041464	VA	Lombardia	21049
Tramatza	40.0037483	8.6495366	OR	Sardegna	09070
Trambileno	45.8348451	11.1392114	TN	Trentino-Alto Adige	38068
Tramonti	40.6997332	14.6415366	SA	Campania	84010
Tramonti di Sopra	46.3088622	12.7884970	PN	Friuli-Venezia Giulia	33090
Tramonti di Sotto	46.2849303	12.7956464	PN	Friuli-Venezia Giulia	33090
Tramutola	40.3148645	15.7903642	PZ	Basilicata	85057
Trana	45.0390440	7.4218170	TO	Piemonte	10090
Trani	41.2750880	16.4162585	BT	Puglia	76125
Traona	46.1496199	9.5257960	SO	Lombardia	23019
Trapani	38.0174321	12.5159920	TP	Sicilia	91100
Trappeto	38.0670080	13.0365496	PA	Sicilia	90040
Trarego Viggiona	46.0386921	8.6461280	VB	Piemonte	28826
Trasacco	41.9584409	13.5361021	AQ	Abruzzo	67059
Trasaghis	46.2821797	13.0754453	UD	Friuli-Venezia Giulia	33010
Trasquera	46.2133800	8.2127110	VB	Piemonte	28868
Tratalias	39.1035305	8.5789604	SU	Sardegna	09010
Travacò Siccomario	45.1490672	9.1596467	PV	Lombardia	27020
Travagliato	45.5239055	10.0797833	BS	Lombardia	25039
Travedona-Monate	45.8050657	8.6741995	VA	Lombardia	21028
Traversella	45.5084580	7.7494150	TO	Piemonte	10080
Traversetolo	44.6392123	10.3817954	PR	Emilia-Romagna	43029
Traves	45.2706125	7.4288577	TO	Piemonte	10070
Travesio	46.1965361	12.8709942	PN	Friuli-Venezia Giulia	33090
Travo	44.8607679	9.5434965	PC	Emilia-Romagna	29020
Tre Ville	46.0743238	10.7710996	TN	Trentino-Alto Adige	38095
Trebaseleghe	45.5918117	12.0509986	PD	Veneto	35010
Trebisacce	39.8701066	16.5306670	CS	Calabria	87075
Trecase	40.7708909	14.4396509	NA	Campania	80040
Trecastagni	37.6161157	15.0792308	CT	Sicilia	95039
Trecastelli	43.6868126	13.1098223	AN	Marche	60012
Trecate	45.4319653	8.7352930	NO	Piemonte	28069
Trecchina	40.0256576	15.7767873	PZ	Basilicata	85049
Trecenta	45.0309442	11.4605212	RO	Veneto	45027
Tredozio	44.0810425	11.7442078	FC	Emilia-Romagna	47019
Treglio	42.2677410	14.4255150	CH	Abruzzo	66030
Tregnago	45.5139247	11.1656601	VR	Veneto	37039
Treia	43.3105560	13.3114750	MC	Marche	62010
Treiso	44.6891509	8.0868452	CN	Piemonte	12050
Tremestieri Etneo	37.5764878	15.0732205	CT	Sicilia	95030
Tremezzina	45.9835245	9.1914909	CO	Lombardia	22016
Tremosine sul Garda	45.7710786	10.7607733	BS	Lombardia	25010
Trentinara	40.4003951	15.1074658	SA	Campania	84070
Trento	46.0664228	11.1257601	TN	Trentino-Alto Adige	38121,38122,38123
Trentola Ducenta	40.9762301	14.1771658	CE	Campania	81038
Trenzano	45.4772790	10.0106650	BS	Lombardia	25030
Treppo Grande	46.1906240	13.1581240	UD	Friuli-Venezia Giulia	33010
Treppo Ligosullo	46.5443319	13.0589036	UD	Friuli-Venezia Giulia	33014
Trepuzzi	40.4054719	18.0706204	LE	Puglia	73019
Trequanda	43.1889394	11.6673852	SI	Toscana	53020
Tresana	44.2542480	9.9128850	MS	Toscana	54012
Trescore Balneario	45.6964830	9.8425570	BG	Lombardia	24069
Trescore Cremasco	45.4015730	9.6249580	CR	Lombardia	26017
Tresignana	44.8289372	11.8789171	FE	Emilia-Romagna	44039
Tresivio	46.1756950	9.9425510	SO	Lombardia	23020
Tresnuraghes	40.2521042	8.5199603	OR	Sardegna	09079
Trevenzuolo	45.2686492	10.9321839	VR	Veneto	37060
Trevi	42.8774972	12.7474547	PG	Umbria	06039
Trevi nel Lazio	41.8629591	13.2463131	FR	Lazio	03010
Trevico	41.0484210	15.2334490	AV	Campania	83058
Treviglio	45.5217245	9.5931485	BG	Lombardia	24047
Trevignano	45.7335010	12.0940161	TV	Veneto	31040
Trevignano Romano	42.1559258	12.2461954	RM	Lazio	00069
Treville	45.0968540	8.3595360	AL	Piemonte	15030
Treviolo	45.6715427	9.6117418	BG	Lombardia	24048
Treviso	45.6658505	12.2455414	TV	Veneto	31100
Treviso Bresciano	45.7131680	10.4636226	BS	Lombardia	25070
Trezzano Rosa	45.5828314	9.4870409	MI	Lombardia	20060
Trezzano sul Naviglio	45.4182125	9.0710538	MI	Lombardia	20090
Trezzo sull'Adda	45.6087178	9.5198437	MI	Lombardia	20056
Trezzo Tinella	44.6770492	8.1074675	CN	Piemonte	12050
Trezzone	46.1711426	9.3514943	CO	Lombardia	22010
Tribano	45.2100105	11.8321423	PD	Veneto	35020
Tribiano	45.4133710	9.3789520	MI	Lombardia	20067
Tribogna	44.4161462	9.1955867	GE	Liguria	16030
Tricarico	40.6200760	16.1436174	MT	Basilicata	75019
Tricase	39.9311752	18.3610290	LE	Puglia	73039
Tricerro	45.2357570	8.3253330	VC	Piemonte	13038
Tricesimo	46.1605618	13.2125359	UD	Friuli-Venezia Giulia	33019
Triei	40.0371271	9.6405028	NU	Sardegna	08040
Trieste	45.6496485	13.7772781	TS	Friuli-Venezia Giulia	34121,34122,34123,34124,34125,34126,34127,34128,34129,34130,34131,34132,34133,34134,34135,34136,34137,34138,34139,34140,34141,34142,34143,34144,34145,34146,34147,34148,34149,34150,34151
Triggiano	41.0634480	16.9216976	BA	Puglia	70019
Trigolo	45.3283941	9.8151283	CR	Lombardia	26018
Trinità	44.5082766	7.7578969	CN	Piemonte	12049
Trinità d'Agultu e Vignola	40.9837690	8.9156160	SS	Sardegna	07038
Trinitapoli	41.3588527	16.0874365	BT	Puglia	76015
Trino	45.1939397	8.2969866	VC	Piemonte	13039
Triora	43.9925230	7.7662430	IM	Liguria	18010
Tripi	38.0486254	15.0988042	ME	Sicilia	98060
Trisobbio	44.6616460	8.5861490	AL	Piemonte	15070
Trissino	45.5640412	11.3748519	VI	Veneto	36070
Triuggio	45.6613638	9.2674406	MB	Lombardia	20844
Trivento	41.7814070	14.5511246	CB	Molise	86029
Trivigliano	41.7757210	13.2722960	FR	Lazio	03010
Trivignano Udinese	45.9434149	13.3406411	UD	Friuli-Venezia Giulia	33050
Trivigno	40.5810170	15.9898720	PZ	Basilicata	85018
Trivolzio	45.2584640	9.0427480	PV	Lombardia	27020
Trodena nel parco naturale	46.3221428	11.3498119	BZ	Trentino-Alto Adige	39040
Trofarello	44.9836460	7.7452250	TO	Piemonte	10028
Troia	41.3631280	15.3123470	FG	Puglia	71029
Troina	37.7852205	14.6004464	EN	Sicilia	94018
Tromello	45.2091352	8.8715617	PV	Lombardia	27020
Trontano	46.1224790	8.3332160	VB	Piemonte	28859
Tronzano Lago Maggiore	46.0889912	8.7339410	VA	Lombardia	21010
Tronzano Vercellese	45.3412580	8.1730270	VC	Piemonte	13049
Tropea	38.6753790	15.8947920	VV	Calabria	89861
Trovo	45.2829650	9.0354470	PV	Lombardia	27020
Truccazzano	45.4838740	9.4685530	MI	Lombardia	20060
Tubre	46.6456120	10.4641530	BZ	Trentino-Alto Adige	39020
Tufara	41.4816752	14.9464503	CB	Molise	86010
Tufillo	41.9164633	14.6260061	CH	Abruzzo	66050
Tufino	40.9541140	14.5659360	NA	Campania	80030
Tufo	41.0102985	14.8233166	AV	Campania	83010
Tuglie	40.0738210	18.0981250	LE	Puglia	73058
Tuili	39.7139877	8.9603418	SU	Sardegna	09029
Tula	40.7324650	8.9839210	SS	Sardegna	07010
Tuoro sul Trasimeno	43.2068477	12.0746146	PG	Umbria	06069
Turania	42.1380270	13.0092860	RI	Lazio	02020
Turano Lodigiano	45.2488700	9.6214610	LO	Lombardia	26828
Turate	45.6549216	9.0018737	CO	Lombardia	22078
Turbigo	45.5291504	8.7366656	MI	Lombardia	20029
Turi	40.9173310	17.0211910	BA	Puglia	70010
Turri	39.7048450	8.9165340	SU	Sardegna	09020
Turriaco	45.8199807	13.4466863	GO	Friuli-Venezia Giulia	34070
Turrivalignani	42.2632704	14.0285774	PE	Abruzzo	65020
Tursi	40.2462858	16.4692793	MT	Basilicata	75028
Tusa	37.9844075	14.2377150	ME	Sicilia	98079
Tuscania	42.4202141	11.8702611	VT	Lazio	01017
Ubiale Clanezzo	45.7809355	9.6058224	BG	Lombardia	24010
Uboldo	45.6109052	9.0033882	VA	Lombardia	21040
Ucria	38.0459194	14.8811122	ME	Sicilia	98060
Udine	46.0634632	13.2358377	UD	Friuli-Venezia Giulia	33100
Ugento	39.9263190	18.1574280	LE	Puglia	73059
Uggiano la Chiesa	40.1017240	18.4493330	LE	Puglia	73020
Uggiate-Trevano	45.8238592	8.9649009	CO	Lombardia	22029
Ulà Tirso	40.0459510	8.9040290	OR	Sardegna	09080
Ulassai	39.8105520	9.4990450	NU	Sardegna	08040
Ultimo	46.5120906	10.8997354	BZ	Trentino-Alto Adige	39016
Umbertide	43.3056365	12.3366222	PG	Umbria	06019
Umbriatico	39.3545008	16.9187095	KR	Calabria	88823
Urago d'Oglio	45.5159780	9.8696610	BS	Lombardia	25030
Uras	39.7006430	8.7000300	OR	Sardegna	09099
Urbana	45.1941310	11.4453492	PD	Veneto	35040
Urbania	43.6682570	12.5241126	PU	Marche	61049
Urbe	44.4772561	8.6313928	SV	Liguria	17048
Urbino	43.7262608	12.6363135	PU	Marche	61029
Urbisaglia	43.1966085	13.3765707	MC	Marche	62010
Urgnano	45.5971972	9.6948557	BG	Lombardia	24059
Uri	40.6394590	8.4854120	SS	Sardegna	07040
Ururi	41.8165360	15.0161340	CB	Molise	86049
Urzulei	40.0933379	9.5080494	NU	Sardegna	08040
Uscio	44.4133432	9.1625628	GE	Liguria	16036
Usellus	39.8096460	8.8507320	OR	Sardegna	09090
Usini	40.6640600	8.5405130	SS	Sardegna	07049
Usmate Velate	45.6524585	9.3543419	MB	Lombardia	20865
Ussana	39.3946410	9.0732420	SU	Sardegna	09020
Ussaramanna	39.6928450	8.9076340	SU	Sardegna	09020
Ussassai	39.8108270	9.3947865	NU	Sardegna	08040
Usseaux	45.0489410	7.0285080	TO	Piemonte	10060
Usseglio	45.2331973	7.2177346	TO	Piemonte	10070
Ussita	42.9437596	13.1379080	MC	Marche	62039
Ustica	38.7104559	13.1912999	PA	Sicilia	90051
Uta	39.2909789	8.9542602	CA	Sardegna	09068
Uzzano	43.8926284	10.7060574	PT	Toscana	51010
Vaccarizzo Albanese	39.5854000	16.4328940	CS	Calabria	87060
Vacone	42.3848359	12.6444578	RI	Lazio	02040
Vacri	42.2977539	14.2328169	CH	Abruzzo	66010
Vadena	46.4139949	11.3050772	BZ	Trentino-Alto Adige	39051
Vado Ligure	44.2714401	8.4382205	SV	Liguria	17047
Vagli Sotto	44.1092480	10.2887950	LU	Toscana	55030
Vaglia	43.9071489	11.2818138	FI	Toscana	50036
Vaglio Basilicata	40.6658732	15.9200695	PZ	Basilicata	85010
Vaglio Serra	44.7964063	8.3390142	AT	Piemonte	14049
Vaiano	43.9690119	11.1240715	PO	Toscana	59021
Vaiano Cremasco	45.3719720	9.5871580	CR	Lombardia	26010
Vaie	45.1023440	7.2894130	TO	Piemonte	10050
Vailate	45.4633102	9.6028157	CR	Lombardia	26019
Vairano Patenora	41.3370190	14.1311068	CE	Campania	81058
Vajont	46.1461361	12.6974467	PN	Friuli-Venezia Giulia	33080
Val Brembilla	45.8246427	9.6015661	BG	Lombardia	24012
Val della Torre	45.1551470	7.4450150	TO	Piemonte	10040
Val di Chy	45.4611249	7.7928302	TO	Piemonte	10039
Val di Nizza	44.8709771	9.1758229	PV	Lombardia	27050
Val di Vizze	46.9489278	11.5777657	BZ	Trentino-Alto Adige	39049
Val di Zoldo	46.3422944	12.1563125	BL	Veneto	32012
Val Liona	45.4102020	11.4720786	VI	Veneto	36044
Val Masino	46.2458657	9.6379973	SO	Lombardia	23010
Val Rezzo	46.0702578	9.1008873	CO	Lombardia	22010
Valbondione	46.0341930	10.0058550	BG	Lombardia	24020
Valbrembo	45.7178330	9.6075364	BG	Lombardia	24030
Valbrenta	45.8813718	11.7017643	VI	Veneto	36029
Valbrevenna	44.5605766	9.0916029	GE	Liguria	16010
Valbrona	45.8810551	9.3016314	CO	Lombardia	22039
Valchiusa	45.4972632	7.7413272	TO	Piemonte	10089
Valdagno	45.6413213	11.3040596	VI	Veneto	36078
Valdaone	46.0249131	10.5251304	TN	Trentino-Alto Adige	38091
Valdaora	46.7598290	12.0309870	BZ	Trentino-Alto Adige	39030
Valdastico	45.8824468	11.3445610	VI	Veneto	36040
Valdengo	45.5673223	8.1368656	BI	Piemonte	13855
Valderice	38.0389840	12.6169791	TP	Sicilia	91019
Valdidentro	46.5089085	10.2908053	SO	Lombardia	23038
Valdieri	44.2776260	7.3976310	CN	Piemonte	12010
Valdilana	45.6661260	8.1443020	BI	Piemonte	13835
Valdina	38.1937386	15.3707040	ME	Sicilia	98040
Valdisotto	46.4252151	10.3574185	SO	Lombardia	23030
Valdobbiadene	45.9014131	11.9955123	TV	Veneto	31049
Valduggia	45.7283690	8.3299230	VC	Piemonte	13018
Valeggio	45.1506600	8.8599460	PV	Lombardia	27020
Valeggio sul Mincio	45.3537509	10.7345460	VR	Veneto	37067
Valentano	42.5684597	11.8187556	VT	Lazio	01018
Valenza	45.0140247	8.6458214	AL	Piemonte	15048
Valenzano	41.0453330	16.8850860	BA	Puglia	70010
Valera Fratta	45.2569315	9.3360078	LO	Lombardia	26859
Valfabbrica	43.1588972	12.6008960	PG	Umbria	06029
Valfenera	44.9017460	7.9643310	AT	Piemonte	14017
Valfloriana	46.2468833	11.3486732	TN	Trentino-Alto Adige	38040
Valfornace	43.0669246	13.1149745	MC	Marche	62031
Valfurva	46.4171700	10.5129214	SO	Lombardia	23030
Valganna	45.9000797	8.8201204	VA	Lombardia	21039
Valgioie	45.0762363	7.3408936	TO	Piemonte	10094
Valgoglio	45.9748900	9.9135540	BG	Lombardia	24020
Valgrana	44.4112290	7.3801280	CN	Piemonte	12020
Valgreghentino	45.7698711	9.4121681	LC	Lombardia	23857
Valgrisenche	45.6311691	7.0647408	AO	Valle d'Aosta	11010
Valguarnera Caropepe	37.4954203	14.3907910	EN	Sicilia	94019
Vallada Agordina	46.3756034	11.9369554	BL	Veneto	32020
Vallanzengo	45.6032650	8.1504220	BI	Piemonte	13847
Vallarsa	45.8033548	11.1051097	TN	Trentino-Alto Adige	38060
Vallata	41.0372210	15.2521500	AV	Campania	83059
Valle Agricola	41.4250210	14.2550230	CE	Campania	81010
Valle Aurina	46.9882921	11.9436461	BZ	Trentino-Alto Adige	39030
Valle Cannobina	46.1030021	8.5997415	VB	Piemonte	28827
Valle Castellana	42.7361764	13.4970995	TE	Abruzzo	64010
Valle dell'Angelo	40.3438080	15.3684610	SA	Campania	84070
Valle di Cadore	46.4173559	12.3319828	BL	Veneto	32040
Valle di Casies	46.8240965	12.2325005	BZ	Trentino-Alto Adige	39030
Valle di Maddaloni	41.0795150	14.4156310	CE	Campania	81020
Valle Lomellina	45.1505233	8.6650873	PV	Lombardia	27020
Valle Salimbene	45.1719317	9.2347159	PV	Lombardia	27010
Valle San Nicolao	45.6069689	8.1411817	BI	Piemonte	13847
Vallebona	43.8127180	7.6665440	IM	Liguria	18012
Vallecorsa	41.4446150	13.4052040	FR	Lazio	03020
Vallecrosia	43.7888272	7.6434111	IM	Liguria	18019
Valledolmo	37.7474480	13.8278590	PA	Sicilia	90029
Valledoria	40.9282830	8.8245837	SS	Sardegna	07039
Vallefiorita	38.7763850	16.4610030	CZ	Calabria	88050
Vallefoglia	43.8284048	12.7247000	PU	Marche	61022
Vallelaghi	46.0998268	11.0161849	TN	Trentino-Alto Adige	38096
Vallelonga	38.6472810	16.2949010	VV	Calabria	89821
Vallelunga Pratameno	37.6820470	13.8315600	CL	Sicilia	93010
Vallemaio	41.3662391	13.8117480	FR	Lazio	03040
Vallepietra	41.9269887	13.2306665	RM	Lazio	00020
Vallerano	44.6179709	10.1898895	VT	Lazio	01030
Vallermosa	39.3644380	8.7963370	SU	Sardegna	09010
Vallerotonda	41.5496912	13.9145849	FR	Lazio	03040
Vallesaccarda	41.0627598	15.2517835	AV	Campania	83050
Valleve	46.0268620	9.7439467	BG	Lombardia	24010
Valli del Pasubio	45.7407742	11.2621670	VI	Veneto	36030
Vallinfreda	42.0842815	12.9966119	RM	Lazio	00020
Vallio Terme	45.6101932	10.3901746	BS	Lombardia	25080
Vallo della Lucania	40.2297040	15.2657600	SA	Campania	84078
Vallo di Nera	42.7546212	12.8637598	PG	Umbria	06040
Vallo Torinese	45.2247447	7.4955659	TO	Piemonte	10070
Valloriate	44.3380673	7.3743707	CN	Piemonte	12010
Valmacca	45.1007861	8.5827889	AL	Piemonte	15040
Valmadrera	45.8462820	9.3582440	LC	Lombardia	23868
Valmontone	41.7769071	12.9177029	RM	Lazio	00038
Valmorea	45.8174488	8.9322288	CO	Lombardia	22070
Valmozzola	44.5855083	9.8691506	PR	Emilia-Romagna	43050
Valnegra	45.9494102	9.6900185	BG	Lombardia	24010
Valpelline	45.8244604	7.3241526	AO	Valle d'Aosta	11010
Valperga	45.3705918	7.6569215	TO	Piemonte	10087
Valprato Soana	45.5214814	7.5493546	TO	Piemonte	10080
Valsamoggia	44.4398237	11.0592750	BO	Emilia-Romagna	40053
Valsavarenche	45.5620034	7.2262914	AO	Valle d'Aosta	11010
Valsinni	40.1699120	16.4434870	MT	Basilicata	75029
Valsolda	46.0290953	9.0439123	CO	Lombardia	22010
Valstrona	45.9229542	8.2562548	VB	Piemonte	28897
Valtopina	43.0582825	12.7546565	PG	Umbria	06030
Valtorta	45.9777870	9.5349450	BG	Lombardia	24010
Valtournenche	45.8769793	7.6227920	AO	Valle d'Aosta	11028
Valva	40.7382150	15.2694540	SA	Campania	84020
Valvarrone	46.0848895	9.3614476	LC	Lombardia	23836
Valvasone Arzene	45.9952108	12.8663101	PN	Friuli-Venezia Giulia	33098
Valverde	37.5769540	15.1241880	CT	Sicilia	95028
Valvestino	45.7620920	10.5946459	BS	Lombardia	25080
Vandoies	46.8758184	11.7208644	BZ	Trentino-Alto Adige	39030
Vanzaghello	45.5792526	8.7823717	MI	Lombardia	20020
Vanzago	45.5268256	8.9949548	MI	Lombardia	20010
Vanzone con San Carlo	45.9804389	8.1140756	VB	Piemonte	28879
Vaprio d'Adda	45.5765762	9.5291744	MI	Lombardia	20069
Vaprio d'Agogna	45.6035134	8.5534312	NO	Piemonte	28010
Varallo	45.8144312	8.2577051	VC	Piemonte	13019
Varallo Pombia	45.6659038	8.6326925	NO	Piemonte	28040
Varano Borghi	45.7746301	8.7036658	VA	Lombardia	21020
Varano de' Melegari	44.6880600	10.0114790	PR	Emilia-Romagna	43040
Varapodio	38.3170730	15.9843980	RC	Calabria	89010
Varazze	44.3592996	8.5753273	SV	Liguria	17019
Varco Sabino	42.2398290	13.0198840	RI	Lazio	02020
Varedo	45.5974437	9.1562926	MB	Lombardia	20814
Varenna	46.0099785	9.2831593	LC	Lombardia	23829
Varese	45.8175490	8.8263532	VA	Lombardia	21100
Varese Ligure	44.3760527	9.5926994	SP	Liguria	19028
Varisella	45.2099414	7.4886064	TO	Piemonte	10070
Varmo	45.8870150	12.9877260	UD	Friuli-Venezia Giulia	33030
Varna	46.7403856	11.6345693	BZ	Trentino-Alto Adige	39040
Varsi	44.6621570	9.8466760	PR	Emilia-Romagna	43049
Varzi	44.8235397	9.1969039	PV	Lombardia	27057
Varzo	46.2066800	8.2524120	VB	Piemonte	28868
Vasanello	42.4144251	12.3464168	VT	Lazio	01030
Vasia	43.9326600	7.9532267	IM	Liguria	18020
Vasto	42.1243400	14.7059230	CH	Abruzzo	66054
Vastogirardi	41.7741290	14.2604180	IS	Molise	86089
Vauda Canavese	45.2799520	7.6202170	TO	Piemonte	10070
Vazzano	38.6328810	16.2480000	VV	Calabria	89834
Vazzola	45.8377671	12.3840639	TV	Veneto	31028
Vecchiano	43.7833420	10.3844030	PI	Toscana	56019
Vedano al Lambro	45.6115080	9.2750718	MB	Lombardia	20854
Vedano Olona	45.7769157	8.8855964	VA	Lombardia	21040
Vedelago	45.6866953	12.0180367	TV	Veneto	31050
Vedeseta	45.8908697	9.5400571	BG	Lombardia	24010
Veduggio con Colzano	45.7336298	9.2625127	MB	Lombardia	20837
Veggiano	45.4483223	11.7108215	PD	Veneto	35030
Veglie	40.3351260	17.9652190	LE	Puglia	73010
Veglio	45.6405650	8.1141200	BI	Piemonte	13824
Vejano	42.2167570	12.0952017	VT	Lazio	01010
Veleso	45.9083820	9.1821390	CO	Lombardia	22020
Velezzo Lomellina	45.1633590	8.7372430	PV	Lombardia	27020
Velletri	41.6867015	12.7770433	RM	Lazio	00049
Vellezzo Bellini	45.2706650	9.0992490	PV	Lombardia	27010
Velo d'Astico	45.7883990	11.3676900	VI	Veneto	36010
Velo Veronese	45.6050596	11.0957685	VR	Veneto	37030
Velturno	46.6686743	11.5984388	BZ	Trentino-Alto Adige	39040
Venafro	41.4834250	14.0451120	IS	Molise	86079
Venaria Reale	45.1348114	7.6268658	TO	Piemonte	10078
Venarotta	42.8829470	13.4922850	AP	Marche	63091
Venasca	44.5621634	7.3968654	CN	Piemonte	12020
Venaus	45.1549096	7.0125697	TO	Piemonte	10050
Vendone	44.0747064	8.0739301	SV	Liguria	17032
Venegono Inferiore	45.7380805	8.9017723	VA	Lombardia	21040
Venegono Superiore	45.7513827	8.9047602	VA	Lombardia	21040
Venetico	38.2199442	15.3667071	ME	Sicilia	98040
Venezia	45.4371908	12.3345898	VE	Veneto	30121,30122,30123,30124,30125,30126,30127,30128,30129,30130,30131,30132,30133,30134,30135,30136,30137,30138,30139,30140,30141,30142,30143,30144,30145,30146,30147,30148,30149,30150,30151,30152,30153,30154,30155,30156,30157,30158,30159,30160,30161,30162,30163,30164,30165,30166,30167,30168,30169,30170,30171,30172,30173,30174,30175,30176
Veniano	45.7155801	8.9830741	CO	Lombardia	22070
Venosa	40.9613230	15.8148630	PZ	Basilicata	85029
Ventasso	44.3688304	10.2693097	RE	Emilia-Romagna	42032
Venticano	41.0491237	14.9176369	AV	Campania	83030
Ventimiglia	43.7917623	7.6033131	IM	Liguria	18039
Ventimiglia di Sicilia	37.9233414	13.5692549	PA	Sicilia	90020
Ventotene	40.7960020	13.4312130	LT	Lazio	04031
Venzone	46.3337685	13.1393483	UD	Friuli-Venezia Giulia	33010
Verano	46.6053657	11.2262711	BZ	Trentino-Alto Adige	39010
Verano Brianza	45.6881861	9.2304770	MB	Lombardia	20843
Verbania	45.9344082	8.5580062	VB	Piemonte	28921,28922,28923,28924,28925
Verbicaro	39.7556000	15.9135800	CS	Calabria	87020
Vercana	46.1594890	9.3351370	CO	Lombardia	22013
Verceia	46.1989987	9.4544930	SO	Lombardia	23020
Vercelli	45.3251557	8.4227666	VC	Piemonte	13100
Vercurago	45.8129461	9.4244330	LC	Lombardia	23808
Verdellino	45.6031356	9.6156095	BG	Lombardia	24040
Verdello	45.6065784	9.6273969	BG	Lombardia	24049
Verderio	45.6681965	9.4393717	LC	Lombardia	23879
Verduno	44.6661400	7.9307350	CN	Piemonte	12060
Vergato	44.2826600	11.1073100	BO	Emilia-Romagna	40038
Verghereto	43.7929560	12.0039380	FC	Emilia-Romagna	47028
Vergiate	45.7248471	8.6940232	VA	Lombardia	21029
Vermezzo con Zelo	45.3907815	8.9821916	MI	Lombardia	20071
Vermiglio	46.2969050	10.6913650	TN	Trentino-Alto Adige	38029
Vernante	44.2450270	7.5338340	CN	Piemonte	12019
Vernasca	44.7994378	9.8306675	PC	Emilia-Romagna	29010
Vernate	45.3161472	9.0609682	MI	Lombardia	20080
Vernazza	44.1349412	9.6827757	SP	Liguria	19018
Vernio	44.0425357	11.1497177	PO	Toscana	59024
Vernole	40.2895270	18.3035270	LE	Puglia	73029
Verolanuova	45.3285814	10.0760863	BS	Lombardia	25028
Verolavecchia	45.3270123	10.0572562	BS	Lombardia	25029
Verolengo	45.1895918	7.9662734	TO	Piemonte	10038
Veroli	41.6912723	13.4176316	FR	Lazio	03029
Verona	45.4384958	10.9924122	VR	Veneto	37121,37122,37123,37124,37125,37126,37127,37128,37129,37130,37131,37132,37133,37134,37135,37136,37137,37138,37139,37140,37141,37142
Veronella	45.3249693	11.3222608	VR	Veneto	37040
Verrayes	45.7692822	7.5237771	AO	Valle d'Aosta	11020
Verrès	45.6687182	7.6907582	AO	Valle d'Aosta	11029
Verretto	45.0392343	9.1084758	PV	Lombardia	27053
Verrone	45.5036620	8.1190230	BI	Piemonte	13871
Verrua Po	45.1096492	9.1755596	PV	Lombardia	27040
Verrua Savoia	45.1567070	8.0927610	TO	Piemonte	10020
Vertemate con Minoprio	45.7282151	9.0784147	CO	Lombardia	22070
Vertova	45.8102188	9.8535071	BG	Lombardia	24029
Verucchio	43.9836110	12.4211632	RN	Emilia-Romagna	47826
Vervio	46.2528354	10.2402255	SO	Lombardia	23030
Verzegnis	46.3851470	12.9872016	UD	Friuli-Venezia Giulia	33020
Verzino	39.3110980	16.8604060	KR	Calabria	88819
Verzuolo	44.6028992	7.4749407	CN	Piemonte	12039
Vescovana	45.1345136	11.7084352	PD	Veneto	35040
Vescovato	45.1750730	10.1645740	CR	Lombardia	26039
Vesime	44.6368509	8.2281701	AT	Piemonte	14059
Vespolate	45.3495666	8.6690558	NO	Piemonte	28079
Vessalico	44.0459373	7.9608530	IM	Liguria	18026
Vestenanova	45.5734672	11.2277218	VR	Veneto	37030
Vestignè	45.3857570	7.9548220	TO	Piemonte	10030
Vestone	45.7106124	10.4042112	BS	Lombardia	25078
Vetralla	42.3205336	12.0575000	VT	Lazio	01019
Vetto	44.4841580	10.3374900	RE	Emilia-Romagna	42020
Vezza d'Alba	44.7636401	7.9961339	CN	Piemonte	12040
Vezza d'Oglio	46.2402134	10.3997325	BS	Lombardia	25059
Vezzano Ligure	44.1467748	9.8763270	SP	Liguria	19020
Vezzano sul Crostolo	44.6025837	10.5468531	RE	Emilia-Romagna	42030
Vezzi Portio	44.2375499	8.3537408	SV	Liguria	17028
Viadana	44.9267857	10.5202230	MN	Lombardia	46019
Viadanica	45.6843417	9.9622843	BG	Lombardia	24060
Viagrande	37.6101657	15.0967587	CT	Sicilia	95029
Viale	45.0007446	8.0501201	AT	Piemonte	14010
Vialfrè	45.3810192	7.8178285	TO	Piemonte	10090
Viano	44.5437293	10.6216195	RE	Emilia-Romagna	42030
Viareggio	43.8672392	10.2506055	LU	Toscana	55049
Viarigi	44.9805076	8.3584546	AT	Piemonte	14030
Vibo Valentia	38.6759329	16.0998186	VV	Calabria	89900
Vibonati	40.1002478	15.5831154	SA	Campania	84079
Vicalvi	41.6767230	13.7064070	FR	Lazio	03030
Vicari	37.8250916	13.5713017	PA	Sicilia	90020
Vicchio	43.9332355	11.4652902	FI	Toscana	50039
Vicenza	45.5488306	11.5478825	VI	Veneto	36100
Vico del Gargano	41.8983440	15.9575540	FG	Puglia	71018
Vico Equense	40.6622961	14.4263825	NA	Campania	80069
Vico nel Lazio	41.7771496	13.3419239	FR	Lazio	03010
Vicoforte	44.3744419	7.8725517	CN	Piemonte	12080
Vicoli	42.3421817	13.8976099	PE	Abruzzo	65010
Vicolungo	45.4775640	8.4627310	NO	Piemonte	28060
Vicopisano	43.6998317	10.5846946	PI	Toscana	56010
Vicovaro	42.0179411	12.8972303	RM	Lazio	00029
Viddalba	40.9167765	8.8943626	SS	Sardegna	07030
Vidigulfo	45.2922670	9.2366510	PV	Lombardia	27018
Vidor	45.8616409	12.0387488	TV	Veneto	31020
Vidracco	45.4306570	7.7574170	TO	Piemonte	10080
Vieste	41.8827595	16.1791791	FG	Puglia	71019
Vietri di Potenza	40.5986472	15.5072463	PZ	Basilicata	85058
Vietri sul Mare	40.6715477	14.7286002	SA	Campania	84019
Viganò	45.7246346	9.3245602	LC	Lombardia	23897
Vigano San Martino	45.7265314	9.8939905	BG	Lombardia	24060
Vigarano Mainarda	44.8434217	11.4944364	FE	Emilia-Romagna	44049
Vigasio	45.3170303	10.9421984	VR	Veneto	37068
Vigevano	45.3172517	8.8580183	PV	Lombardia	27029
Viggianello	39.9731948	16.0853528	PZ	Basilicata	85040
Viggiano	40.3401140	15.9018352	PZ	Basilicata	85059
Viggiù	45.8722383	8.9058625	VA	Lombardia	21059
Vighizzolo d'Este	45.1770026	11.6255678	PD	Veneto	35040
Vigliano Biellese	45.5644750	8.1045374	BI	Piemonte	13856
Vigliano d'Asti	44.8354332	8.2319486	AT	Piemonte	14040
Vignale Monferrato	45.0112530	8.3961380	AL	Piemonte	15049
Vignanello	42.3838260	12.2767660	VT	Lazio	01039
Vignate	45.4965730	9.3766510	MI	Lombardia	20060
Vignola	44.4784141	11.0090928	MO	Emilia-Romagna	41058
Vignola-Falesina	46.0552202	11.2816366	TN	Trentino-Alto Adige	38057
Vignole Borbera	44.7099475	8.8912621	AL	Piemonte	15060
Vignolo	44.3622290	7.4727310	CN	Piemonte	12010
Vignone	45.9597733	8.5666174	VB	Piemonte	28819
Vigo di Cadore	46.5004154	12.4727097	BL	Veneto	32040
Vigodarzere	45.4581932	11.8828635	PD	Veneto	35010
Vigolo	45.7157754	10.0227167	BG	Lombardia	24060
Vigolzone	44.9146620	9.6693680	PC	Emilia-Romagna	29020
Vigone	44.8430668	7.4944380	TO	Piemonte	10067
Vigonovo	45.3870110	12.0075139	VE	Veneto	30030
Vigonza	45.4429539	11.9831493	PD	Veneto	35010
Viguzzolo	44.9055070	8.9186164	AL	Piemonte	15058
Villa Bartolomea	45.1587174	11.3533775	VR	Veneto	37049
Villa Basilica	43.9275158	10.6445750	LU	Toscana	55019
Villa Biscossi	45.0903930	8.7869936	PV	Lombardia	27035
Villa Carcina	45.6322140	10.1944422	BS	Lombardia	25069
Villa Castelli	40.5845270	17.4746050	BR	Puglia	72029
Villa Celiera	42.3818421	13.8585988	PE	Abruzzo	65010
Villa Collemandina	44.1587592	10.3977419	LU	Toscana	55030
Villa Cortese	45.5665917	8.8889918	MI	Lombardia	20020
Villa d'Adda	45.7139800	9.4616490	BG	Lombardia	24030
Villa d'Almè	45.7496820	9.6144510	BG	Lombardia	24018
Villa d'Ogna	45.9046890	9.9308550	BG	Lombardia	24020
Villa del Bosco	45.6205660	8.2796240	BI	Piemonte	13868
Villa del Conte	45.5865980	11.8590050	PD	Veneto	35010
Villa di Briano	41.0000120	14.1607260	CE	Campania	81030
Villa di Chiavenna	46.3310232	9.4894492	SO	Lombardia	23029
Villa di Serio	45.7226650	9.7323783	BG	Lombardia	24020
Villa di Tirano	46.2026182	10.1313171	SO	Lombardia	23030
Villa Estense	45.1721082	11.6669789	PD	Veneto	35040
Villa Faraldi	43.9685283	8.0852288	IM	Liguria	18010
Villa Guardia	45.7738100	9.0236541	CO	Lombardia	22079
Villa Lagarina	45.9149896	11.0330024	TN	Trentino-Alto Adige	38060
Villa Latina	41.6193536	13.8361614	FR	Lazio	03040
Villa Literno	41.0096944	14.0743065	CE	Campania	81039
Villa Minozzo	44.3650560	10.4659950	RE	Emilia-Romagna	42030
Villa San Giovanni	38.2180591	15.6384860	RC	Calabria	89018
Villa San Giovanni in Tuscia	42.2826688	12.0525247	VT	Lazio	01010
Villa San Pietro	39.0340479	8.9954840	CA	Sardegna	09050
Villa San Secondo	45.0050750	8.1352487	AT	Piemonte	14020
Villa Sant'Angelo	42.2699374	13.5374862	AQ	Abruzzo	67020
Villa Sant'Antonio	39.8591480	8.9015320	OR	Sardegna	09080
Villa Santa Lucia	41.5124200	13.7700110	FR	Lazio	03030
Villa Santa Lucia degli Abruzzi	42.3334621	13.7774355	AQ	Abruzzo	67020
Villa Santa Maria	41.9524330	14.3518180	CH	Abruzzo	66047
Villa Santina	46.4140956	12.9207476	UD	Friuli-Venezia Giulia	33029
Villa Santo Stefano	41.5174160	13.3102010	FR	Lazio	03020
Villa Verde	39.7952460	8.8211310	OR	Sardegna	09090
Villabassa	46.7382384	12.1713018	BZ	Trentino-Alto Adige	39039
Villabate	38.0765278	13.4436674	PA	Sicilia	90039
Villachiara	45.3553750	9.9309660	BS	Lombardia	25030
Villacidro	39.4569925	8.7367219	SU	Sardegna	09039
Villadeati	45.0722520	8.1679320	AL	Piemonte	15020
Villadose	45.0689156	11.8937380	RO	Veneto	45010
Villadossola	46.0666631	8.2607168	VB	Piemonte	28844
Villafalletto	44.5437340	7.5401290	CN	Piemonte	12020
Villafranca d'Asti	44.9132900	8.0325012	AT	Piemonte	14018
Villafranca di Verona	45.3509277	10.8459956	VR	Veneto	37069
Villafranca in Lunigiana	44.2946703	9.9496556	MS	Toscana	54028
Villafranca Padovana	45.4948512	11.7975235	PD	Veneto	35010
Villafranca Piemonte	44.7789390	7.5004240	TO	Piemonte	10068
Villafranca Sicula	37.5881410	13.2892500	AG	Sicilia	92020
Villafranca Tirrena	38.2400680	15.4373870	ME	Sicilia	98049
Villafrati	37.9080125	13.4863499	PA	Sicilia	90030
Villaga	45.4024774	11.5337205	VI	Veneto	36021
Villagrande Strisaili	39.9613903	9.5072721	NU	Sardegna	08049
Villalago	41.9347290	13.8420070	AQ	Abruzzo	67030
Villalba	37.6541424	13.8434233	CL	Sicilia	93010
Villalfonsina	42.1605400	14.5716200	CH	Abruzzo	66020
Villalvernia	44.8153520	8.8572520	AL	Piemonte	15050
Villamagna	42.3332946	14.2368079	CH	Abruzzo	66010
Villamaina	40.9693643	15.0895843	AV	Campania	83050
Villamar	39.6180440	8.9588370	SU	Sardegna	09020
Villamarzana	45.0144041	11.6933077	RO	Veneto	45030
Villamassargia	39.2758994	8.6404754	SU	Sardegna	09010
Villamiroglio	45.1347252	8.1702907	AL	Piemonte	15020
Villandro	46.6329339	11.5401011	BZ	Trentino-Alto Adige	39040
Villanova Biellese	45.4815620	8.1943250	BI	Piemonte	13877
Villanova Canavese	45.2425748	7.5545060	TO	Piemonte	10070
Villanova d'Albenga	44.0468362	8.1428461	SV	Liguria	17038
Villanova d'Ardenghi	45.1716620	9.0423490	PV	Lombardia	27030
Villanova d'Asti	44.9418888	7.9375025	AT	Piemonte	14019
Villanova del Battista	41.1208220	15.1587470	AV	Campania	83030
Villanova del Ghebbo	45.0591830	11.6390090	RO	Veneto	45020
Villanova del Sillaro	45.2379680	9.4818580	LO	Lombardia	26818
Villanova di Camposampiero	45.4904556	11.9730203	PD	Veneto	35010
Villanova Marchesana	44.9922840	11.9647180	RO	Veneto	45030
Villanova Mondovì	44.3469315	7.7663383	CN	Piemonte	12089
Villanova Monferrato	45.1828570	8.4792370	AL	Piemonte	15030
Villanova Monteleone	40.5036564	8.4708073	SS	Sardegna	07019
Villanova Solaro	44.7299380	7.5744260	CN	Piemonte	12030
Villanova sull'Arda	45.0260050	9.9970611	PC	Emilia-Romagna	29010
Villanova Truschedu	39.9886490	8.7520270	OR	Sardegna	09084
Villanova Tulo	39.7803023	9.2132055	SU	Sardegna	09066
Villanovaforru	39.6318430	8.8690350	SU	Sardegna	09020
Villanovafranca	39.6451828	9.0013979	SU	Sardegna	09020
Villanterio	45.2194670	9.3643560	PV	Lombardia	27019
Villanuova sul Clisi	45.6016804	10.4538721	BS	Lombardia	25089
Villaperuccio	39.1118320	8.6700380	SU	Sardegna	09010
Villapiana	39.8465050	16.4551910	CS	Calabria	87076
Villaputzu	39.4410450	9.5739510	SU	Sardegna	09040
Villar Dora	45.1146460	7.3835150	TO	Piemonte	10040
Villar Focchiardo	45.1113887	7.2247248	TO	Piemonte	10050
Villar Pellice	44.8079035	7.1575796	TO	Piemonte	10060
Villar Perosa	44.9190563	7.2502858	TO	Piemonte	10069
Villar San Costanzo	44.4847310	7.3822260	CN	Piemonte	12020
Villarbasse	45.0451450	7.4684180	TO	Piemonte	10090
Villarboit	45.4373620	8.3373290	VC	Piemonte	13030
Villareggia	45.3100560	7.9766240	TO	Piemonte	10030
Villaricca	40.9216110	14.1898280	NA	Campania	80010
Villaromagnano	44.8496530	8.8877520	AL	Piemonte	15050
Villarosa	37.5870170	14.1735887	EN	Sicilia	94010
Villasalto	39.4921450	9.3930470	SU	Sardegna	09040
Villasanta	45.6039807	9.3005709	MB	Lombardia	20852
Villasimius	39.1431400	9.5208540	SU	Sardegna	09049
Villasor	39.3804390	8.9428390	SU	Sardegna	09034
Villaspeciosa	39.3122380	8.9251400	SU	Sardegna	09010
Villastellone	44.9186115	7.7443466	TO	Piemonte	10029
Villata	45.3877620	8.4326320	VC	Piemonte	13010
Villaurbana	39.8856470	8.7774290	OR	Sardegna	09080
Villavallelonga	41.8669965	13.6245098	AQ	Abruzzo	67050
Villaverla	45.6511748	11.4940528	VI	Veneto	36030
Ville d'Anaunia	46.2738173	10.9402216	TN	Trentino-Alto Adige	38019
Ville di Fiemme	46.3164298	11.4454460	TN	Trentino-Alto Adige	38033,38030
Villeneuve	45.7024174	7.2074956	AO	Valle d'Aosta	11018
Villesse	45.8594798	13.4372045	GO	Friuli-Venezia Giulia	34070
Villetta Barrea	41.7758270	13.9385110	AQ	Abruzzo	67030
Villette	46.1322035	8.5353171	VB	Piemonte	28856
Villimpenta	45.1447470	11.0302320	MN	Lombardia	46039
Villongo	45.6730421	9.9338341	BG	Lombardia	24060
Villorba	45.7292486	12.2562455	TV	Veneto	31020
Vilminore di Scalve	45.9976748	10.0924803	BG	Lombardia	24020
Vimercate	45.6139627	9.3700600	MB	Lombardia	20871
Vimodrone	45.5128319	9.2846717	MI	Lombardia	20090
Vinadio	44.3090250	7.1760250	CN	Piemonte	12010
Vinchiaturo	41.4929250	14.5907290	CB	Molise	86019
Vinchio	44.8073181	8.3173855	AT	Piemonte	14040
Vinci	43.7873966	10.9271055	FI	Toscana	50059
Vinovo	44.9483900	7.6339287	TO	Piemonte	10048
Vinzaglio	45.3229610	8.5191350	NO	Piemonte	28060
Viola	44.2907439	7.9664706	CN	Piemonte	12070
Vione	46.2484020	10.4471610	BS	Lombardia	25050
Vipiteno	46.8963235	11.4319398	BZ	Trentino-Alto Adige	39049
Virle Piemonte	44.8645410	7.5701230	TO	Piemonte	10060
Visano	45.3183780	10.3723760	BS	Lombardia	25010
Vische	45.3355889	7.9448175	TO	Piemonte	10030
Visciano	40.9254140	14.5828370	NA	Campania	80030
Visco	45.8921723	13.3468608	UD	Friuli-Venezia Giulia	33040
Visone	44.6618450	8.5007470	AL	Piemonte	15010
Visso	42.9312321	13.0874490	MC	Marche	62039
Vistarino	45.2107660	9.3082540	PV	Lombardia	27010
Vistrorio	45.4423436	7.7681449	TO	Piemonte	10080
Vita	37.8685749	12.8144792	TP	Sicilia	91010
Viterbo	42.4168441	12.1051148	VT	Lazio	01100
Viticuso	41.5243210	13.9711150	FR	Lazio	03040
Vito d'Asio	46.2278152	12.9383033	PN	Friuli-Venezia Giulia	33090
Vitorchiano	42.4654270	12.1724620	VT	Lazio	01030
Vittoria	36.9514957	14.5304867	RG	Sicilia	97019
Vittorio Veneto	45.9896648	12.2964361	TV	Veneto	31029
Vittorito	42.1270330	13.8167030	AQ	Abruzzo	67030
Vittuone	45.4879690	8.9524420	MI	Lombardia	20010
Vitulano	41.1739788	14.6456236	BN	Campania	82038
Vitulazio	41.1641160	14.2169250	CE	Campania	81041
Viù	45.2391603	7.3758398	TO	Piemonte	10070
Vivaro	46.0780021	12.7758459	PN	Friuli-Venezia Giulia	33099
Vivaro Romano	42.0998260	13.0066860	RM	Lazio	00020
Viverone	45.4255535	8.0512147	BI	Piemonte	13886
Vizzini	37.1610157	14.7484682	CT	Sicilia	95049
Vizzola Ticino	45.6255508	8.6854960	VA	Lombardia	21010
Vizzolo Predabissi	45.3563600	9.3497623	MI	Lombardia	20070
Vo'	45.3288991	11.6417347	PD	Veneto	35030
Vobarno	45.6436432	10.4994540	BS	Lombardia	25079
Vobbia	44.6012449	9.0386677	GE	Liguria	16010
Vocca	45.8325854	8.1946016	VC	Piemonte	13020
Vodo Cadore	46.4196220	12.2448990	BL	Veneto	32040
Voghera	44.9926704	9.0086667	PV	Lombardia	27058
Voghiera	44.7590740	11.7511320	FE	Emilia-Romagna	44019
Vogogna	46.0089760	8.2930170	VB	Piemonte	28805
Volano	45.9171787	11.0608033	TN	Trentino-Alto Adige	38060
Volla	40.8784110	14.3429320	NA	Campania	80040
Volongo	45.2122916	10.3018212	CR	Lombardia	26030
Volpago del Montello	45.7780578	12.1198150	TV	Veneto	31040
Volpara	44.9530362	9.2970972	PV	Lombardia	27047
Volpedo	44.8903753	8.9823003	AL	Piemonte	15059
Volpeglino	44.8924951	8.9600600	AL	Piemonte	15050
Volpiano	45.2014510	7.7782220	TO	Piemonte	10088
Volta Mantovana	45.3213025	10.6592238	MN	Lombardia	46049
Voltaggio	44.6203576	8.8426697	AL	Piemonte	15060
Voltago Agordino	46.2720160	12.0051960	BL	Veneto	32020
Volterra	43.4003370	10.8600190	PI	Toscana	56048
Voltido	45.1119730	10.3329790	CR	Lombardia	26030
Volturara Appula	41.4960290	15.0522390	FG	Puglia	71030
Volturara Irpina	40.8781044	14.9170846	AV	Campania	83050
Volturino	41.4772290	15.1242410	FG	Puglia	71030
Volvera	44.9564642	7.5110517	TO	Piemonte	10040
Vottignasco	44.5641340	7.5791290	CN	Piemonte	12020
Zaccanopoli	38.6647790	15.9297930	VV	Calabria	89867
Zafferana Etnea	37.6932846	15.1064599	CT	Sicilia	95019
Zagarise	38.9991900	16.6632050	CZ	Calabria	88050
Zagarolo	41.8383835	12.8310500	RM	Lazio	00039
Zambrone	38.6991800	15.9900940	VV	Calabria	89868
Zandobbio	45.6878820	9.8533580	BG	Lombardia	24060
Zanè	45.7201187	11.4608274	VI	Veneto	36010
Zanica	45.6394601	9.6841257	BG	Lombardia	24050
Zapponeta	41.4569644	15.9565315	FG	Puglia	71030
Zavattarello	44.8684762	9.2652299	PV	Lombardia	27059
Zeccone	45.2578688	9.2011444	PV	Lombardia	27010
Zeddiani	39.9899470	8.5953240	OR	Sardegna	09070
Zelbio	45.9045820	9.1805390	CO	Lombardia	22020
Zelo Buon Persico	45.4110598	9.4317571	LO	Lombardia	26839
Zeme	45.1973020	8.6659204	PV	Lombardia	27030
Zenevredo	45.0542620	9.3256580	PV	Lombardia	27049
Zenson di Piave	45.6789734	12.4920994	TV	Veneto	31050
Zerba	44.6661530	9.2871640	PC	Emilia-Romagna	29020
Zerbo	45.1104640	9.3960580	PV	Lombardia	27017
Zerbolò	45.2071663	9.0129546	PV	Lombardia	27020
Zerfaliu	39.9588438	8.7085548	OR	Sardegna	09070
Zeri	44.3537185	9.7632999	MS	Toscana	54029
Zermeghedo	45.4749910	11.3694960	VI	Veneto	36050
Zero Branco	45.6017010	12.1652120	TV	Veneto	31059
Zevio	45.3751312	11.1358815	VR	Veneto	37059
Ziano di Fiemme	46.2865173	11.5659762	TN	Trentino-Alto Adige	38030
Ziano Piacentino	45.0014620	9.4015600	PC	Emilia-Romagna	29010
Zibido San Giacomo	45.3611096	9.1097761	MI	Lombardia	20080
Zignago	44.2972458	9.7490640	SP	Liguria	19020
Zimella	45.3552467	11.3408952	VR	Veneto	37040
Zimone	45.4492600	8.0358082	BI	Piemonte	13887
Zinasco	45.1127986	9.0031762	PV	Lombardia	27030
Zoagli	44.3369774	9.2670256	GE	Liguria	16035
Zocca	44.3462404	10.9938171	MO	Emilia-Romagna	41059
Zogno	45.7937056	9.6662030	BG	Lombardia	24019
Zola Predosa	44.4896650	11.2183090	BO	Emilia-Romagna	40069
Zollino	40.2060060	18.2505893	LE	Puglia	73010
Zone	45.7634448	10.1158821	BS	Lombardia	25050
Zoppè di Cadore	46.3860814	12.1739405	BL	Veneto	32010
Zoppola	45.9811606	12.7867433	PN	Friuli-Venezia Giulia	33080
Zovencedo	45.4284910	11.5031990	VI	Veneto	36020
Zubiena	45.4927522	7.9977124	BI	Piemonte	13888
Zuccarello	44.1110290	8.1158490	SV	Liguria	17039
Zugliano	45.7336727	11.5214968	VI	Veneto	36030
Zuglio	46.4617955	13.0260402	UD	Friuli-Venezia Giulia	33020
Zumaglia	45.5938640	8.0894210	BI	Piemonte	13848
Zumpano	39.3108940	16.2920940	CS	Calabria	87040
Zungoli	41.1253220	15.2036480	AV	Campania	83030
Zungri	38.6556904	15.9832464	VV	Calabria	89867
